2026-06-08 00:47:36,Thai Speed Baccarat 2,telecho|telecho|B,1
2026-06-08 00:58:09,Turbo Baccarat,niconico|dragon|P,1
2026-06-08 01:01:26,Chinese Speed Baccarat 1,telecho|telecho|B,0
2026-06-08 01:16:41,Baccarat 3,telecho|telecho|B,1
2026-06-08 01:26:49,Japanese Speed Baccarat 3,niconico|dragon|P,0
2026-06-08 01:31:17,Speed Baccarat 5,niconico|dragon|P,0
2026-06-08 01:53:41,Thai Baccarat 1,telecho|telecho|B,0
2026-06-08 01:58:41,Speed Baccarat 5,telecho|telecho|B,1
2026-06-08 02:16:59,Korean Speed Baccarat 3,telecho|telecho|B,0
2026-06-08 02:24:04,Indonesian Speed Baccarat 2,telecho|telecho|B,1
2026-06-08 02:25:11,Speed Baccarat 12,telecho|telecho|B,1
2026-06-08 02:27:45,Speed Baccarat 5,telecho|telecho|B,1
2026-06-08 02:51:43,Fortune 6 Baccarat,telecho|niconico|P,0
2026-06-08 03:22:26,Baccarat 2,niconico|dragon|P,0
2026-06-08 03:38:55,Korean Baccarat 2,niconico|niconico|B,1
2026-06-08 03:39:26,Korean Baccarat 2,telecho|niconico|P,0
2026-06-08 03:39:38,Indonesian Speed Baccarat 1,telecho|niconico|P,1
2026-06-08 03:40:36,Speed Baccarat 6,niconico|dragon|P,0
2026-06-08 03:43:10,Speed Baccarat 9,niconico|dragon|P,0
2026-06-08 03:48:33,Speed Baccarat 1,niconico|niconico|B,1
2026-06-08 03:48:58,Speed Baccarat 1,telecho|niconico|P,1
2026-06-08 03:57:32,Chinese Speed Baccarat 1,telecho|telecho|B,0
2026-06-08 04:02:12,Korean Speed Baccarat 5,telecho|telecho|B,1
2026-06-08 04:03:53,Baccarat 5,telecho|telecho|B,1
2026-06-08 04:13:05,Indonesian Speed Baccarat 1,sansan|telecho|P,1
2026-06-08 04:16:42,Baccarat 1,telecho|telecho|B,0
2026-06-08 04:27:38,Speed Baccarat 11,niconico|dragon|P,0
2026-06-08 04:34:10,Speed Baccarat 3,niconico|dragon|P,0
2026-06-08 04:42:26,Chinese Speed Baccarat 2,telecho|niconico|P,0
2026-06-08 04:47:15,Baccarat 5,telecho|niconico|P,1
2026-06-08 04:47:48,Baccarat 5,telecho|niconico|P,1
2026-06-08 04:48:00,Vietnamese Speed Baccarat 2,telecho|telecho|B,1
2026-06-08 05:00:32,Vietnamese Speed Baccarat 2,telecho|niconico|P,0
2026-06-08 05:01:29,Korean Speed Baccarat 1,niconico|dragon|P,0
2026-06-08 05:15:40,Chinese Speed Baccarat 3,niconico|dragon|P,0
2026-06-08 05:28:12,Speed Baccarat 2,niconico|dragon|P,1
2026-06-08 05:30:20,Korean Baccarat 2,telecho|niconico|P,1
2026-06-08 05:30:43,Korean Turbo Baccarat 1,niconico|niconico|B,1
2026-06-08 05:31:26,Korean Baccarat 2,niconico|niconico|B,1
2026-06-08 05:31:55,Korean Baccarat 2,niconico|niconico|B,1
2026-06-08 05:34:26,Turbo Baccarat,niconico|niconico|B,0
2026-06-08 05:37:25,Baccarat 6,sansan|telecho|P,0
2026-06-08 05:40:04,Speed Baccarat 6,telecho|telecho|B,0
2026-06-08 05:54:45,Speed Baccarat 15,telecho|niconico|P,1
2026-06-08 06:03:15,Speed Baccarat 13,telecho|telecho|B,0
2026-06-08 06:03:16,Chinese Speed Baccarat 1,niconico|dragon|P,0
2026-06-08 06:03:34,Korean Speed Baccarat 5,telecho|telecho|B,0
2026-06-08 06:04:45,Chinese Speed Baccarat 1,telecho|telecho|B,0
2026-06-08 06:08:26,Speed Baccarat 8,telecho|telecho|B,0
2026-06-08 06:28:40,Speed Baccarat 8,telecho|telecho|B,1
2026-06-08 06:33:47,Japanese Speed Baccarat 3,telecho|niconico|P,1
2026-06-08 06:35:22,Speed Baccarat 9,niconico|dragon|P,0
2026-06-08 06:36:44,Vietnamese Speed Baccarat 1,telecho|telecho|B,1
2026-06-08 06:40:15,Speed Baccarat 11,telecho|niconico|P,1
2026-06-08 06:42:44,Turbo Baccarat,telecho|telecho|B,1
2026-06-08 06:54:46,Vietnamese Speed Baccarat 3,niconico|dragon|P,0
2026-06-08 07:03:52,Speed Baccarat 9,niconico|dragon|P,1
2026-06-08 07:17:26,Speed Baccarat 11,telecho|niconico|P,1
2026-06-08 07:22:07,Korean Speed Baccarat 3,telecho|niconico|P,0
2026-06-08 07:27:29,Vietnamese Speed Baccarat 3,telecho|niconico|P,1
2026-06-08 07:33:26,Japanese Speed Baccarat 3,telecho|telecho|B,0
2026-06-08 07:39:35,Speed Baccarat 1,niconico|dragon|P,1
2026-06-08 07:44:52,Baccarat 2,telecho|telecho|B,1
2026-06-08 07:52:50,Speed Baccarat 18,telecho|telecho|B,0
2026-06-08 08:00:13,Speed Baccarat 8,niconico|dragon|P,1
2026-06-08 08:08:08,Korean Speed Baccarat 5,telecho|telecho|B,1
2026-06-08 08:11:14,Speed Baccarat 3,telecho|telecho|B,0
2026-06-08 08:21:44,Fortune 6 Baccarat,telecho|telecho|B,0
2026-06-08 08:40:02,Speed Baccarat 1,niconico|dragon|P,0
2026-06-08 08:43:44,Baccarat 5,telecho|niconico|P,1
2026-06-08 09:02:46,MEGA BACCARAT,telecho|telecho|B,1
2026-06-08 09:03:37,Korean Baccarat 1,niconico|dragon|P,1
2026-06-08 09:10:01,Japanese Speed Baccarat 3,niconico|niconico|B,0
2026-06-08 09:17:29,Japanese Speed Baccarat 1,telecho|telecho|B,0
2026-06-08 09:41:57,MEGA BACCARAT,telecho|telecho|B,0
2026-06-08 10:05:53,Super 8 Baccarat,telecho|niconico|P,1
2026-06-08 10:08:28,Baccarat 3,niconico|dragon|P,1
2026-06-08 10:12:24,Japanese Speed Baccarat 3,telecho|telecho|B,1
2026-06-08 10:13:23,Korean Speed Baccarat 5,niconico|dragon|P,0
2026-06-08 10:16:59,Speed Baccarat 2,telecho|telecho|B,1
2026-06-08 10:18:15,Baccarat 1,niconico|dragon|P,0
2026-06-08 10:18:19,Chinese Speed Baccarat 3,telecho|niconico|P,1
2026-06-08 10:18:26,Chinese Speed Baccarat 2,niconico|niconico|B,1
2026-06-08 10:19:33,Turbo Baccarat,telecho|niconico|P,0
2026-06-08 10:20:39,Indonesian Speed Baccarat 1,telecho|telecho|B,0
2026-06-08 10:28:58,Baccarat 6,telecho|telecho|B,1
2026-06-08 10:32:23,Korean Speed Baccarat 1,niconico|dragon|P,1
2026-06-08 10:40:49,STAKE SPEED BACCARAT,niconico|dragon|P,1
2026-06-08 10:45:40,Korean Baccarat 2,telecho|telecho|B,0
2026-06-08 10:46:53,Speed Baccarat 18,telecho|telecho|B,1
2026-06-08 10:50:42,Thai Speed Baccarat 2,telecho|telecho|B,0
2026-06-08 10:52:11,Indonesian Speed Baccarat 1,telecho|telecho|B,0
2026-06-08 11:00:36,Indonesian Speed Baccarat 1,niconico|dragon|P,1
2026-06-08 11:01:30,Speed Baccarat 1,telecho|niconico|P,1
2026-06-08 11:14:01,Vietnamese Speed Baccarat 1,telecho|niconico|P,0
2026-06-08 11:15:39,Speed Baccarat 18,telecho|telecho|B,1
2026-06-08 11:16:23,Speed Baccarat 15,niconico|dragon|P,0
2026-06-08 11:16:30,Fortune 6 Baccarat,telecho|telecho|B,0
2026-06-08 11:16:34,Baccarat 3,telecho|niconico|P,1
2026-06-08 11:24:15,Thai Baccarat 1,telecho|niconico|P,1
2026-06-08 11:34:17,Super 8 Baccarat,telecho|niconico|P,1
2026-06-08 11:35:02,Speed Baccarat 9,telecho|telecho|B,1
2026-06-08 11:35:07,Korean Speed Baccarat 1,niconico|dragon|P,0
2026-06-08 11:40:43,Speed Baccarat 7,niconico|dragon|P,1
2026-06-08 11:44:11,Fortune 6 Baccarat,telecho|niconico|P,1
2026-06-08 11:44:37,Fortune 6 Baccarat,telecho|niconico|P,1
2026-06-08 11:45:52,Fortune 6 Baccarat,telecho|niconico|P,0
2026-06-08 11:47:51,Turbo Baccarat,telecho|telecho|B,0
2026-06-08 11:55:46,Thai Speed Baccarat 1,telecho|telecho|B,1
2026-06-08 11:57:44,Japanese Speed Baccarat 2,telecho|telecho|B,1
2026-06-08 12:04:48,Super 8 Baccarat,niconico|niconico|B,0
2026-06-08 12:06:20,Speed Baccarat 15,telecho|telecho|B,1
2026-06-08 12:10:19,Turbo Baccarat,telecho|niconico|P,0
2026-06-08 12:12:54,Vietnamese Speed Baccarat 1,niconico|dragon|P,0
2026-06-08 12:13:14,Chinese Speed Baccarat 1,telecho|telecho|B,1
2026-06-08 12:20:47,Speed Baccarat 13,niconico|dragon|P,0
2026-06-08 12:22:29,Indonesian Speed Baccarat 1,telecho|telecho|B,0
2026-06-08 12:25:19,Baccarat 5,sansan|telecho|P,0
2026-06-08 12:25:20,Chinese Speed Baccarat 2,niconico|niconico|B,0
2026-06-08 12:25:30,Thai Speed Baccarat 1,telecho|telecho|B,1
2026-06-08 12:30:07,Japanese Speed Baccarat 2,telecho|telecho|B,1
2026-06-08 12:30:46,Speed Baccarat 12,niconico|dragon|P,1
2026-06-08 12:33:57,Korean Speed Baccarat 2,niconico|dragon|P,1
2026-06-08 12:36:20,Speed Baccarat 15,telecho|telecho|B,0
2026-06-08 12:38:20,Chinese Speed Baccarat 3,telecho|telecho|B,0
2026-06-08 13:01:55,Super 8 Baccarat,telecho|telecho|B,1
2026-06-08 13:04:32,Korean Turbo Baccarat 1,telecho|niconico|P,0
2026-06-08 13:06:16,Baccarat 6,telecho|telecho|B,1
2026-06-08 13:10:10,MEGA BACCARAT,telecho|telecho|B,1
2026-06-08 13:10:34,Chinese Speed Baccarat 1,telecho|telecho|B,0
2026-06-08 13:19:56,Indonesian Speed Baccarat 1,telecho|niconico|P,1
2026-06-08 13:31:20,Speed Baccarat 11,telecho|telecho|B,0
2026-06-08 13:38:47,Speed Baccarat 17,niconico|dragon|P,1
2026-06-08 13:42:49,Vietnamese Speed Baccarat 1,telecho|telecho|B,1
2026-06-08 13:45:48,Speed Baccarat 3,telecho|telecho|B,1
2026-06-08 13:54:04,Vietnamese Speed Baccarat 3,telecho|telecho|B,1
2026-06-08 14:04:54,Baccarat 1,telecho|niconico|P,0
2026-06-08 14:05:35,Chinese Speed Baccarat 2,telecho|telecho|B,0
2026-06-08 14:13:39,Speed Baccarat 2,sansan|telecho|P,0
2026-06-08 14:14:21,Indonesian Speed Baccarat 1,niconico|dragon|P,1
2026-06-08 14:18:51,Vietnamese Speed Baccarat 2,telecho|telecho|B,1
2026-06-08 14:19:33,Chinese Speed Baccarat 1,telecho|niconico|P,0
2026-06-08 14:21:05,Korean Baccarat 1,telecho|telecho|B,0
2026-06-08 14:28:42,Speed Baccarat 11,telecho|niconico|P,0
2026-06-08 14:32:13,Japanese Speed Baccarat 2,telecho|niconico|P,1
2026-06-08 14:41:05,Chinese Speed Baccarat 1,telecho|telecho|B,0
2026-06-08 14:42:24,Korean Speed Baccarat 3,telecho|niconico|P,1
2026-06-08 14:45:00,Speed Baccarat 18,telecho|telecho|B,1
2026-06-08 14:48:55,Speed Baccarat 13,telecho|niconico|P,0
2026-06-08 15:02:07,Korean Baccarat 1,telecho|telecho|B,1
2026-06-08 15:06:34,Speed Baccarat 7,telecho|telecho|B,0
2026-06-08 15:15:43,Japanese Speed Baccarat 2,sansan|telecho|P,1
2026-06-08 15:30:42,MEGA BACCARAT,telecho|telecho|B,0
2026-06-08 15:31:57,Baccarat 7,telecho|telecho|B,1
2026-06-08 15:37:11,Korean Speed Baccarat 1,niconico|dragon|P,1
2026-06-08 15:37:28,Super 8 Baccarat,niconico|dragon|P,0
2026-06-08 15:40:17,Super 8 Baccarat,sansan|telecho|P,1
2026-06-08 15:42:21,Indonesian Speed Baccarat 1,niconico|niconico|B,1
2026-06-08 15:46:49,Speed Baccarat 15,telecho|niconico|P,0
2026-06-08 15:48:25,Chinese Speed Baccarat 1,telecho|telecho|B,1
2026-06-08 15:49:03,Korean Turbo Baccarat 1,telecho|telecho|B,0
2026-06-08 15:51:13,Korean Speed Baccarat 5,niconico|dragon|P,0
2026-06-08 15:59:45,Speed Baccarat 11,telecho|niconico|P,0
2026-06-08 16:00:47,Turbo Baccarat,telecho|niconico|P,0
2026-06-08 16:01:56,Japanese Speed Baccarat 1,niconico|niconico|B,0
2026-06-08 16:03:33,Super 8 Baccarat,telecho|telecho|B,1
2026-06-08 16:07:02,Speed Baccarat 15,telecho|telecho|B,1
2026-06-08 16:14:28,MEGA BACCARAT,niconico|dragon|P,1
2026-06-08 16:15:00,Korean Speed Baccarat 1,telecho|telecho|B,1
2026-06-08 16:20:08,Korean Speed Baccarat 1,telecho|telecho|B,1
2026-06-08 16:40:12,Baccarat 9,telecho|telecho|B,0
2026-06-08 16:44:47,Speed Baccarat 17,telecho|telecho|B,1
2026-06-08 16:47:18,Baccarat 3,telecho|niconico|P,0
2026-06-08 16:49:15,Fortune 6 Baccarat,telecho|telecho|B,1
2026-06-08 16:52:52,Japanese Speed Baccarat 2,telecho|telecho|B,0
2026-06-08 17:08:52,Speed Baccarat 17,telecho|telecho|B,0
2026-06-08 17:14:25,Vietnamese Speed Baccarat 1,telecho|telecho|B,1
2026-06-08 17:19:30,Vietnamese Speed Baccarat 2,telecho|telecho|B,0
2026-06-08 17:28:28,Thai Speed Baccarat 2,niconico|niconico|B,0
2026-06-08 17:29:01,Speed Baccarat 8,telecho|niconico|P,1
2026-06-08 17:32:51,MEGA BACCARAT,telecho|telecho|B,0
2026-06-08 17:43:13,Chinese Speed Baccarat 1,telecho|telecho|B,1
2026-06-08 17:50:35,Korean Speed Baccarat 5,telecho|telecho|B,1
2026-06-08 18:17:30,Super 8 Baccarat,telecho|telecho|B,1
2026-06-08 18:22:34,Fortune 6 Baccarat,telecho|telecho|B,1
2026-06-08 18:24:40,Thai Speed Baccarat 2,niconico|dragon|P,0
2026-06-08 19:06:14,Baccarat 9,telecho|telecho|B,0
2026-06-08 19:37:05,STAKE SPEED BACCARAT,telecho|telecho|B,1
2026-06-08 19:50:20,Korean Speed Baccarat 5,telecho|niconico|P,1
2026-06-08 19:56:32,Baccarat 5,niconico|dragon|P,0
2026-06-08 20:02:49,Indonesian Speed Baccarat 1,telecho|niconico|P,1
2026-06-08 20:03:14,Indonesian Speed Baccarat 1,telecho|niconico|P,1
2026-06-08 20:05:42,Speed Baccarat 7,telecho|telecho|B,1
2026-06-08 20:09:37,Turbo Baccarat,niconico|dragon|P,1
2026-06-08 20:16:39,Speed Baccarat 1,telecho|telecho|B,0
2026-06-08 20:23:36,Fortune 6 Baccarat,telecho|telecho|B,0
2026-06-08 20:25:48,Speed Baccarat 11,niconico|niconico|B,1
2026-06-08 20:30:28,Indonesian Speed Baccarat 1,telecho|telecho|B,0
2026-06-08 20:33:29,Turbo Baccarat,niconico|dragon|P,0
2026-06-08 20:35:04,STAKE SPEED BACCARAT,telecho|telecho|B,0
2026-06-08 20:59:45,Thai Speed Baccarat 2,niconico|dragon|P,1
2026-06-08 21:02:09,Vietnamese Speed Baccarat 3,telecho|niconico|P,1
2026-06-08 21:02:34,Vietnamese Speed Baccarat 3,telecho|niconico|P,1
2026-06-08 21:12:09,Korean Speed Baccarat 3,niconico|niconico|B,0
2026-06-08 21:24:05,Chinese Speed Baccarat 1,telecho|niconico|P,1
2026-06-08 21:30:01,Thai Speed Baccarat 1,telecho|telecho|B,0
2026-06-08 21:32:21,Thai Speed Baccarat 2,telecho|telecho|B,0
2026-06-08 21:45:17,Baccarat 3,telecho|telecho|B,1
2026-06-08 22:02:42,Speed Baccarat 9,telecho|niconico|P,0
2026-06-08 22:16:40,Korean Turbo Baccarat 1,telecho|niconico|P,0
2026-06-08 22:21:32,Speed Baccarat 13,telecho|telecho|B,0
2026-06-08 22:23:50,Turbo Baccarat,niconico|niconico|B,0
2026-06-08 22:27:15,Speed Baccarat 11,niconico|dragon|P,0
2026-06-08 22:39:18,Japanese Speed Baccarat 1,niconico|dragon|P,1
2026-06-08 22:39:27,Speed Baccarat 15,telecho|niconico|P,1
2026-06-08 22:44:22,Thai Baccarat 1,telecho|telecho|B,1
2026-06-08 22:45:46,Vietnamese Speed Baccarat 1,telecho|niconico|P,1
2026-06-08 22:49:08,Thai Speed Baccarat 2,telecho|telecho|B,0
2026-06-08 22:50:52,Japanese Speed Baccarat 2,niconico|dragon|P,0
2026-06-08 22:52:46,Korean Speed Baccarat 5,telecho|telecho|B,1
2026-06-08 22:57:11,Chinese Speed Baccarat 3,telecho|niconico|P,0
2026-06-08 22:57:53,Indonesian Speed Baccarat 2,telecho|telecho|B,1
2026-06-08 22:58:16,Korean Speed Baccarat 5,telecho|telecho|B,0
2026-06-08 23:03:08,Speed Baccarat 1,telecho|niconico|P,0
2026-06-08 23:06:05,Korean Turbo Baccarat 1,telecho|telecho|B,1
2026-06-08 23:06:38,Speed Baccarat 16,niconico|dragon|P,0
2026-06-08 23:10:59,Korean Speed Baccarat 2,telecho|telecho|B,0
2026-06-08 23:17:42,Speed Baccarat 7,telecho|niconico|P,0
2026-06-08 23:30:47,Speed Baccarat 9,telecho|telecho|B,1
2026-06-08 23:30:57,Speed Baccarat 16,telecho|telecho|B,0
2026-06-08 23:32:41,Turbo Baccarat,telecho|niconico|P,0
2026-06-08 23:38:18,Chinese Speed Baccarat 2,niconico|dragon|P,0
2026-06-08 23:44:01,STAKE SPEED BACCARAT,telecho|telecho|B,1
2026-06-08 23:45:16,Speed Baccarat 3,niconico|niconico|B,1
2026-06-08 23:50:24,Speed Baccarat 2,telecho|niconico|P,1
2026-06-08 23:58:29,Korean Speed Baccarat 5,sansan|telecho|P,0
2026-06-09 00:01:22,Korean Baccarat 1,niconico|dragon|P,1
2026-06-09 00:02:01,Thai Baccarat 1,telecho|telecho|B,1
2026-06-09 00:21:13,Korean Baccarat 2,telecho|telecho|B,1
2026-06-09 00:54:29,Thai Speed Baccarat 1,sansan|telecho|P,1
2026-06-09 00:57:48,Super 8 Baccarat,niconico|dragon|P,1
2026-06-09 01:05:51,Indonesian Speed Baccarat 1,telecho|niconico|P,1
2026-06-09 01:19:34,Thai Baccarat 1,niconico|niconico|B,0
2026-06-09 01:23:27,Speed Baccarat 11,telecho|telecho|B,0
2026-06-09 01:35:40,Baccarat 5,telecho|telecho|B,0
2026-06-09 01:41:21,Korean Speed Baccarat 2,sansan|telecho|P,1
2026-06-09 01:41:24,Vietnamese Speed Baccarat 1,telecho|telecho|B,1
2026-06-09 01:46:09,Korean Baccarat 2,telecho|telecho|B,0
2026-06-09 01:52:31,Korean Speed Baccarat 1,telecho|telecho|B,0
2026-06-09 02:00:51,MEGA BACCARAT,niconico|dragon|P,0
2026-06-09 02:05:44,Thai Baccarat 1,sansan|telecho|P,0
2026-06-09 02:07:13,Speed Baccarat 6,telecho|telecho|B,0
2026-06-09 02:21:41,Vietnamese Speed Baccarat 2,telecho|telecho|B,0
2026-06-09 02:26:51,Japanese Speed Baccarat 2,telecho|telecho|B,1
2026-06-09 02:39:26,Speed Baccarat 15,telecho|niconico|P,0
2026-06-09 02:50:00,Speed Baccarat 7,niconico|dragon|P,1
2026-06-09 02:57:32,Speed Baccarat 11,telecho|telecho|B,1
2026-06-09 03:08:47,Baccarat 3,telecho|niconico|P,1
2026-06-09 03:10:59,Turbo Baccarat,telecho|niconico|P,1
2026-06-09 03:11:21,Chinese Speed Baccarat 2,niconico|dragon|P,0
2026-06-09 03:23:32,Speed Baccarat 1,niconico|dragon|P,0
2026-06-09 03:23:56,Japanese Speed Baccarat 1,niconico|niconico|B,0
2026-06-09 03:33:51,Super 8 Baccarat,telecho|niconico|P,0
2026-06-09 03:40:51,Speed Baccarat 8,niconico|niconico|B,1
2026-06-09 03:41:15,Speed Baccarat 8,telecho|niconico|P,1
2026-06-09 03:43:21,Speed Baccarat 6,telecho|telecho|B,0
2026-06-09 03:47:15,Chinese Speed Baccarat 1,telecho|niconico|P,1
2026-06-09 03:47:57,Japanese Speed Baccarat 3,telecho|telecho|B,0
2026-06-09 03:50:41,Speed Baccarat 7,telecho|telecho|B,1
2026-06-09 03:55:42,STAKE SPEED BACCARAT,niconico|dragon|P,1
2026-06-09 03:55:44,Speed Baccarat 1,niconico|dragon|P,1
2026-06-09 03:57:16,Chinese Speed Baccarat 3,telecho|telecho|B,0
2026-06-09 04:12:31,Speed Baccarat 15,telecho|niconico|P,0
2026-06-09 04:16:02,Speed Baccarat 1,telecho|niconico|P,1
2026-06-09 04:16:25,Speed Baccarat 1,niconico|niconico|B,0
2026-06-09 04:22:35,Japanese Speed Baccarat 3,telecho|telecho|B,1
2026-06-09 04:24:10,Korean Speed Baccarat 2,niconico|dragon|P,0
2026-06-09 04:27:37,Speed Baccarat 11,niconico|dragon|P,0
2026-06-09 04:32:23,Super 8 Baccarat,telecho|telecho|B,1
2026-06-09 04:40:29,Speed Baccarat 6,niconico|dragon|P,0
2026-06-09 04:46:49,Korean Speed Baccarat 5,telecho|niconico|P,0
2026-06-09 04:48:26,Speed Baccarat 1,niconico|dragon|P,0
2026-06-09 05:07:57,Chinese Speed Baccarat 2,niconico|niconico|B,0
2026-06-09 05:09:01,Indonesian Speed Baccarat 1,telecho|niconico|P,1
2026-06-09 05:18:49,Vietnamese Speed Baccarat 1,telecho|telecho|B,1
2026-06-09 05:49:22,Korean Baccarat 2,telecho|telecho|B,0
2026-06-09 05:50:17,Korean Baccarat 1,telecho|telecho|B,1
2026-06-09 05:55:56,STAKE SPEED BACCARAT,niconico|dragon|P,0
2026-06-09 06:09:29,Thai Speed Baccarat 2,telecho|niconico|P,0
2026-06-09 06:20:15,Vietnamese Speed Baccarat 3,niconico|dragon|P,0
2026-06-09 06:21:04,Chinese Speed Baccarat 1,sansan|telecho|P,1
2026-06-09 06:27:12,Baccarat 3,niconico|dragon|P,1
2026-06-09 06:28:52,Turbo Baccarat,telecho|niconico|P,1
2026-06-09 06:32:07,Speed Baccarat 5,niconico|dragon|P,0
2026-06-09 06:35:17,Indonesian Speed Baccarat 1,niconico|dragon|P,0
2026-06-09 06:41:33,Korean Speed Baccarat 5,telecho|niconico|P,1
2026-06-09 06:42:11,Baccarat 6,telecho|telecho|B,1
2026-06-09 06:46:13,Speed Baccarat 1,telecho|niconico|P,0
2026-06-09 06:58:44,Speed Baccarat 6,telecho|telecho|B,0
2026-06-09 06:58:47,Speed Baccarat 5,telecho|telecho|B,1
2026-06-09 07:04:16,Speed Baccarat 5,telecho|telecho|B,1
2026-06-09 07:04:33,Baccarat 3,niconico|dragon|P,0
2026-06-09 07:13:20,Korean Turbo Baccarat 1,telecho|niconico|P,0
2026-06-09 07:13:54,Korean Baccarat 1,niconico|dragon|P,0
2026-06-09 07:23:29,Vietnamese Speed Baccarat 1,telecho|telecho|B,0
2026-06-09 07:32:33,Indonesian Speed Baccarat 2,niconico|dragon|P,0
2026-06-09 07:33:37,Korean Speed Baccarat 1,telecho|telecho|B,0
2026-06-09 07:41:58,Speed Baccarat 3,telecho|telecho|B,1
2026-06-09 07:57:18,Turbo Baccarat,telecho|telecho|B,1
2026-06-09 07:58:12,Baccarat 5,telecho|niconico|P,1
2026-06-09 07:59:50,Indonesian Speed Baccarat 1,telecho|niconico|P,0
2026-06-09 08:01:57,Speed Baccarat 6,telecho|telecho|B,0
2026-06-09 08:08:38,Speed Baccarat 12,niconico|dragon|P,1
2026-06-09 08:09:44,Chinese Speed Baccarat 3,niconico|dragon|P,0
2026-06-09 08:11:12,Indonesian Speed Baccarat 2,niconico|dragon|P,0
2026-06-09 08:23:53,Speed Baccarat 7,niconico|dragon|P,0
2026-06-09 08:25:59,Korean Speed Baccarat 2,telecho|telecho|B,1
2026-06-09 08:36:06,STAKE SPEED BACCARAT,telecho|telecho|B,1
2026-06-09 08:51:46,Speed Baccarat 3,sansan|telecho|P,0
2026-06-09 08:56:50,Japanese Speed Baccarat 3,niconico|dragon|P,0
2026-06-09 09:03:47,Speed Baccarat 6,telecho|telecho|B,1
2026-06-09 09:07:43,Speed Baccarat 15,telecho|telecho|B,0
2026-06-09 09:12:03,Super 8 Baccarat,sansan|telecho|P,1
2026-06-09 09:16:42,Speed Baccarat 12,telecho|telecho|B,0
2026-06-09 09:29:19,Vietnamese Speed Baccarat 2,niconico|niconico|B,1
2026-06-09 09:38:45,Japanese Speed Baccarat 2,telecho|telecho|B,1
2026-06-09 09:42:20,Speed Baccarat 3,telecho|niconico|P,1
2026-06-09 09:43:34,Korean Baccarat 1,niconico|dragon|P,1
2026-06-09 09:44:01,Vietnamese Speed Baccarat 3,telecho|telecho|B,1
2026-06-09 09:52:19,Baccarat 5,sansan|telecho|P,0
2026-06-09 09:56:24,Vietnamese Speed Baccarat 2,telecho|niconico|P,1
2026-06-09 09:57:41,Vietnamese Speed Baccarat 2,telecho|niconico|P,0
2026-06-09 09:59:50,Thai Speed Baccarat 1,telecho|telecho|B,0
2026-06-09 10:00:11,Korean Speed Baccarat 3,niconico|dragon|P,0
2026-06-09 10:02:31,Japanese Speed Baccarat 1,telecho|niconico|P,0
2026-06-09 10:07:41,Speed Baccarat 9,niconico|dragon|P,0
2026-06-09 10:07:50,Chinese Speed Baccarat 3,niconico|dragon|P,1
2026-06-09 10:33:29,Thai Speed Baccarat 1,telecho|telecho|B,1
2026-06-09 10:48:42,Super 8 Baccarat,niconico|dragon|P,1
2026-06-09 11:00:16,Speed Baccarat 18,niconico|dragon|P,1
2026-06-09 11:06:02,Speed Baccarat 1,telecho|niconico|P,1
2026-06-09 11:10:19,Chinese Speed Baccarat 3,telecho|telecho|B,0
2026-06-09 11:18:15,Turbo Baccarat,telecho|telecho|B,0
2026-06-09 11:30:05,Turbo Baccarat,telecho|telecho|B,0
2026-06-09 11:34:01,Korean Speed Baccarat 3,niconico|dragon|P,1
2026-06-09 11:34:32,Korean Speed Baccarat 3,niconico|dragon|P,1
2026-06-09 11:34:43,Speed Baccarat 9,telecho|telecho|B,1
2026-06-09 11:40:16,Korean Baccarat 1,telecho|niconico|P,0
2026-06-09 11:50:35,Speed Baccarat 1,niconico|dragon|P,1
2026-06-09 11:52:42,Speed Baccarat 5,niconico|niconico|B,1
2026-06-09 11:58:30,Thai Speed Baccarat 2,telecho|telecho|B,1
2026-06-09 11:58:54,Baccarat 1,telecho|telecho|B,0
2026-06-09 12:00:20,Korean Speed Baccarat 2,niconico|dragon|P,0
2026-06-09 12:26:25,Speed Baccarat 11,telecho|telecho|B,0
2026-06-09 12:27:25,Chinese Speed Baccarat 1,niconico|dragon|P,0
2026-06-09 12:31:42,Korean Speed Baccarat 3,telecho|telecho|B,1
2026-06-09 12:32:53,Chinese Speed Baccarat 2,telecho|telecho|B,1
2026-06-09 12:34:07,Korean Speed Baccarat 2,telecho|niconico|P,0
2026-06-09 12:36:39,Chinese Speed Baccarat 3,telecho|telecho|B,0
2026-06-09 12:36:57,Speed Baccarat 12,telecho|niconico|P,0
2026-06-09 12:56:19,Japanese Speed Baccarat 1,telecho|niconico|P,1
2026-06-09 13:00:14,Speed Baccarat 15,telecho|telecho|B,1
2026-06-09 13:07:40,Thai Baccarat 1,telecho|telecho|B,0
2026-06-09 13:15:37,Chinese Speed Baccarat 3,telecho|niconico|P,1
2026-06-09 13:30:15,Vietnamese Speed Baccarat 2,telecho|telecho|B,0
2026-06-09 13:41:38,Speed Baccarat 3,telecho|niconico|P,0
2026-06-09 13:53:08,Speed Baccarat 6,telecho|telecho|B,0
2026-06-09 13:53:18,MEGA BACCARAT,telecho|niconico|P,0
2026-06-09 13:54:41,Speed Baccarat 6,niconico|dragon|P,0
2026-06-09 13:57:24,Japanese Speed Baccarat 2,telecho|telecho|B,0
2026-06-09 14:04:13,Speed Baccarat 9,telecho|telecho|B,0
2026-06-09 14:06:50,Baccarat 2,telecho|telecho|B,1
2026-06-09 14:07:42,Korean Turbo Baccarat 1,niconico|dragon|P,1
2026-06-09 14:13:50,Super 8 Baccarat,telecho|telecho|B,1
2026-06-09 14:19:10,Korean Speed Baccarat 2,telecho|telecho|B,1
2026-06-09 14:24:03,Korean Speed Baccarat 2,telecho|telecho|B,1
2026-06-09 14:26:52,Speed Baccarat 18,telecho|telecho|B,1
2026-06-09 14:34:30,Japanese Speed Baccarat 1,telecho|telecho|B,0
2026-06-09 14:42:28,Baccarat 3,niconico|dragon|P,0
2026-06-09 14:47:10,Thai Baccarat 1,telecho|telecho|B,1
2026-06-09 14:55:02,Speed Baccarat 18,telecho|niconico|P,0
2026-06-09 14:58:08,Baccarat 7,sansan|telecho|P,1
2026-06-09 15:05:23,Speed Baccarat 9,niconico|niconico|B,1
2026-06-09 15:06:04,Super 8 Baccarat,telecho|telecho|B,0
2026-06-09 15:15:18,Baccarat 7,telecho|telecho|B,0
2026-06-09 15:39:08,Speed Baccarat 10,niconico|dragon|P,0
2026-06-09 15:50:47,Vietnamese Speed Baccarat 1,telecho|telecho|B,1
2026-06-09 15:51:34,Korean Baccarat 2,telecho|telecho|B,1
2026-06-09 15:54:48,Speed Baccarat 5,telecho|telecho|B,1
2026-06-09 16:01:56,Vietnamese Speed Baccarat 2,telecho|niconico|P,1
2026-06-09 16:02:21,Vietnamese Speed Baccarat 2,telecho|niconico|P,1
2026-06-09 16:02:33,Speed Baccarat 8,telecho|telecho|B,1
2026-06-09 16:06:42,MEGA BACCARAT,telecho|niconico|P,0
2026-06-09 16:08:02,Chinese Speed Baccarat 2,telecho|niconico|P,1
2026-06-09 16:12:01,Chinese Speed Baccarat 2,telecho|telecho|B,1
2026-06-09 16:30:48,Speed Baccarat 17,telecho|telecho|B,1
2026-06-09 16:35:38,Speed Baccarat 13,telecho|telecho|B,1
2026-06-09 16:48:12,Chinese Speed Baccarat 3,telecho|niconico|P,1
2026-06-09 16:49:20,Chinese Speed Baccarat 3,telecho|niconico|P,0
2026-06-09 16:53:43,Speed Baccarat 6,telecho|telecho|B,1
2026-06-09 16:53:46,Vietnamese Speed Baccarat 3,niconico|niconico|B,1
2026-06-09 17:04:26,Chinese Speed Baccarat 1,niconico|dragon|P,1
2026-06-09 17:05:52,Speed Baccarat 15,sansan|telecho|P,1
2026-06-09 17:12:14,Baccarat 2,telecho|telecho|B,0
2026-06-09 17:14:42,Baccarat 2,telecho|telecho|B,0
2026-06-09 17:18:36,Vietnamese Speed Baccarat 3,niconico|niconico|B,1
2026-06-09 17:21:29,Indonesian Speed Baccarat 2,niconico|dragon|P,1
2026-06-09 17:27:42,Korean Speed Baccarat 5,telecho|telecho|B,1
2026-06-09 17:32:49,Speed Baccarat 2,niconico|niconico|B,0
2026-06-09 17:34:14,Speed Baccarat 15,telecho|telecho|B,1
2026-06-09 17:39:23,Turbo Baccarat,telecho|telecho|B,0
2026-06-09 17:40:44,Speed Baccarat 12,telecho|niconico|P,0
2026-06-09 17:48:18,Vietnamese Speed Baccarat 3,niconico|niconico|B,1
2026-06-09 17:49:34,Vietnamese Speed Baccarat 3,telecho|niconico|P,0
2026-06-09 17:52:44,Baccarat 9,niconico|dragon|P,0
2026-06-09 17:55:50,Indonesian Speed Baccarat 2,telecho|telecho|B,0
2026-06-09 18:01:58,Baccarat 7,niconico|dragon|P,1
2026-06-09 18:05:35,Speed Baccarat 9,telecho|telecho|B,0
2026-06-09 18:09:35,Speed Baccarat 10,niconico|dragon|P,0
2026-06-09 18:17:49,Chinese Speed Baccarat 1,niconico|niconico|B,1
2026-06-09 18:24:12,Speed Baccarat 17,niconico|dragon|P,1
2026-06-09 18:31:36,Baccarat 2,telecho|telecho|B,0
2026-06-09 18:32:37,Speed Baccarat 15,niconico|dragon|P,0
2026-06-09 18:36:46,Vietnamese Speed Baccarat 2,telecho|telecho|B,0
2026-06-09 18:37:09,Thai Baccarat 1,telecho|telecho|B,0
2026-06-09 18:38:40,Speed Baccarat 8,telecho|telecho|B,1
2026-06-09 18:51:15,Speed Baccarat 7,niconico|dragon|P,0
2026-06-09 19:07:37,Speed Baccarat 10,niconico|dragon|P,1
2026-06-09 19:18:56,Korean Speed Baccarat 2,niconico|niconico|B,0
2026-06-09 19:20:55,Indonesian Speed Baccarat 2,telecho|telecho|B,0
2026-06-09 19:47:07,Baccarat 7,telecho|telecho|B,1
2026-06-09 19:47:27,Baccarat 9,telecho|telecho|B,1
2026-06-09 19:47:54,Thai Speed Baccarat 2,niconico|niconico|B,1
2026-06-09 19:56:46,Indonesian Speed Baccarat 1,telecho|niconico|P,0
2026-06-09 19:57:27,Chinese Speed Baccarat 2,niconico|dragon|P,0
2026-06-09 20:03:01,Speed Baccarat 8,telecho|telecho|B,1
2026-06-09 20:04:49,Speed Baccarat 9,telecho|niconico|P,0
2026-06-09 20:06:03,Super 8 Baccarat,niconico|dragon|P,1
2026-06-09 20:10:19,Korean Turbo Baccarat 1,niconico|dragon|P,0
2026-06-09 20:18:44,Vietnamese Speed Baccarat 1,telecho|telecho|B,1
2026-06-09 20:36:04,Speed Baccarat 15,niconico|dragon|P,1
2026-06-09 20:38:59,Thai Speed Baccarat 2,telecho|niconico|P,1
2026-06-09 20:50:24,Speed Baccarat 16,niconico|dragon|P,1
2026-06-09 21:09:53,Thai Speed Baccarat 1,sansan|telecho|P,1
2026-06-09 21:10:35,Speed Baccarat 8,niconico|dragon|P,1
2026-06-09 21:14:13,Speed Baccarat 16,telecho|telecho|B,1
2026-06-09 21:19:23,Speed Baccarat 17,telecho|telecho|B,1
2026-06-09 21:28:44,Super 8 Baccarat,telecho|telecho|B,1
2026-06-09 21:34:41,Speed Baccarat 15,niconico|dragon|P,1
2026-06-09 21:34:52,Speed Baccarat 8,telecho|niconico|P,1
2026-06-09 21:36:19,Korean Speed Baccarat 1,telecho|telecho|B,1
2026-06-09 21:42:20,Baccarat 6,telecho|telecho|B,1
2026-06-09 21:47:16,Baccarat 2,telecho|telecho|B,0
2026-06-09 21:53:02,Baccarat 1,niconico|dragon|P,0
2026-06-09 21:57:07,Korean Baccarat 1,telecho|telecho|B,0
2026-06-09 22:08:58,Korean Turbo Baccarat 1,telecho|niconico|P,1
2026-06-09 22:17:52,Vietnamese Speed Baccarat 3,telecho|telecho|B,1
2026-06-09 22:21:21,Korean Speed Baccarat 3,telecho|telecho|B,0
2026-06-09 22:21:42,Baccarat 6,telecho|telecho|B,1
2026-06-09 22:35:46,Korean Speed Baccarat 5,telecho|telecho|B,1
2026-06-09 22:55:12,Baccarat 2,telecho|telecho|B,0
2026-06-09 22:56:57,Speed Baccarat 13,niconico|dragon|P,1
2026-06-09 22:59:41,Speed Baccarat 15,telecho|niconico|P,1
2026-06-09 23:04:22,Speed Baccarat 7,telecho|telecho|B,0
2026-06-09 23:05:19,Turbo Baccarat,telecho|telecho|B,0
2026-06-09 23:13:59,Vietnamese Speed Baccarat 2,telecho|telecho|B,1
2026-06-09 23:14:21,Speed Baccarat 16,niconico|dragon|P,1
2026-06-09 23:18:51,Speed Baccarat 6,telecho|niconico|P,0
2026-06-09 23:28:33,Speed Baccarat 15,telecho|telecho|B,0
2026-06-09 23:30:48,Speed Baccarat 2,telecho|telecho|B,0
2026-06-09 23:31:55,Korean Turbo Baccarat 1,telecho|telecho|B,1
2026-06-09 23:32:07,Super 8 Baccarat,telecho|telecho|B,0
2026-06-09 23:53:40,Vietnamese Speed Baccarat 3,telecho|telecho|B,0
2026-06-09 23:57:22,Baccarat 1,niconico|dragon|P,1
2026-06-09 23:57:28,Speed Baccarat 15,telecho|niconico|P,0
2026-06-10 00:00:43,Korean Speed Baccarat 1,niconico|dragon|P,1
2026-06-10 00:02:06,Korean Turbo Baccarat 1,telecho|niconico|P,1
2026-06-10 00:03:55,Korean Turbo Baccarat 1,telecho|telecho|B,1
2026-06-10 00:11:16,Japanese Speed Baccarat 2,niconico|dragon|P,0
2026-06-10 00:12:21,Turbo Baccarat,niconico|dragon|P,1
2026-06-10 00:16:12,Baccarat 3,telecho|telecho|B,0
2026-06-10 00:22:32,Fortune 6 Baccarat,telecho|telecho|B,1
2026-06-10 00:29:56,Speed Baccarat 11,sansan|telecho|P,1
2026-06-10 00:30:20,Thai Speed Baccarat 1,niconico|dragon|P,0
2026-06-10 00:35:23,Speed Baccarat 3,niconico|dragon|P,0
2026-06-10 00:44:20,Speed Baccarat 12,telecho|telecho|B,0
2026-06-10 00:48:46,Fortune 6 Baccarat,telecho|niconico|P,1
2026-06-10 00:49:54,Vietnamese Speed Baccarat 3,telecho|telecho|B,1
2026-06-10 00:51:22,Speed Baccarat 13,telecho|telecho|B,0
2026-06-10 00:53:21,Chinese Speed Baccarat 1,sansan|telecho|P,0
2026-06-10 01:03:15,Thai Baccarat 1,niconico|dragon|P,0
2026-06-10 01:29:57,Korean Speed Baccarat 2,niconico|dragon|P,0
2026-06-10 01:39:48,Japanese Speed Baccarat 1,telecho|telecho|B,1
2026-06-10 01:54:10,Thai Speed Baccarat 1,telecho|niconico|P,1
2026-06-10 01:54:13,Speed Baccarat 15,telecho|niconico|P,1
2026-06-10 01:54:38,Speed Baccarat 5,telecho|niconico|P,1
2026-06-10 01:55:03,Speed Baccarat 5,telecho|niconico|P,1
2026-06-10 01:57:17,Vietnamese Speed Baccarat 2,telecho|niconico|P,0
2026-06-10 01:58:13,Speed Baccarat 11,telecho|telecho|B,1
2026-06-10 01:59:27,Speed Baccarat 7,telecho|telecho|B,0
2026-06-10 02:01:39,Japanese Speed Baccarat 2,telecho|telecho|B,0
2026-06-10 02:03:18,STAKE SPEED BACCARAT,telecho|niconico|P,1
2026-06-10 02:18:13,Speed Baccarat 9,telecho|niconico|P,1
2026-06-10 02:19:32,Speed Baccarat 8,sansan|telecho|P,1
2026-06-10 02:23:31,Speed Baccarat 5,telecho|telecho|B,0
2026-06-10 02:26:27,Speed Baccarat 18,niconico|dragon|P,1
2026-06-10 02:27:58,Turbo Baccarat,niconico|dragon|P,0
2026-06-10 02:31:21,STAKE SPEED BACCARAT,telecho|telecho|B,1
2026-06-10 02:36:27,Super 8 Baccarat,telecho|telecho|B,0
2026-06-10 02:40:06,Super 8 Baccarat,telecho|niconico|P,0
2026-06-10 02:44:14,Indonesian Speed Baccarat 2,telecho|telecho|B,0
2026-06-10 02:50:26,Speed Baccarat 6,telecho|telecho|B,1
2026-06-10 03:02:30,Chinese Speed Baccarat 3,telecho|niconico|P,0
2026-06-10 03:14:12,Speed Baccarat 12,niconico|niconico|B,0
2026-06-10 03:14:28,Japanese Speed Baccarat 3,telecho|niconico|P,1
2026-06-10 03:17:09,Speed Baccarat 16,sansan|telecho|P,0
2026-06-10 03:17:49,Speed Baccarat 13,telecho|niconico|P,1
2026-06-10 03:17:57,Fortune 6 Baccarat,telecho|telecho|B,0
2026-06-10 03:19:17,Indonesian Speed Baccarat 2,niconico|dragon|P,0
2026-06-10 03:21:15,Speed Baccarat 13,niconico|dragon|P,0
2026-06-10 03:21:20,Speed Baccarat 5,telecho|telecho|B,0
2026-06-10 03:23:51,Speed Baccarat 18,telecho|telecho|B,1
2026-06-10 03:24:38,Baccarat 2,sansan|telecho|P,1
2026-06-10 03:36:03,Korean Speed Baccarat 2,niconico|dragon|P,1
2026-06-10 03:40:25,Korean Speed Baccarat 5,niconico|dragon|P,1
2026-06-10 03:52:02,STAKE SPEED BACCARAT,niconico|dragon|P,1
2026-06-10 04:00:36,Turbo Baccarat,telecho|telecho|B,1
2026-06-10 04:02:42,Korean Speed Baccarat 1,telecho|telecho|B,1
2026-06-10 04:04:22,Korean Speed Baccarat 2,niconico|dragon|P,0
2026-06-10 04:22:54,Speed Baccarat 5,telecho|telecho|B,1
2026-06-10 04:33:32,Speed Baccarat 6,telecho|telecho|B,0
2026-06-10 04:42:30,Speed Baccarat 13,telecho|niconico|P,1
2026-06-10 04:53:47,Speed Baccarat 18,telecho|niconico|P,0
2026-06-10 05:03:44,Korean Baccarat 1,niconico|dragon|P,1
2026-06-10 05:21:35,Speed Baccarat 8,niconico|dragon|P,1
2026-06-10 05:21:48,Thai Speed Baccarat 1,niconico|dragon|P,0
2026-06-10 05:22:19,Chinese Speed Baccarat 1,telecho|telecho|B,1
2026-06-10 05:23:16,Vietnamese Speed Baccarat 1,sansan|telecho|P,1
2026-06-10 05:26:37,Speed Baccarat 11,niconico|dragon|P,1
2026-06-10 05:33:27,Turbo Baccarat,telecho|telecho|B,1
2026-06-10 05:36:33,Korean Speed Baccarat 3,sansan|telecho|P,1
2026-06-10 05:37:22,Thai Baccarat 1,telecho|telecho|B,0
2026-06-10 05:37:34,Japanese Speed Baccarat 1,telecho|telecho|B,1
2026-06-10 05:59:55,Speed Baccarat 1,niconico|niconico|B,0
2026-06-10 06:06:55,Korean Speed Baccarat 1,telecho|telecho|B,0
2026-06-10 06:42:40,Korean Speed Baccarat 1,telecho|telecho|B,1
2026-06-10 06:44:42,Korean Turbo Baccarat 1,niconico|niconico|B,1
2026-06-10 06:47:45,Chinese Speed Baccarat 1,telecho|niconico|P,1
2026-06-10 06:48:51,Chinese Speed Baccarat 1,niconico|dragon|P,1
2026-06-10 06:51:52,Thai Speed Baccarat 1,niconico|dragon|P,0
2026-06-10 06:54:06,Speed Baccarat 3,telecho|telecho|B,1
2026-06-10 07:04:12,Speed Baccarat 13,telecho|niconico|P,1
2026-06-10 07:17:20,Chinese Speed Baccarat 1,telecho|niconico|P,0
2026-06-10 07:29:08,Speed Baccarat 3,sansan|telecho|P,1
2026-06-10 07:42:57,Baccarat 6,telecho|telecho|B,0
2026-06-10 07:44:57,Thai Speed Baccarat 1,telecho|telecho|B,1
2026-06-10 07:45:50,Baccarat 2,telecho|telecho|B,1
2026-06-10 07:48:18,Korean Baccarat 2,niconico|dragon|P,0
2026-06-10 07:58:22,Baccarat 1,niconico|dragon|P,1
2026-06-10 07:58:59,Korean Speed Baccarat 5,telecho|telecho|B,0
2026-06-10 08:08:56,Speed Baccarat 12,telecho|telecho|B,1
2026-06-10 08:22:31,Chinese Speed Baccarat 1,niconico|dragon|P,1
2026-06-10 08:33:31,Speed Baccarat 13,telecho|telecho|B,1
2026-06-10 08:33:36,Speed Baccarat 3,niconico|dragon|P,0
2026-06-10 08:39:18,Speed Baccarat 8,telecho|telecho|B,1
2026-06-10 08:46:19,Speed Baccarat 12,telecho|telecho|B,0
2026-06-10 08:46:48,Speed Baccarat 11,telecho|niconico|P,0
2026-06-10 08:50:48,Speed Baccarat 18,niconico|niconico|B,0
2026-06-10 08:51:24,Speed Baccarat 11,telecho|telecho|B,1
2026-06-10 08:51:50,Speed Baccarat 11,sansan|telecho|P,0
2026-06-10 09:03:06,Korean Baccarat 1,niconico|dragon|P,1
2026-06-10 09:05:38,Speed Baccarat 3,niconico|niconico|B,1
2026-06-10 09:07:43,Vietnamese Speed Baccarat 3,telecho|telecho|B,1
2026-06-10 09:09:43,STAKE SPEED BACCARAT,niconico|niconico|B,0
2026-06-10 09:26:15,Vietnamese Speed Baccarat 1,telecho|niconico|P,0
2026-06-10 09:33:53,Speed Baccarat 3,niconico|dragon|P,0
2026-06-10 09:42:41,Speed Baccarat 6,telecho|telecho|B,1
2026-06-10 09:44:12,Baccarat 5,telecho|niconico|P,1
2026-06-10 09:46:14,Baccarat 5,telecho|niconico|P,1
2026-06-10 09:48:59,Fortune 6 Baccarat,telecho|telecho|B,1
2026-06-10 09:51:13,Chinese Speed Baccarat 1,telecho|telecho|B,1
2026-06-10 10:05:34,Japanese Speed Baccarat 3,niconico|dragon|P,1
2026-06-10 10:08:59,Turbo Baccarat,telecho|telecho|B,0
2026-06-10 10:19:25,Korean Turbo Baccarat 1,telecho|niconico|P,1
2026-06-10 10:21:08,Korean Baccarat 1,sansan|telecho|P,0
2026-06-10 10:43:18,Japanese Speed Baccarat 1,telecho|telecho|B,0
2026-06-10 10:45:40,Japanese Speed Baccarat 1,telecho|telecho|B,1
2026-06-10 10:46:45,Speed Baccarat 3,telecho|telecho|B,0
2026-06-10 10:49:20,Speed Baccarat 18,telecho|niconico|P,0
2026-06-10 10:57:29,Speed Baccarat 7,niconico|dragon|P,0
2026-06-10 10:57:34,Indonesian Speed Baccarat 1,telecho|niconico|P,1
2026-06-10 11:00:34,Baccarat 5,niconico|niconico|B,0
2026-06-10 11:04:20,Thai Speed Baccarat 1,telecho|telecho|B,1
2026-06-10 11:09:50,Japanese Speed Baccarat 2,niconico|dragon|P,0
2026-06-10 11:14:03,Fortune 6 Baccarat,telecho|telecho|B,1
2026-06-10 11:17:18,Indonesian Speed Baccarat 2,niconico|dragon|P,0
2026-06-10 11:29:44,Korean Turbo Baccarat 1,telecho|telecho|B,0
2026-06-10 11:46:17,Korean Speed Baccarat 3,telecho|telecho|B,0
2026-06-10 11:59:06,Korean Speed Baccarat 1,telecho|niconico|P,1
2026-06-10 12:16:59,Korean Speed Baccarat 5,telecho|telecho|B,0
2026-06-10 12:17:58,Baccarat 1,telecho|niconico|P,0
2026-06-10 12:29:57,Speed Baccarat 3,telecho|telecho|B,1
2026-06-10 12:36:31,Baccarat 3,niconico|niconico|B,0
2026-06-10 12:39:12,Chinese Speed Baccarat 2,telecho|telecho|B,0
2026-06-10 12:42:25,Thai Baccarat 1,telecho|telecho|B,1
2026-06-10 12:44:16,Super 8 Baccarat,telecho|niconico|P,1
2026-06-10 13:02:30,Speed Baccarat 2,telecho|telecho|B,1
2026-06-10 13:09:22,Baccarat 6,telecho|niconico|P,0
2026-06-10 13:19:23,Speed Baccarat 5,telecho|telecho|B,1
2026-06-10 13:23:04,Korean Speed Baccarat 5,telecho|telecho|B,0
2026-06-10 13:26:24,Speed Baccarat 9,niconico|dragon|P,1
2026-06-10 13:29:43,Speed Baccarat 13,telecho|telecho|B,0
2026-06-10 13:29:47,Turbo Baccarat,telecho|niconico|P,0
2026-06-10 13:30:54,Japanese Speed Baccarat 2,niconico|dragon|P,1
2026-06-10 13:34:34,Baccarat 9,telecho|niconico|P,0
2026-06-10 13:35:05,Speed Baccarat 13,telecho|telecho|B,0
2026-06-10 13:44:29,Thai Speed Baccarat 2,telecho|telecho|B,1
2026-06-10 13:46:13,Japanese Speed Baccarat 3,niconico|dragon|P,1
2026-06-10 13:47:01,Chinese Speed Baccarat 1,telecho|niconico|P,1
2026-06-10 13:49:40,Japanese Speed Baccarat 1,telecho|telecho|B,0
2026-06-10 13:51:24,Thai Speed Baccarat 2,telecho|niconico|P,1
2026-06-10 13:51:55,Chinese Speed Baccarat 1,telecho|niconico|P,1
2026-06-10 13:59:11,Speed Baccarat 3,niconico|dragon|P,1
2026-06-10 14:05:10,Chinese Speed Baccarat 1,telecho|telecho|B,1
2026-06-10 14:11:51,Chinese Speed Baccarat 2,telecho|telecho|B,1
2026-06-10 14:15:42,Fortune 6 Baccarat,telecho|telecho|B,1
2026-06-10 14:15:45,Super 8 Baccarat,niconico|dragon|P,0
2026-06-10 14:26:28,Baccarat 7,niconico|niconico|B,0
2026-06-10 14:26:58,Korean Speed Baccarat 3,telecho|niconico|P,0
2026-06-10 14:27:00,Baccarat 2,telecho|niconico|P,0
2026-06-10 14:28:54,Speed Baccarat 15,telecho|telecho|B,1
2026-06-10 14:30:00,Vietnamese Speed Baccarat 1,niconico|dragon|P,0
2026-06-10 14:47:08,Korean Baccarat 1,telecho|telecho|B,0
2026-06-10 14:47:33,Speed Baccarat 8,telecho|niconico|P,0
2026-06-10 15:10:22,Speed Baccarat 17,sansan|telecho|P,1
2026-06-10 15:18:50,STAKE SPEED BACCARAT,telecho|telecho|B,0
2026-06-10 15:19:24,Baccarat 5,niconico|dragon|P,1
2026-06-10 15:20:00,Chinese Speed Baccarat 1,niconico|niconico|B,0
2026-06-10 15:30:38,Baccarat 1,telecho|telecho|B,1
2026-06-10 15:40:52,Speed Baccarat 17,sansan|telecho|P,0
2026-06-10 15:43:02,Chinese Speed Baccarat 2,telecho|niconico|P,1
2026-06-10 15:43:26,Chinese Speed Baccarat 2,telecho|niconico|P,0
2026-06-10 15:44:42,Vietnamese Speed Baccarat 2,telecho|telecho|B,1
2026-06-10 15:44:53,Thai Speed Baccarat 2,telecho|niconico|P,1
2026-06-10 15:47:47,STAKE SPEED BACCARAT,telecho|telecho|B,0
2026-06-10 16:01:01,Korean Baccarat 1,telecho|telecho|B,0
2026-06-10 16:05:49,Vietnamese Speed Baccarat 3,telecho|telecho|B,1
2026-06-10 16:10:59,Turbo Baccarat,niconico|dragon|P,1
2026-06-10 16:18:47,Chinese Speed Baccarat 2,sansan|telecho|P,0
2026-06-10 16:18:53,Speed Baccarat 13,telecho|niconico|P,1
2026-06-10 16:19:37,Speed Baccarat 16,niconico|dragon|P,0
2026-06-10 16:25:12,Speed Baccarat 5,niconico|dragon|P,0
2026-06-10 16:35:47,Thai Speed Baccarat 1,telecho|telecho|B,1
2026-06-10 16:44:03,Speed Baccarat 17,telecho|niconico|P,1
2026-06-10 16:44:23,Speed Baccarat 17,niconico|niconico|B,0
2026-06-10 16:44:31,Korean Baccarat 1,niconico|dragon|P,1
2026-06-10 16:44:44,Chinese Speed Baccarat 3,niconico|dragon|P,1
2026-06-10 16:50:54,Vietnamese Speed Baccarat 2,niconico|dragon|P,0
2026-06-10 17:11:16,Speed Baccarat 1,niconico|dragon|P,0
2026-06-10 17:18:25,Korean Speed Baccarat 1,telecho|telecho|B,1
2026-06-10 17:18:44,Korean Speed Baccarat 5,niconico|dragon|P,1
2026-06-10 17:20:13,Korean Speed Baccarat 2,telecho|telecho|B,0
2026-06-10 17:20:39,Speed Baccarat 6,sansan|telecho|P,1
2026-06-10 17:25:53,Speed Baccarat 13,telecho|telecho|B,1
2026-06-10 17:26:21,Speed Baccarat 13,sansan|telecho|P,0
2026-06-10 17:34:44,Speed Baccarat 9,niconico|dragon|P,1
2026-06-10 17:35:23,Super 8 Baccarat,telecho|telecho|B,0
2026-06-10 17:37:10,Speed Baccarat 12,sansan|telecho|P,1
2026-06-10 17:37:29,Baccarat 2,niconico|dragon|P,0
2026-06-10 17:38:25,Korean Turbo Baccarat 1,telecho|telecho|B,0
2026-06-10 17:48:28,Vietnamese Speed Baccarat 2,telecho|niconico|P,1
2026-06-10 17:49:12,Vietnamese Speed Baccarat 2,telecho|niconico|P,1
2026-06-10 17:50:58,Korean Speed Baccarat 1,telecho|telecho|B,1
2026-06-10 17:52:03,Vietnamese Speed Baccarat 1,telecho|telecho|B,0
2026-06-10 18:04:00,Japanese Speed Baccarat 2,niconico|niconico|B,0
2026-06-10 18:07:15,Speed Baccarat 3,telecho|telecho|B,0
2026-06-10 18:13:05,STAKE SPEED BACCARAT,telecho|telecho|B,1
2026-06-10 18:15:20,Thai Speed Baccarat 2,niconico|dragon|P,1
2026-06-10 18:16:13,Baccarat 3,telecho|telecho|B,0
2026-06-10 18:21:05,Vietnamese Speed Baccarat 1,telecho|telecho|B,1
2026-06-10 18:21:13,Super 8 Baccarat,telecho|telecho|B,0
2026-06-10 18:23:10,Korean Turbo Baccarat 1,telecho|telecho|B,0
2026-06-10 18:28:18,Baccarat 6,niconico|dragon|P,1
2026-06-10 18:29:23,Thai Baccarat 1,telecho|telecho|B,1
2026-06-10 18:34:51,Baccarat 5,telecho|niconico|P,0
2026-06-10 18:35:32,Chinese Speed Baccarat 3,telecho|telecho|B,1
2026-06-10 18:53:18,Korean Speed Baccarat 3,telecho|telecho|B,1
2026-06-10 18:55:32,Turbo Baccarat,sansan|telecho|P,1
2026-06-10 18:59:22,Thai Speed Baccarat 1,telecho|niconico|P,1
2026-06-10 19:09:41,Korean Turbo Baccarat 1,telecho|niconico|P,1
2026-06-10 19:10:14,Korean Turbo Baccarat 1,niconico|niconico|B,1
2026-06-10 19:15:16,Speed Baccarat 10,telecho|telecho|B,0
2026-06-10 19:34:12,Speed Baccarat 8,telecho|telecho|B,1
2026-06-10 19:34:32,Japanese Speed Baccarat 2,niconico|niconico|B,0
2026-06-10 19:39:02,STAKE SPEED BACCARAT,telecho|telecho|B,0
2026-06-10 19:45:54,Speed Baccarat 2,telecho|niconico|P,0
2026-06-10 19:46:47,Speed Baccarat 10,telecho|telecho|B,1
2026-06-10 19:52:12,Vietnamese Speed Baccarat 3,telecho|niconico|P,1
2026-06-10 19:52:38,Vietnamese Speed Baccarat 3,telecho|niconico|P,1
2026-06-10 19:56:37,Thai Baccarat 1,telecho|telecho|B,1
2026-06-10 19:57:16,Turbo Baccarat,telecho|telecho|B,0
2026-06-10 19:59:13,Speed Baccarat 12,niconico|dragon|P,0
2026-06-10 20:14:24,Indonesian Speed Baccarat 1,telecho|niconico|P,0
2026-06-10 20:18:40,STAKE SPEED BACCARAT,telecho|telecho|B,0
2026-06-10 20:20:29,Baccarat 9,niconico|dragon|P,1
2026-06-10 20:20:43,Turbo Baccarat,niconico|niconico|B,1
2026-06-10 20:24:38,Indonesian Speed Baccarat 2,telecho|niconico|P,0
2026-06-10 20:32:20,Speed Baccarat 9,telecho|niconico|P,0
2026-06-10 20:33:22,Speed Baccarat 16,telecho|telecho|B,1
2026-06-10 20:41:55,Fortune 6 Baccarat,telecho|niconico|P,0
2026-06-10 20:47:13,Korean Baccarat 2,niconico|dragon|P,1
2026-06-10 20:48:19,Vietnamese Speed Baccarat 3,telecho|telecho|B,0
2026-06-10 20:54:54,Indonesian Speed Baccarat 2,telecho|niconico|P,0
2026-06-10 21:01:49,Speed Baccarat 17,niconico|dragon|P,0
2026-06-10 21:06:04,Turbo Baccarat,niconico|dragon|P,0
2026-06-10 21:09:56,STAKE SPEED BACCARAT,telecho|telecho|B,0
2026-06-10 21:17:54,Speed Baccarat 1,sansan|telecho|P,0
2026-06-10 21:20:44,Chinese Speed Baccarat 1,telecho|telecho|B,1
2026-06-10 21:25:31,Korean Speed Baccarat 3,sansan|telecho|P,1
2026-06-10 21:25:59,Japanese Speed Baccarat 1,telecho|telecho|B,0
2026-06-10 21:33:27,Turbo Baccarat,niconico|niconico|B,0
2026-06-10 21:35:10,Speed Baccarat 7,niconico|dragon|P,0
2026-06-10 21:46:01,Chinese Speed Baccarat 2,telecho|telecho|B,1
2026-06-10 21:48:12,Indonesian Speed Baccarat 1,niconico|dragon|P,0
2026-06-10 21:48:19,Vietnamese Speed Baccarat 2,telecho|telecho|B,1
2026-06-10 21:49:16,Korean Speed Baccarat 2,telecho|niconico|P,0
2026-06-10 21:56:44,Baccarat 5,telecho|telecho|B,1
2026-06-10 21:57:47,Vietnamese Speed Baccarat 3,niconico|dragon|P,1
2026-06-10 22:06:51,Speed Baccarat 7,telecho|telecho|B,0
2026-06-10 22:16:44,Baccarat 6,telecho|telecho|B,1
2026-06-10 22:22:40,Korean Speed Baccarat 1,telecho|telecho|B,1
2026-06-10 22:27:36,Korean Speed Baccarat 1,telecho|telecho|B,1
2026-06-10 22:30:22,Baccarat 6,telecho|telecho|B,0
2026-06-10 22:31:29,Thai Speed Baccarat 2,telecho|niconico|P,1
2026-06-10 22:34:21,Thai Speed Baccarat 2,telecho|telecho|B,0
2026-06-10 22:34:28,MEGA BACCARAT,telecho|telecho|B,0
2026-06-10 22:35:36,Korean Turbo Baccarat 1,niconico|dragon|P,1
2026-06-10 22:35:58,Chinese Speed Baccarat 2,niconico|dragon|P,0
2026-06-10 22:41:16,Fortune 6 Baccarat,telecho|telecho|B,0
2026-06-10 22:41:21,Baccarat 3,niconico|dragon|P,1
2026-06-10 22:48:30,Indonesian Speed Baccarat 2,telecho|telecho|B,0
2026-06-10 22:54:13,Speed Baccarat 12,niconico|dragon|P,0
2026-06-10 22:55:07,Korean Speed Baccarat 5,telecho|telecho|B,1
2026-06-10 23:21:12,Chinese Speed Baccarat 1,sansan|telecho|P,0
2026-06-10 23:29:00,Vietnamese Speed Baccarat 1,telecho|telecho|B,1
2026-06-10 23:45:31,Korean Speed Baccarat 2,telecho|telecho|B,1
2026-06-10 23:50:01,Chinese Speed Baccarat 2,niconico|niconico|B,1
2026-06-10 23:50:27,Chinese Speed Baccarat 2,niconico|niconico|B,1
2026-06-10 23:51:53,Vietnamese Speed Baccarat 3,telecho|telecho|B,1
2026-06-10 23:56:39,Korean Speed Baccarat 5,niconico|dragon|P,1
2026-06-11 00:00:12,Japanese Speed Baccarat 1,niconico|dragon|P,0
2026-06-11 00:05:14,Fortune 6 Baccarat,telecho|niconico|P,0
2026-06-11 00:10:22,Japanese Speed Baccarat 2,niconico|dragon|P,0
2026-06-11 00:17:42,Korean Speed Baccarat 3,niconico|niconico|B,1
2026-06-11 00:38:26,Baccarat 1,niconico|dragon|P,0
2026-06-11 00:39:19,Speed Baccarat 6,niconico|dragon|P,0
2026-06-11 00:44:12,Speed Baccarat 12,telecho|niconico|P,1
2026-06-11 00:47:59,Speed Baccarat 12,niconico|dragon|P,1
2026-06-11 00:50:49,Chinese Speed Baccarat 3,telecho|telecho|B,0
2026-06-11 00:58:50,Thai Speed Baccarat 1,niconico|niconico|B,1
2026-06-11 00:59:44,Super 8 Baccarat,telecho|telecho|B,0
2026-06-11 01:01:45,Speed Baccarat 13,telecho|telecho|B,0
2026-06-11 01:14:03,Speed Baccarat 2,niconico|dragon|P,0
2026-06-11 01:15:26,Speed Baccarat 12,niconico|niconico|B,1
2026-06-11 01:23:24,Korean Speed Baccarat 2,telecho|niconico|P,1
2026-06-11 01:31:19,Baccarat 2,niconico|dragon|P,1
2026-06-11 01:41:18,Korean Turbo Baccarat 1,telecho|niconico|P,0
2026-06-11 01:53:44,Korean Speed Baccarat 2,niconico|dragon|P,0
2026-06-11 01:58:48,Vietnamese Speed Baccarat 3,niconico|niconico|B,0
2026-06-11 02:12:54,Speed Baccarat 7,sansan|telecho|P,1
2026-06-11 02:18:47,Chinese Speed Baccarat 3,telecho|niconico|P,0
2026-06-11 02:25:05,Chinese Speed Baccarat 2,telecho|telecho|B,1
2026-06-11 02:25:30,Chinese Speed Baccarat 2,sansan|telecho|P,0
2026-06-11 02:25:45,Chinese Speed Baccarat 3,telecho|niconico|P,0
2026-06-11 02:28:42,Speed Baccarat 8,niconico|dragon|P,0
2026-06-11 02:49:26,Speed Baccarat 1,telecho|telecho|B,1
2026-06-11 02:59:07,Thai Speed Baccarat 2,niconico|dragon|P,1
2026-06-11 03:10:29,Speed Baccarat 12,telecho|niconico|P,1
2026-06-11 03:14:03,Japanese Speed Baccarat 3,telecho|telecho|B,0
2026-06-11 03:18:11,Baccarat 2,telecho|niconico|P,1
2026-06-11 03:19:50,Korean Turbo Baccarat 1,telecho|telecho|B,1
2026-06-11 03:21:22,Baccarat 5,sansan|telecho|P,1
2026-06-11 03:24:20,Thai Speed Baccarat 1,telecho|niconico|P,1
2026-06-11 03:24:27,Chinese Speed Baccarat 2,telecho|telecho|B,1
2026-06-11 03:24:44,Korean Speed Baccarat 1,niconico|dragon|P,0
2026-06-11 03:47:54,Chinese Speed Baccarat 3,telecho|telecho|B,1
2026-06-11 03:51:27,Chinese Speed Baccarat 2,telecho|telecho|B,1
2026-06-11 03:54:39,Korean Speed Baccarat 1,telecho|telecho|B,0
2026-06-11 03:57:28,Japanese Speed Baccarat 1,telecho|telecho|B,0
2026-06-11 04:12:25,STAKE SPEED BACCARAT,telecho|niconico|P,1
2026-06-11 04:25:11,Thai Speed Baccarat 1,niconico|dragon|P,1
2026-06-11 04:31:57,Speed Baccarat 3,niconico|dragon|P,0
2026-06-11 04:34:06,Baccarat 6,niconico|niconico|B,1
2026-06-11 04:34:39,Baccarat 6,telecho|niconico|P,1
2026-06-11 04:45:29,Japanese Speed Baccarat 2,niconico|niconico|B,0
2026-06-11 05:21:38,Chinese Speed Baccarat 2,telecho|telecho|B,1
2026-06-11 05:28:20,Speed Baccarat 5,telecho|niconico|P,1
2026-06-11 05:36:59,Speed Baccarat 12,telecho|telecho|B,1
2026-06-11 05:51:49,Korean Speed Baccarat 2,telecho|niconico|P,1
2026-06-11 06:02:12,Speed Baccarat 18,niconico|dragon|P,0
2026-06-11 06:02:25,Speed Baccarat 8,niconico|dragon|P,1
2026-06-11 06:03:59,Korean Baccarat 1,telecho|telecho|B,0
2026-06-11 06:15:51,Indonesian Speed Baccarat 2,niconico|dragon|P,1
2026-06-11 06:32:51,Korean Speed Baccarat 2,telecho|niconico|P,1
2026-06-11 06:45:50,Thai Speed Baccarat 1,niconico|dragon|P,0
2026-06-11 06:46:26,Vietnamese Speed Baccarat 1,niconico|dragon|P,1
2026-06-11 06:52:55,Baccarat 1,telecho|niconico|P,1
2026-06-11 06:54:39,Vietnamese Speed Baccarat 3,niconico|dragon|P,0
2026-06-11 07:00:05,Turbo Baccarat,telecho|telecho|B,1
2026-06-11 07:12:46,Speed Baccarat 2,telecho|telecho|B,1
2026-06-11 07:21:55,Korean Baccarat 1,telecho|niconico|P,0
2026-06-11 07:24:41,Chinese Speed Baccarat 2,niconico|dragon|P,1
2026-06-11 07:29:08,Vietnamese Speed Baccarat 1,telecho|telecho|B,1
2026-06-11 07:37:49,Speed Baccarat 2,niconico|dragon|P,1
2026-06-11 07:40:48,Baccarat 3,telecho|telecho|B,1
2026-06-11 07:52:18,Speed Baccarat 13,sansan|telecho|P,0
2026-06-11 07:55:11,Speed Baccarat 5,telecho|niconico|P,1
2026-06-11 07:56:13,Speed Baccarat 7,niconico|dragon|P,0
2026-06-11 08:06:56,Speed Baccarat 6,niconico|dragon|P,1
2026-06-11 08:19:21,Korean Speed Baccarat 5,telecho|telecho|B,1
2026-06-11 08:20:43,STAKE SPEED BACCARAT,telecho|telecho|B,1
2026-06-11 08:26:04,Chinese Speed Baccarat 1,telecho|telecho|B,1
2026-06-11 08:32:45,Speed Baccarat 12,telecho|telecho|B,0
2026-06-11 08:35:52,Speed Baccarat 5,telecho|telecho|B,1
2026-06-11 08:38:41,Korean Baccarat 1,niconico|dragon|P,0
2026-06-11 08:43:01,Indonesian Speed Baccarat 2,telecho|niconico|P,0
2026-06-11 08:43:04,Speed Baccarat 1,niconico|dragon|P,0
2026-06-11 08:45:37,Indonesian Speed Baccarat 2,niconico|dragon|P,0
2026-06-11 08:47:27,Speed Baccarat 13,niconico|dragon|P,1
2026-06-11 08:52:04,Korean Turbo Baccarat 1,telecho|telecho|B,1
2026-06-11 08:52:44,Baccarat 5,telecho|niconico|P,1
2026-06-11 09:04:09,Speed Baccarat 6,telecho|telecho|B,1
2026-06-11 09:11:48,Speed Baccarat 1,telecho|telecho|B,1
2026-06-11 09:26:20,Speed Baccarat 7,telecho|telecho|B,0
2026-06-11 09:30:40,Chinese Speed Baccarat 2,telecho|telecho|B,0
2026-06-11 09:36:54,Japanese Speed Baccarat 2,telecho|telecho|B,0
2026-06-11 09:57:05,Speed Baccarat 7,telecho|telecho|B,1
2026-06-11 10:06:13,Super 8 Baccarat,telecho|telecho|B,1
2026-06-11 10:06:43,Korean Baccarat 2,telecho|niconico|P,1
2026-06-11 10:09:41,Korean Baccarat 2,telecho|telecho|B,1
2026-06-11 10:16:54,Thai Baccarat 1,telecho|telecho|B,0
2026-06-11 10:19:05,Indonesian Speed Baccarat 2,niconico|dragon|P,0
2026-06-11 10:20:06,Baccarat 6,telecho|telecho|B,1
2026-06-11 10:24:15,Speed Baccarat 5,niconico|niconico|B,0
2026-06-11 10:27:38,Indonesian Speed Baccarat 1,telecho|telecho|B,1
2026-06-11 10:38:20,Speed Baccarat 8,telecho|telecho|B,1
2026-06-11 10:43:16,Speed Baccarat 11,telecho|telecho|B,1
2026-06-11 10:43:42,MEGA BACCARAT,niconico|niconico|B,1
2026-06-11 10:48:53,Turbo Baccarat,niconico|dragon|P,1
2026-06-11 10:49:12,Turbo Baccarat,niconico|dragon|P,0
2026-06-11 10:52:47,Speed Baccarat 5,telecho|telecho|B,0
2026-06-11 11:01:25,Speed Baccarat 3,telecho|telecho|B,1
2026-06-11 11:15:58,Speed Baccarat 13,telecho|telecho|B,1
2026-06-11 11:25:15,Vietnamese Speed Baccarat 3,niconico|dragon|P,1
2026-06-11 11:27:13,Vietnamese Speed Baccarat 3,telecho|telecho|B,1
2026-06-11 11:38:19,Baccarat 6,telecho|telecho|B,1
2026-06-11 11:38:32,Japanese Speed Baccarat 2,telecho|niconico|P,1
2026-06-11 12:11:01,Speed Baccarat 11,niconico|dragon|P,1
2026-06-11 12:20:25,Korean Speed Baccarat 3,telecho|niconico|P,0
2026-06-11 12:25:54,Japanese Speed Baccarat 1,telecho|telecho|B,1
2026-06-11 12:40:06,Speed Baccarat 8,telecho|telecho|B,1
2026-06-11 12:43:13,Chinese Speed Baccarat 2,niconico|dragon|P,1
2026-06-11 12:43:40,Super 8 Baccarat,niconico|dragon|P,1
2026-06-11 12:56:19,Thai Speed Baccarat 1,niconico|dragon|P,0
2026-06-11 12:57:06,Chinese Speed Baccarat 3,telecho|telecho|B,1
2026-06-11 13:01:01,Vietnamese Speed Baccarat 3,niconico|dragon|P,1
2026-06-11 13:06:12,Fortune 6 Baccarat,telecho|niconico|P,1
2026-06-11 13:11:35,Chinese Speed Baccarat 2,niconico|dragon|P,1
2026-06-11 13:12:32,Speed Baccarat 8,sansan|telecho|P,1
2026-06-11 13:25:04,Thai Speed Baccarat 1,niconico|dragon|P,0
2026-06-11 13:45:20,Japanese Speed Baccarat 3,niconico|dragon|P,0
2026-06-11 13:49:17,Vietnamese Speed Baccarat 2,niconico|niconico|B,0
2026-06-11 13:53:51,Chinese Speed Baccarat 2,niconico|dragon|P,1
2026-06-11 13:54:01,Super 8 Baccarat,telecho|niconico|P,1
2026-06-11 13:54:38,Speed Baccarat 12,telecho|telecho|B,0
2026-06-11 14:01:14,Speed Baccarat 7,telecho|telecho|B,0
2026-06-11 14:05:13,Speed Baccarat 1,telecho|niconico|P,1
2026-06-11 14:08:42,Chinese Speed Baccarat 2,telecho|telecho|B,0
2026-06-11 14:13:27,Korean Speed Baccarat 2,telecho|telecho|B,0
2026-06-11 14:22:45,Speed Baccarat 9,telecho|telecho|B,0
2026-06-11 14:29:39,Speed Baccarat 6,telecho|telecho|B,0
2026-06-11 14:30:08,Korean Turbo Baccarat 1,telecho|niconico|P,1
2026-06-11 14:31:35,Vietnamese Speed Baccarat 3,sansan|telecho|P,1
2026-06-11 14:51:15,Speed Baccarat 13,telecho|telecho|B,1
2026-06-11 14:51:50,Korean Speed Baccarat 2,sansan|telecho|P,1
2026-06-11 14:56:50,Speed Baccarat 13,telecho|telecho|B,0
2026-06-11 15:15:07,Baccarat 1,telecho|telecho|B,1
2026-06-11 15:15:12,Speed Baccarat 2,telecho|telecho|B,1
2026-06-11 15:21:38,Speed Baccarat 8,telecho|telecho|B,1
2026-06-11 15:22:24,Thai Speed Baccarat 2,telecho|niconico|P,1
2026-06-11 15:30:45,Baccarat 9,telecho|niconico|P,0
2026-06-11 15:47:37,Chinese Speed Baccarat 3,niconico|dragon|P,0
2026-06-11 15:53:33,Thai Speed Baccarat 2,telecho|niconico|P,1
2026-06-11 16:06:48,Baccarat 9,niconico|dragon|P,0
2026-06-11 16:09:13,Baccarat 9,sansan|telecho|P,0
2026-06-11 16:14:50,Japanese Speed Baccarat 3,telecho|telecho|B,1
2026-06-11 16:17:04,Speed Baccarat 13,telecho|telecho|B,1
2026-06-11 16:17:44,Speed Baccarat 11,telecho|niconico|P,1
2026-06-11 16:27:36,Chinese Speed Baccarat 3,telecho|niconico|P,0
2026-06-11 16:28:29,Chinese Speed Baccarat 2,telecho|telecho|B,0
2026-06-11 16:42:33,Turbo Baccarat,niconico|dragon|P,0
2026-06-11 16:46:21,Speed Baccarat 9,sansan|telecho|P,1
2026-06-11 16:47:07,Korean Speed Baccarat 5,telecho|telecho|B,1
2026-06-11 16:48:02,Baccarat 9,niconico|dragon|P,0
2026-06-11 16:48:23,Baccarat 2,telecho|telecho|B,1
2026-06-11 16:48:32,Vietnamese Speed Baccarat 1,telecho|telecho|B,1
2026-06-11 16:49:23,Thai Baccarat 1,telecho|telecho|B,0
2026-06-11 16:50:19,Japanese Speed Baccarat 2,sansan|telecho|P,0
2026-06-11 16:53:06,Vietnamese Speed Baccarat 1,niconico|dragon|P,1
2026-06-11 16:57:33,Chinese Speed Baccarat 1,niconico|dragon|P,1
2026-06-11 17:08:55,Korean Baccarat 1,telecho|telecho|B,1
2026-06-11 17:30:22,Speed Baccarat 16,niconico|dragon|P,0
2026-06-11 17:31:42,Vietnamese Speed Baccarat 3,telecho|telecho|B,0
2026-06-11 17:33:49,Speed Baccarat 10,telecho|telecho|B,1
2026-06-11 17:37:57,Speed Baccarat 3,niconico|dragon|P,1
2026-06-11 17:40:14,Baccarat 3,niconico|niconico|B,1
2026-06-11 17:43:10,Korean Turbo Baccarat 1,telecho|niconico|P,0
2026-06-11 17:47:39,Turbo Baccarat,telecho|telecho|B,0
2026-06-11 18:02:41,Fortune 6 Baccarat,telecho|telecho|B,0
2026-06-11 18:09:27,Speed Baccarat 7,niconico|dragon|P,1
2026-06-11 18:21:39,Thai Speed Baccarat 1,telecho|telecho|B,1
2026-06-11 18:22:05,Japanese Speed Baccarat 2,telecho|niconico|P,0
2026-06-11 18:23:39,Indonesian Speed Baccarat 1,telecho|telecho|B,1
2026-06-11 18:25:36,Indonesian Speed Baccarat 1,sansan|telecho|P,1
2026-06-11 18:28:39,Baccarat 7,sansan|telecho|P,0
2026-06-11 18:38:34,Chinese Speed Baccarat 2,telecho|telecho|B,1
2026-06-11 18:44:52,Baccarat 2,niconico|dragon|P,1
2026-06-11 18:45:55,Chinese Speed Baccarat 3,telecho|telecho|B,0
2026-06-11 18:51:20,Speed Baccarat 6,sansan|telecho|P,1
2026-06-11 18:54:21,Japanese Speed Baccarat 3,telecho|telecho|B,0
2026-06-11 19:01:02,Speed Baccarat 15,telecho|telecho|B,0
2026-06-11 19:01:18,Korean Baccarat 1,niconico|dragon|P,0
2026-06-11 19:11:03,Chinese Speed Baccarat 2,telecho|telecho|B,0
2026-06-11 19:18:18,Speed Baccarat 9,niconico|dragon|P,1
2026-06-11 19:21:45,Thai Speed Baccarat 1,sansan|telecho|P,1
2026-06-11 19:22:30,Baccarat 2,telecho|telecho|B,1
2026-06-11 19:24:13,Japanese Speed Baccarat 2,telecho|telecho|B,0
2026-06-11 19:24:53,Chinese Speed Baccarat 1,telecho|telecho|B,1
2026-06-11 19:40:39,Baccarat 1,niconico|dragon|P,0
2026-06-11 19:46:41,Korean Speed Baccarat 2,telecho|niconico|P,1
2026-06-11 19:47:32,Indonesian Speed Baccarat 1,niconico|dragon|P,0
2026-06-11 20:02:20,Japanese Speed Baccarat 1,telecho|telecho|B,0
2026-06-11 20:03:56,Indonesian Speed Baccarat 2,niconico|dragon|P,1
2026-06-11 20:05:33,Korean Turbo Baccarat 1,niconico|dragon|P,0
2026-06-11 20:14:50,Chinese Speed Baccarat 3,telecho|telecho|B,1
2026-06-11 20:42:14,Baccarat 9,telecho|niconico|P,0
2026-06-11 20:44:43,Vietnamese Speed Baccarat 3,niconico|niconico|B,0
2026-06-11 20:48:46,Speed Baccarat 13,niconico|dragon|P,0
2026-06-11 20:52:22,Speed Baccarat 7,telecho|telecho|B,0
2026-06-11 21:07:00,Speed Baccarat 2,telecho|telecho|B,1
2026-06-11 21:09:17,Speed Baccarat 6,telecho|telecho|B,1
2026-06-11 21:20:37,Speed Baccarat 9,telecho|telecho|B,1
2026-06-11 21:29:10,MEGA BACCARAT,telecho|telecho|B,1
2026-06-11 21:29:21,Korean Speed Baccarat 1,telecho|telecho|B,1
2026-06-11 21:33:41,Vietnamese Speed Baccarat 1,niconico|dragon|P,1
2026-06-11 21:34:42,Korean Speed Baccarat 3,niconico|dragon|P,1
2026-06-11 21:41:00,Speed Baccarat 2,telecho|niconico|P,0
2026-06-11 21:57:26,Vietnamese Speed Baccarat 2,telecho|niconico|P,1
2026-06-11 21:59:01,Speed Baccarat 8,niconico|niconico|B,0
2026-06-11 21:59:26,Fortune 6 Baccarat,niconico|dragon|P,1
2026-06-11 22:05:28,STAKE SPEED BACCARAT,telecho|telecho|B,1
2026-06-11 22:06:02,Korean Baccarat 1,telecho|telecho|B,0
2026-06-11 22:11:50,STAKE SPEED BACCARAT,telecho|telecho|B,1
2026-06-11 22:13:22,Korean Baccarat 1,sansan|telecho|P,1
2026-06-11 22:17:09,Japanese Speed Baccarat 1,niconico|dragon|P,0
2026-06-11 22:24:09,Speed Baccarat 8,sansan|telecho|P,1
2026-06-11 22:25:28,Speed Baccarat 8,sansan|telecho|P,1
2026-06-11 22:32:47,Vietnamese Speed Baccarat 1,telecho|niconico|P,1
2026-06-11 22:34:13,Korean Speed Baccarat 2,niconico|niconico|B,1
2026-06-11 22:37:42,Thai Baccarat 1,telecho|niconico|P,1
2026-06-11 22:46:05,Baccarat 1,niconico|dragon|P,0
2026-06-11 22:51:53,Speed Baccarat 18,niconico|dragon|P,0
2026-06-11 23:07:17,Speed Baccarat 6,niconico|dragon|P,0
2026-06-11 23:25:27,Korean Baccarat 1,niconico|dragon|P,0
2026-06-11 23:26:09,Speed Baccarat 9,niconico|dragon|P,1
2026-06-11 23:29:45,Vietnamese Speed Baccarat 1,telecho|telecho|B,0
2026-06-11 23:31:28,Indonesian Speed Baccarat 2,sansan|telecho|P,1
2026-06-11 23:37:33,Speed Baccarat 11,telecho|telecho|B,1
2026-06-11 23:56:36,Speed Baccarat 1,telecho|niconico|P,1
2026-06-12 00:05:14,Korean Turbo Baccarat 1,telecho|telecho|B,1
2026-06-12 00:14:20,Super 8 Baccarat,niconico|dragon|P,1
2026-06-12 00:22:39,Korean Speed Baccarat 2,telecho|telecho|B,1
2026-06-12 00:29:06,Indonesian Speed Baccarat 2,niconico|dragon|P,0
2026-06-12 00:31:50,Vietnamese Speed Baccarat 1,niconico|dragon|P,0
2026-06-12 00:35:15,Speed Baccarat 6,telecho|telecho|B,1
2026-06-12 00:38:37,Speed Baccarat 13,telecho|telecho|B,1
2026-06-12 00:40:48,Thai Speed Baccarat 1,niconico|niconico|B,1
2026-06-12 00:42:13,Chinese Speed Baccarat 2,telecho|telecho|B,1
2026-06-12 01:00:45,Japanese Speed Baccarat 3,telecho|niconico|P,0
2026-06-12 01:04:53,Japanese Speed Baccarat 3,telecho|telecho|B,1
2026-06-12 01:07:38,Japanese Speed Baccarat 2,telecho|telecho|B,0
2026-06-12 01:15:06,Chinese Speed Baccarat 3,telecho|telecho|B,1
2026-06-12 01:21:02,Baccarat 6,telecho|niconico|P,1
2026-06-12 01:26:47,Korean Baccarat 1,telecho|telecho|B,0
2026-06-12 01:35:35,Speed Baccarat 6,telecho|telecho|B,0
2026-06-12 01:36:19,Thai Speed Baccarat 2,telecho|niconico|P,0
2026-06-12 01:36:44,Baccarat 2,sansan|telecho|P,1
2026-06-12 01:38:42,Japanese Speed Baccarat 3,niconico|niconico|B,0
2026-06-12 01:40:16,Speed Baccarat 6,telecho|niconico|P,1
2026-06-12 01:47:55,Speed Baccarat 6,telecho|telecho|B,0
2026-06-12 01:58:40,Fortune 6 Baccarat,telecho|telecho|B,0
2026-06-12 02:03:16,Speed Baccarat 6,telecho|telecho|B,0
2026-06-12 02:13:42,Super 8 Baccarat,telecho|telecho|B,0
2026-06-12 02:18:40,Korean Speed Baccarat 1,telecho|telecho|B,1
2026-06-12 02:23:56,Thai Baccarat 1,telecho|niconico|P,0
2026-06-12 02:24:48,Korean Speed Baccarat 3,telecho|niconico|P,0
2026-06-12 02:33:47,Indonesian Speed Baccarat 2,telecho|niconico|P,0
2026-06-12 02:49:31,Indonesian Speed Baccarat 1,telecho|telecho|B,0
2026-06-12 02:50:55,Baccarat 6,niconico|dragon|P,0
2026-06-12 03:04:43,Vietnamese Speed Baccarat 2,telecho|telecho|B,0
2026-06-12 03:09:18,Korean Baccarat 2,telecho|niconico|P,0
2026-06-12 03:10:19,Japanese Speed Baccarat 2,telecho|niconico|P,1
2026-06-12 03:11:35,Korean Baccarat 1,telecho|telecho|B,0
2026-06-12 03:19:28,Turbo Baccarat,telecho|telecho|B,0
2026-06-12 03:22:31,Japanese Speed Baccarat 3,telecho|telecho|B,0
2026-06-12 03:24:08,Korean Speed Baccarat 3,telecho|telecho|B,1
2026-06-12 03:25:36,Korean Turbo Baccarat 1,telecho|telecho|B,0
2026-06-12 03:28:56,Vietnamese Speed Baccarat 2,telecho|telecho|B,1
2026-06-12 03:45:12,Indonesian Speed Baccarat 1,sansan|telecho|P,1
2026-06-12 03:47:47,Speed Baccarat 18,niconico|dragon|P,0
2026-06-12 03:57:55,Indonesian Speed Baccarat 2,telecho|telecho|B,1
2026-06-12 04:01:40,Vietnamese Speed Baccarat 3,telecho|niconico|P,1
2026-06-12 04:02:48,Speed Baccarat 5,telecho|telecho|B,1
2026-06-12 04:08:50,Chinese Speed Baccarat 2,telecho|telecho|B,1
2026-06-12 04:25:47,Speed Baccarat 7,telecho|telecho|B,0
2026-06-12 04:28:43,Fortune 6 Baccarat,telecho|telecho|B,1
2026-06-12 04:31:25,Fortune 6 Baccarat,sansan|telecho|P,1
2026-06-12 04:49:39,Vietnamese Speed Baccarat 3,telecho|telecho|B,1
2026-06-12 04:50:36,Speed Baccarat 8,telecho|telecho|B,1
2026-06-12 04:54:21,Baccarat 9,niconico|dragon|P,0
2026-06-12 04:57:16,Vietnamese Speed Baccarat 3,telecho|niconico|P,1
2026-06-12 05:02:07,Speed Baccarat 11,telecho|telecho|B,1
2026-06-12 05:03:13,MEGA BACCARAT,niconico|dragon|P,0
2026-06-12 05:16:31,Korean Speed Baccarat 1,telecho|telecho|B,1
2026-06-12 05:27:29,Fortune 6 Baccarat,telecho|niconico|P,1
2026-06-12 05:44:57,Chinese Speed Baccarat 2,sansan|telecho|P,1
2026-06-12 05:49:57,Korean Baccarat 1,telecho|niconico|P,0
2026-06-12 06:04:19,Speed Baccarat 12,telecho|telecho|B,1
2026-06-12 06:10:22,Speed Baccarat 2,telecho|telecho|B,0
2026-06-12 06:28:17,Thai Speed Baccarat 1,niconico|dragon|P,0
2026-06-12 06:32:46,Vietnamese Speed Baccarat 2,niconico|dragon|P,1
2026-06-12 06:41:28,Chinese Speed Baccarat 2,niconico|niconico|B,0
2026-06-12 06:41:34,Speed Baccarat 12,telecho|telecho|B,0
2026-06-12 06:43:32,Speed Baccarat 1,telecho|niconico|P,0
2026-06-12 07:08:44,Speed Baccarat 18,niconico|dragon|P,1
2026-06-12 07:20:52,Thai Speed Baccarat 1,telecho|telecho|B,1
2026-06-12 07:54:07,Thai Speed Baccarat 1,sansan|telecho|P,0
2026-06-12 07:54:52,Korean Turbo Baccarat 1,niconico|niconico|B,0
2026-06-12 08:03:23,Vietnamese Speed Baccarat 2,niconico|niconico|B,0
2026-06-12 08:16:34,Thai Speed Baccarat 1,telecho|telecho|B,0
2026-06-12 08:17:08,Japanese Speed Baccarat 3,telecho|niconico|P,0
2026-06-12 08:34:24,Speed Baccarat 3,telecho|niconico|P,0
2026-06-12 08:37:35,Korean Speed Baccarat 1,telecho|telecho|B,0
2026-06-12 08:38:43,Korean Baccarat 1,niconico|dragon|P,0
2026-06-12 08:42:01,Korean Speed Baccarat 1,niconico|dragon|P,1
2026-06-12 08:56:34,Speed Baccarat 8,niconico|dragon|P,1
2026-06-12 08:59:01,Fortune 6 Baccarat,telecho|niconico|P,0
2026-06-12 09:19:52,Japanese Speed Baccarat 2,niconico|dragon|P,1
2026-06-12 09:54:12,Baccarat 5,telecho|telecho|B,1
2026-06-12 10:07:20,Korean Speed Baccarat 1,niconico|niconico|B,1
2026-06-12 10:09:27,MEGA BACCARAT,niconico|dragon|P,0
2026-06-12 10:16:38,Korean Baccarat 2,sansan|telecho|P,0
2026-06-12 10:21:21,Speed Baccarat 9,telecho|telecho|B,0
2026-06-12 10:30:45,Korean Baccarat 1,sansan|telecho|P,0
2026-06-12 10:39:23,Korean Speed Baccarat 3,telecho|telecho|B,1
2026-06-12 10:40:03,Speed Baccarat 18,niconico|niconico|B,0
2026-06-12 10:43:54,Chinese Speed Baccarat 2,telecho|telecho|B,1
2026-06-12 10:54:53,Turbo Baccarat,sansan|telecho|P,0
2026-06-12 10:59:26,Vietnamese Speed Baccarat 2,telecho|telecho|B,0
2026-06-12 11:01:11,Chinese Speed Baccarat 1,telecho|niconico|P,0
2026-06-12 11:02:46,Thai Speed Baccarat 1,telecho|telecho|B,1
2026-06-12 11:03:51,Speed Baccarat 2,telecho|telecho|B,0
2026-06-12 11:12:28,Chinese Speed Baccarat 2,telecho|telecho|B,1
2026-06-12 11:17:15,Japanese Speed Baccarat 3,telecho|telecho|B,1
2026-06-12 11:18:00,Korean Speed Baccarat 2,telecho|telecho|B,0
2026-06-12 11:18:13,Korean Speed Baccarat 5,telecho|telecho|B,0
2026-06-12 11:23:34,Indonesian Speed Baccarat 2,niconico|dragon|P,0
2026-06-12 11:46:06,Chinese Speed Baccarat 3,sansan|telecho|P,1
2026-06-12 11:48:18,Speed Baccarat 18,telecho|telecho|B,0
2026-06-12 11:53:44,Speed Baccarat 15,niconico|dragon|P,1
2026-06-12 11:55:12,Speed Baccarat 6,telecho|telecho|B,1
2026-06-12 11:57:05,Baccarat 1,niconico|dragon|P,1
2026-06-12 11:58:50,Speed Baccarat 2,telecho|niconico|P,0
2026-06-12 12:00:29,Vietnamese Speed Baccarat 2,niconico|dragon|P,0
2026-06-12 12:00:37,Speed Baccarat 12,niconico|dragon|P,1
2026-06-12 12:05:03,Speed Baccarat 6,telecho|telecho|B,0
2026-06-12 12:06:18,Baccarat 1,telecho|telecho|B,1
2026-06-12 12:16:45,Korean Speed Baccarat 5,telecho|telecho|B,0
2026-06-12 12:27:08,Korean Turbo Baccarat 1,niconico|dragon|P,0
2026-06-12 12:39:01,Vietnamese Speed Baccarat 1,telecho|telecho|B,1
2026-06-12 12:54:08,Speed Baccarat 8,telecho|telecho|B,0
2026-06-12 12:54:16,Speed Baccarat 7,telecho|telecho|B,0
2026-06-12 12:58:34,Speed Baccarat 12,niconico|dragon|P,1
2026-06-12 12:59:21,Speed Baccarat 7,sansan|telecho|P,1
2026-06-12 13:00:56,Speed Baccarat 3,niconico|niconico|B,1
2026-06-12 13:01:23,Speed Baccarat 3,niconico|niconico|B,0
2026-06-12 13:03:17,STAKE SPEED BACCARAT,niconico|dragon|P,1
2026-06-12 13:07:39,Korean Baccarat 1,sansan|telecho|P,1
2026-06-12 13:12:03,Fortune 6 Baccarat,niconico|niconico|B,0
2026-06-12 13:12:37,Turbo Baccarat,telecho|niconico|P,0
2026-06-12 13:23:39,Thai Speed Baccarat 2,telecho|telecho|B,1
2026-06-12 13:28:15,Speed Baccarat 2,telecho|telecho|B,1
2026-06-12 13:32:50,Speed Baccarat 3,niconico|dragon|P,1
2026-06-12 13:41:53,Baccarat 5,telecho|telecho|B,0
2026-06-12 13:47:10,Speed Baccarat 13,telecho|telecho|B,1
2026-06-12 13:59:08,Speed Baccarat 3,niconico|dragon|P,0
2026-06-12 14:06:47,Speed Baccarat 13,telecho|telecho|B,0
2026-06-12 14:25:09,Baccarat 5,telecho|telecho|B,0
2026-06-12 14:27:33,Chinese Speed Baccarat 3,niconico|dragon|P,0
2026-06-12 14:49:48,Speed Baccarat 9,telecho|niconico|P,1
2026-06-12 14:50:12,Speed Baccarat 9,telecho|niconico|P,1
2026-06-12 14:59:49,Speed Baccarat 2,telecho|telecho|B,0
2026-06-12 15:06:56,Japanese Speed Baccarat 2,niconico|dragon|P,0
2026-06-12 15:17:00,Korean Speed Baccarat 3,niconico|dragon|P,0
2026-06-12 15:26:51,Speed Baccarat 7,telecho|telecho|B,1
2026-06-12 15:41:54,Speed Baccarat 16,telecho|niconico|P,1
2026-06-12 15:42:01,Speed Baccarat 5,telecho|niconico|P,0
2026-06-12 15:43:51,Speed Baccarat 17,niconico|niconico|B,1
2026-06-12 15:52:50,Chinese Speed Baccarat 3,niconico|niconico|B,0
2026-06-12 15:56:13,Baccarat 5,telecho|telecho|B,1
2026-06-12 16:04:20,Speed Baccarat 11,telecho|niconico|P,0
2026-06-12 16:20:18,Japanese Speed Baccarat 3,telecho|telecho|B,0
2026-06-12 16:40:14,Indonesian Speed Baccarat 1,niconico|dragon|P,0
2026-06-12 16:40:36,Speed Baccarat 16,niconico|dragon|P,1
2026-06-12 16:54:39,Korean Turbo Baccarat 1,niconico|niconico|B,0
2026-06-12 16:54:43,Japanese Speed Baccarat 3,niconico|niconico|B,1
2026-06-12 16:54:47,Speed Baccarat 9,telecho|telecho|B,1
2026-06-12 17:02:48,Turbo Baccarat,niconico|dragon|P,0
2026-06-12 17:23:52,Speed Baccarat 5,niconico|dragon|P,0
2026-06-12 17:35:52,Speed Baccarat 10,telecho|niconico|P,0
2026-06-12 17:37:50,Baccarat 1,niconico|dragon|P,1
2026-06-12 17:42:13,Vietnamese Speed Baccarat 2,telecho|telecho|B,1
2026-06-12 18:01:24,Thai Speed Baccarat 2,telecho|niconico|P,1
2026-06-12 18:20:35,Speed Baccarat 6,telecho|telecho|B,1
2026-06-12 18:26:21,Vietnamese Speed Baccarat 1,sansan|telecho|P,0
2026-06-12 18:28:15,Japanese Speed Baccarat 1,sansan|telecho|P,1
2026-06-12 18:30:20,Speed Baccarat 2,telecho|telecho|B,1
2026-06-12 18:38:31,Speed Baccarat 12,telecho|telecho|B,1
2026-06-12 18:55:57,Baccarat 9,telecho|niconico|P,1
2026-06-12 19:10:36,Indonesian Speed Baccarat 2,telecho|telecho|B,0
2026-06-12 19:13:04,STAKE SPEED BACCARAT,telecho|niconico|P,1
2026-06-12 19:23:20,Chinese Speed Baccarat 3,niconico|niconico|B,1
2026-06-12 19:24:57,Thai Speed Baccarat 2,telecho|niconico|P,1
2026-06-12 19:25:06,Speed Baccarat 3,telecho|telecho|B,0
2026-06-12 19:25:17,Thai Speed Baccarat 2,niconico|niconico|B,0
2026-06-12 19:34:20,Korean Speed Baccarat 1,telecho|telecho|B,0
2026-06-12 19:35:33,Baccarat 2,telecho|telecho|B,0
2026-06-12 19:39:07,Speed Baccarat 18,niconico|dragon|P,0
2026-06-12 19:48:05,Vietnamese Speed Baccarat 2,telecho|niconico|P,1
2026-06-12 19:54:24,STAKE SPEED BACCARAT,telecho|niconico|P,1
2026-06-12 19:56:26,Speed Baccarat 11,telecho|telecho|B,1
2026-06-12 20:09:35,Baccarat 3,telecho|niconico|P,1
2026-06-12 20:12:54,Baccarat 3,telecho|telecho|B,0
2026-06-12 20:13:30,Fortune 6 Baccarat,niconico|dragon|P,0
2026-06-12 20:24:28,Vietnamese Speed Baccarat 2,niconico|dragon|P,1
2026-06-12 20:25:16,Speed Baccarat 13,telecho|telecho|B,0
2026-06-12 20:25:46,Turbo Baccarat,telecho|niconico|P,0
2026-06-12 20:26:59,Speed Baccarat 18,telecho|telecho|B,0
2026-06-12 20:31:30,Turbo Baccarat,telecho|telecho|B,1
2026-06-12 20:53:23,Chinese Speed Baccarat 3,telecho|telecho|B,1
2026-06-12 21:00:28,Speed Baccarat 3,niconico|niconico|B,1
2026-06-12 21:14:15,Baccarat 5,telecho|niconico|P,1
2026-06-12 21:14:58,Korean Speed Baccarat 1,telecho|telecho|B,0
2026-06-12 21:18:59,Super 8 Baccarat,telecho|telecho|B,1
2026-06-12 21:21:31,Baccarat 6,telecho|niconico|P,0
2026-06-12 21:27:24,Chinese Speed Baccarat 3,niconico|dragon|P,0
2026-06-12 21:29:29,Thai Baccarat 1,telecho|telecho|B,0
2026-06-12 21:32:20,Turbo Baccarat,niconico|dragon|P,0
2026-06-12 21:46:42,Speed Baccarat 15,niconico|niconico|B,0
2026-06-12 21:49:11,Thai Speed Baccarat 2,niconico|niconico|B,1
2026-06-12 21:52:12,Indonesian Speed Baccarat 1,telecho|telecho|B,0
2026-06-12 21:54:23,Thai Speed Baccarat 2,niconico|dragon|P,0
2026-06-12 21:55:02,Baccarat 5,niconico|dragon|P,1
2026-06-12 21:58:31,Baccarat 2,niconico|dragon|P,0
2026-06-12 22:00:57,Chinese Speed Baccarat 2,niconico|niconico|B,0
2026-06-12 22:08:08,Speed Baccarat 6,niconico|dragon|P,0
2026-06-12 22:22:57,Speed Baccarat 7,telecho|niconico|P,0
2026-06-12 22:24:49,Speed Baccarat 9,telecho|niconico|P,0
2026-06-12 22:34:43,Korean Speed Baccarat 5,telecho|niconico|P,0
2026-06-12 22:37:26,Baccarat 2,niconico|dragon|P,1
2026-06-12 22:42:17,Turbo Baccarat,niconico|dragon|P,0
2026-06-12 22:44:17,Thai Speed Baccarat 2,telecho|telecho|B,1
2026-06-12 22:45:51,Chinese Speed Baccarat 1,niconico|dragon|P,1
2026-06-12 22:49:25,Japanese Speed Baccarat 2,telecho|niconico|P,1
2026-06-12 22:56:34,Korean Speed Baccarat 3,telecho|niconico|P,1
2026-06-12 23:02:41,Speed Baccarat 18,niconico|dragon|P,0
2026-06-12 23:14:57,Chinese Speed Baccarat 1,telecho|telecho|B,1
2026-06-12 23:30:27,Indonesian Speed Baccarat 1,telecho|telecho|B,0
2026-06-12 23:35:53,Speed Baccarat 16,sansan|telecho|P,0
2026-06-12 23:38:12,Korean Speed Baccarat 5,telecho|telecho|B,0
2026-06-12 23:44:08,Chinese Speed Baccarat 1,telecho|telecho|B,0
2026-06-12 23:51:53,Vietnamese Speed Baccarat 2,niconico|dragon|P,1
2026-06-13 00:11:11,Indonesian Speed Baccarat 2,telecho|telecho|B,0
2026-06-13 00:17:02,Baccarat 5,telecho|telecho|B,1
2026-06-13 00:22:43,Thai Speed Baccarat 1,niconico|dragon|P,1
2026-06-13 00:28:06,Speed Baccarat 1,telecho|telecho|B,1
2026-06-13 00:39:07,Baccarat 3,telecho|telecho|B,0
2026-06-13 00:40:35,Korean Speed Baccarat 3,telecho|niconico|P,0
2026-06-13 00:46:03,Speed Baccarat 15,telecho|niconico|P,0
2026-06-13 00:52:35,Baccarat 9,telecho|telecho|B,0
2026-06-13 00:56:22,Korean Turbo Baccarat 1,niconico|dragon|P,1
2026-06-13 00:56:40,Speed Baccarat 16,niconico|dragon|P,0
2026-06-13 01:32:29,Korean Speed Baccarat 3,telecho|telecho|B,0
2026-06-13 01:51:14,Japanese Speed Baccarat 2,niconico|dragon|P,1
2026-06-13 02:06:47,Vietnamese Speed Baccarat 3,sansan|telecho|P,1
2026-06-13 02:09:05,Vietnamese Speed Baccarat 1,niconico|dragon|P,1
2026-06-13 02:13:43,Korean Speed Baccarat 5,niconico|dragon|P,0
2026-06-13 02:18:20,Chinese Speed Baccarat 1,telecho|niconico|P,1
2026-06-13 02:24:13,Speed Baccarat 8,telecho|niconico|P,0
2026-06-13 02:43:21,Korean Speed Baccarat 1,telecho|niconico|P,1
2026-06-13 02:46:32,Fortune 6 Baccarat,telecho|niconico|P,1
2026-06-13 02:52:28,Turbo Baccarat,telecho|niconico|P,0
2026-06-13 02:54:12,Vietnamese Speed Baccarat 2,telecho|telecho|B,0
2026-06-13 02:55:28,Baccarat 2,telecho|telecho|B,1
2026-06-13 02:56:02,Speed Baccarat 8,sansan|telecho|P,1
2026-06-13 03:01:32,Baccarat 2,niconico|dragon|P,1
2026-06-13 03:12:46,Korean Speed Baccarat 5,telecho|niconico|P,0
2026-06-13 03:15:23,Speed Baccarat 2,telecho|telecho|B,1
2026-06-13 03:15:25,Korean Turbo Baccarat 1,niconico|niconico|B,1
2026-06-13 03:15:36,Korean Turbo Baccarat 1,niconico|niconico|B,1
2026-06-13 03:21:39,Speed Baccarat 16,telecho|niconico|P,1
2026-06-13 03:22:03,Speed Baccarat 16,telecho|niconico|P,1
2026-06-13 03:24:13,STAKE SPEED BACCARAT,telecho|telecho|B,1
2026-06-13 03:32:08,Speed Baccarat 6,telecho|telecho|B,0
2026-06-13 04:11:01,Chinese Speed Baccarat 1,telecho|telecho|B,1
2026-06-13 04:13:41,Vietnamese Speed Baccarat 3,telecho|telecho|B,0
2026-06-13 04:16:48,Speed Baccarat 3,telecho|niconico|P,1
2026-06-13 04:20:15,Speed Baccarat 12,niconico|dragon|P,1
2026-06-13 04:27:31,Speed Baccarat 9,niconico|dragon|P,0
2026-06-13 04:42:22,Baccarat 3,telecho|niconico|P,0
2026-06-13 04:42:37,Speed Baccarat 15,telecho|telecho|B,1
2026-06-13 04:44:20,Chinese Speed Baccarat 1,telecho|telecho|B,1
2026-06-13 04:48:07,Speed Baccarat 11,niconico|dragon|P,0
2026-06-13 04:48:18,Baccarat 1,telecho|telecho|B,0
2026-06-13 04:52:13,Speed Baccarat 13,niconico|niconico|B,0
2026-06-13 04:55:01,Chinese Speed Baccarat 3,telecho|niconico|P,1
2026-06-13 04:58:37,Korean Turbo Baccarat 1,telecho|niconico|P,0
2026-06-13 05:19:02,Baccarat 5,telecho|niconico|P,0
2026-06-13 05:20:23,Speed Baccarat 11,telecho|telecho|B,1
2026-06-13 05:21:33,Speed Baccarat 7,niconico|dragon|P,0
2026-06-13 05:24:24,Japanese Speed Baccarat 1,niconico|niconico|B,1
2026-06-13 05:27:35,Korean Speed Baccarat 2,niconico|niconico|B,0
2026-06-13 05:28:52,Korean Turbo Baccarat 1,niconico|dragon|P,0
2026-06-13 05:29:51,Speed Baccarat 16,sansan|telecho|P,0
2026-06-13 05:48:14,Fortune 6 Baccarat,niconico|dragon|P,0
2026-06-13 05:48:35,Turbo Baccarat,telecho|telecho|B,0
2026-06-13 05:50:08,Speed Baccarat 7,telecho|niconico|P,0
2026-06-13 05:52:46,Korean Speed Baccarat 3,telecho|telecho|B,1
2026-06-13 06:01:26,Speed Baccarat 6,telecho|telecho|B,0
2026-06-13 06:01:28,Speed Baccarat 8,niconico|dragon|P,1
2026-06-13 06:02:09,Speed Baccarat 8,niconico|dragon|P,0
2026-06-13 06:03:05,Baccarat 1,telecho|telecho|B,0
2026-06-13 06:04:06,Vietnamese Speed Baccarat 2,telecho|niconico|P,0
2026-06-13 06:14:15,Speed Baccarat 2,telecho|telecho|B,0
2026-06-13 06:23:20,Korean Baccarat 1,telecho|niconico|P,0
2026-06-13 06:36:34,Chinese Speed Baccarat 1,telecho|telecho|B,0
2026-06-13 06:37:18,Vietnamese Speed Baccarat 1,niconico|dragon|P,0
2026-06-13 06:38:48,Japanese Speed Baccarat 2,niconico|niconico|B,0
2026-06-13 06:42:41,Speed Baccarat 12,telecho|niconico|P,1
2026-06-13 06:42:49,Super 8 Baccarat,telecho|niconico|P,1
2026-06-13 06:43:05,Speed Baccarat 12,telecho|niconico|P,0
2026-06-13 06:46:51,Vietnamese Speed Baccarat 2,niconico|dragon|P,0
2026-06-13 06:48:47,Japanese Speed Baccarat 3,niconico|dragon|P,1
2026-06-13 06:54:58,Korean Speed Baccarat 1,telecho|telecho|B,1
2026-06-13 07:05:10,Chinese Speed Baccarat 2,telecho|telecho|B,1
2026-06-13 07:07:14,Chinese Speed Baccarat 1,telecho|telecho|B,1
2026-06-13 07:15:46,Baccarat 1,niconico|dragon|P,1
2026-06-13 07:19:33,Super 8 Baccarat,niconico|dragon|P,1
2026-06-13 07:24:36,Japanese Speed Baccarat 2,telecho|telecho|B,0
2026-06-13 07:27:58,Chinese Speed Baccarat 2,telecho|telecho|B,0
2026-06-13 07:32:42,Speed Baccarat 15,niconico|dragon|P,1
2026-06-13 07:41:02,Speed Baccarat 12,telecho|niconico|P,0
2026-06-13 07:44:32,Baccarat 6,telecho|telecho|B,1
2026-06-13 07:45:07,Turbo Baccarat,telecho|telecho|B,0
2026-06-13 07:48:21,Chinese Speed Baccarat 3,telecho|telecho|B,1
2026-06-13 07:48:51,Turbo Baccarat,telecho|telecho|B,0
2026-06-13 07:52:05,Speed Baccarat 18,sansan|telecho|P,1
2026-06-13 07:52:20,Baccarat 1,niconico|dragon|P,0
2026-06-13 07:55:18,Speed Baccarat 6,niconico|dragon|P,1
2026-06-13 08:00:41,Indonesian Speed Baccarat 2,telecho|niconico|P,1
2026-06-13 08:08:44,Speed Baccarat 3,telecho|niconico|P,1
2026-06-13 08:09:45,Chinese Speed Baccarat 1,telecho|telecho|B,1
2026-06-13 08:09:50,Vietnamese Speed Baccarat 3,telecho|telecho|B,0
2026-06-13 08:24:04,Chinese Speed Baccarat 3,telecho|telecho|B,1
2026-06-13 08:24:07,Baccarat 6,niconico|dragon|P,1
2026-06-13 08:25:37,Korean Speed Baccarat 1,telecho|telecho|B,1
2026-06-13 08:25:56,Baccarat 1,telecho|niconico|P,1
2026-06-13 08:33:12,Turbo Baccarat,niconico|niconico|B,1
2026-06-13 08:35:41,Speed Baccarat 13,niconico|dragon|P,1
2026-06-13 08:35:48,Chinese Speed Baccarat 3,telecho|telecho|B,0
2026-06-13 08:41:42,Speed Baccarat 11,niconico|dragon|P,1
2026-06-13 08:42:58,Korean Turbo Baccarat 1,niconico|dragon|P,1
2026-06-13 08:45:37,Speed Baccarat 12,sansan|telecho|P,1
2026-06-13 08:46:41,Speed Baccarat 18,telecho|niconico|P,0
2026-06-13 08:56:09,Chinese Speed Baccarat 2,niconico|dragon|P,1
2026-06-13 09:03:22,Korean Speed Baccarat 5,telecho|telecho|B,0
2026-06-13 09:06:30,Speed Baccarat 3,telecho|telecho|B,0
2026-06-13 09:10:48,Speed Baccarat 3,telecho|telecho|B,1
2026-06-13 09:17:31,Thai Speed Baccarat 2,telecho|telecho|B,1
2026-06-13 09:18:23,Japanese Speed Baccarat 3,telecho|telecho|B,1
2026-06-13 09:19:15,Speed Baccarat 18,telecho|telecho|B,1
2026-06-13 09:25:23,Speed Baccarat 6,niconico|niconico|B,1
2026-06-13 09:28:14,Japanese Speed Baccarat 2,niconico|dragon|P,1
2026-06-13 09:37:06,Baccarat 3,telecho|niconico|P,0
2026-06-13 09:40:12,Speed Baccarat 12,telecho|telecho|B,1
2026-06-13 09:41:34,Turbo Baccarat,telecho|niconico|P,1
2026-06-13 09:42:31,Baccarat 1,niconico|dragon|P,1
2026-06-13 09:56:07,Speed Baccarat 7,niconico|niconico|B,1
2026-06-13 10:01:27,Indonesian Speed Baccarat 2,telecho|telecho|B,1
2026-06-13 10:02:50,Speed Baccarat 5,niconico|dragon|P,1
2026-06-13 10:06:21,Speed Baccarat 9,niconico|dragon|P,0
2026-06-13 10:19:18,Baccarat 6,telecho|telecho|B,1
2026-06-13 10:22:50,Baccarat 1,sansan|telecho|P,0
2026-06-13 10:28:30,Speed Baccarat 8,telecho|niconico|P,1
2026-06-13 10:28:56,Speed Baccarat 8,telecho|niconico|P,1
2026-06-13 10:30:29,Speed Baccarat 8,telecho|niconico|P,0
2026-06-13 10:32:13,Speed Baccarat 5,telecho|telecho|B,1
2026-06-13 10:35:37,Speed Baccarat 9,telecho|niconico|P,1
2026-06-13 10:42:38,Speed Baccarat 2,telecho|telecho|B,0
2026-06-13 10:46:59,Baccarat 2,telecho|telecho|B,0
2026-06-13 10:47:08,Baccarat 6,telecho|niconico|P,1
2026-06-13 10:49:32,Indonesian Speed Baccarat 1,niconico|dragon|P,0
2026-06-13 10:53:38,Korean Baccarat 1,telecho|telecho|B,0
2026-06-13 10:55:39,Super 8 Baccarat,niconico|dragon|P,1
2026-06-13 11:07:16,Speed Baccarat 9,niconico|dragon|P,1
2026-06-13 11:07:44,Speed Baccarat 9,niconico|dragon|P,1
2026-06-13 11:12:28,Fortune 6 Baccarat,telecho|telecho|B,1
2026-06-13 11:26:06,Korean Turbo Baccarat 1,telecho|telecho|B,0
2026-06-13 11:30:57,Chinese Speed Baccarat 2,niconico|niconico|B,1
2026-06-13 11:41:35,Speed Baccarat 5,telecho|telecho|B,0
2026-06-13 11:43:04,Speed Baccarat 11,niconico|niconico|B,1
2026-06-13 11:43:43,Japanese Speed Baccarat 1,telecho|telecho|B,1
2026-06-13 11:44:13,Speed Baccarat 11,telecho|niconico|P,0
2026-06-13 11:45:05,Chinese Speed Baccarat 2,telecho|telecho|B,0
2026-06-13 11:49:01,Fortune 6 Baccarat,niconico|dragon|P,0
2026-06-13 11:58:37,Baccarat 6,niconico|dragon|P,1
2026-06-13 12:06:51,Baccarat 6,telecho|telecho|B,0
2026-06-13 12:12:21,Speed Baccarat 6,telecho|telecho|B,1
2026-06-13 12:17:09,MEGA BACCARAT,sansan|telecho|P,1
2026-06-13 12:29:40,Korean Baccarat 2,telecho|telecho|B,1
2026-06-13 12:40:13,Chinese Speed Baccarat 1,telecho|telecho|B,1
2026-06-13 12:40:41,Korean Turbo Baccarat 1,telecho|niconico|P,0
2026-06-13 12:41:09,Thai Speed Baccarat 2,niconico|dragon|P,1
2026-06-13 12:51:50,Speed Baccarat 15,telecho|niconico|P,0
2026-06-13 13:09:23,Baccarat 6,niconico|niconico|B,0
2026-06-13 13:12:44,Speed Baccarat 3,telecho|niconico|P,0
2026-06-13 13:13:30,STAKE SPEED BACCARAT,niconico|dragon|P,0
2026-06-13 13:17:40,Indonesian Speed Baccarat 1,telecho|telecho|B,0
2026-06-13 13:22:56,Korean Speed Baccarat 3,telecho|telecho|B,0
2026-06-13 13:26:32,Speed Baccarat 10,telecho|telecho|B,0
2026-06-13 13:33:46,Baccarat 1,sansan|telecho|P,1
2026-06-13 13:39:46,Thai Speed Baccarat 1,niconico|dragon|P,0
2026-06-13 13:41:00,Speed Baccarat 17,telecho|telecho|B,0
2026-06-13 13:41:29,Japanese Speed Baccarat 3,niconico|dragon|P,1
2026-06-13 13:49:42,Thai Baccarat 1,telecho|telecho|B,1
2026-06-13 14:04:57,Fortune 6 Baccarat,telecho|telecho|B,0
2026-06-13 14:09:17,Speed Baccarat 18,telecho|telecho|B,0
2026-06-13 14:10:11,Speed Baccarat 3,telecho|telecho|B,0
2026-06-13 14:22:37,MEGA BACCARAT,telecho|niconico|P,1
2026-06-13 14:28:56,Korean Baccarat 2,telecho|telecho|B,1
2026-06-13 14:34:49,Thai Speed Baccarat 1,niconico|dragon|P,0
2026-06-13 14:35:01,Speed Baccarat 10,niconico|niconico|B,1
2026-06-13 14:39:30,Speed Baccarat 17,telecho|telecho|B,0
2026-06-13 14:47:50,Vietnamese Speed Baccarat 2,niconico|niconico|B,1
2026-06-13 14:48:40,Vietnamese Speed Baccarat 2,telecho|niconico|P,1
2026-06-13 14:56:42,Korean Speed Baccarat 1,telecho|telecho|B,1
2026-06-13 14:59:09,Indonesian Speed Baccarat 2,niconico|dragon|P,0
2026-06-13 15:10:58,Baccarat 7,telecho|telecho|B,1
2026-06-13 15:12:05,Chinese Speed Baccarat 2,telecho|telecho|B,1
2026-06-13 15:15:13,Speed Baccarat 3,niconico|dragon|P,1
2026-06-13 15:15:16,Vietnamese Speed Baccarat 3,niconico|dragon|P,0
2026-06-13 15:23:47,Korean Speed Baccarat 1,telecho|telecho|B,0
2026-06-13 15:28:19,Baccarat 9,niconico|dragon|P,1
2026-06-13 15:37:36,Speed Baccarat 16,telecho|niconico|P,0
2026-06-13 15:43:53,Speed Baccarat 10,telecho|telecho|B,1
2026-06-13 15:48:25,Speed Baccarat 13,telecho|telecho|B,0
2026-06-13 15:48:42,Speed Baccarat 10,telecho|telecho|B,0
2026-06-13 15:52:39,Turbo Baccarat,telecho|telecho|B,1
2026-06-13 15:54:25,Chinese Speed Baccarat 3,niconico|dragon|P,0
2026-06-13 15:56:32,Indonesian Speed Baccarat 2,niconico|niconico|B,1
2026-06-13 16:02:38,Thai Speed Baccarat 2,telecho|telecho|B,0
2026-06-13 16:09:27,STAKE SPEED BACCARAT,telecho|telecho|B,0
2026-06-13 16:11:22,Speed Baccarat 9,niconico|niconico|B,1
2026-06-13 16:12:06,Speed Baccarat 9,telecho|niconico|P,0
2026-06-13 16:23:08,Speed Baccarat 13,sansan|telecho|P,0
2026-06-13 16:25:27,Korean Baccarat 2,telecho|niconico|P,1
2026-06-13 16:35:06,Speed Baccarat 16,telecho|telecho|B,0
2026-06-13 16:43:15,Japanese Speed Baccarat 3,telecho|telecho|B,0
2026-06-13 16:55:53,Korean Speed Baccarat 3,telecho|telecho|B,1
2026-06-13 17:09:10,Baccarat 2,telecho|niconico|P,0
2026-06-13 17:10:53,Indonesian Speed Baccarat 1,telecho|telecho|B,0
2026-06-13 17:21:41,Speed Baccarat 1,telecho|telecho|B,0
2026-06-13 17:25:14,Baccarat 2,niconico|dragon|P,0
2026-06-13 17:34:27,Speed Baccarat 2,niconico|dragon|P,1
2026-06-13 17:36:24,Baccarat 3,niconico|dragon|P,0
2026-06-13 17:37:25,Korean Speed Baccarat 1,niconico|niconico|B,0
2026-06-13 17:37:56,STAKE SPEED BACCARAT,niconico|dragon|P,0
2026-06-13 17:46:32,Speed Baccarat 3,niconico|niconico|B,1
2026-06-13 17:48:22,Turbo Baccarat,telecho|niconico|P,1
2026-06-13 17:51:09,Korean Speed Baccarat 5,telecho|telecho|B,1
2026-06-13 17:57:54,Speed Baccarat 8,telecho|telecho|B,0
2026-06-13 18:09:19,Korean Speed Baccarat 1,niconico|dragon|P,1
2026-06-13 18:10:13,Speed Baccarat 18,niconico|dragon|P,1
2026-06-13 18:22:49,Baccarat 5,sansan|telecho|P,1
2026-06-13 18:22:51,Chinese Speed Baccarat 1,niconico|dragon|P,1
2026-06-13 18:26:03,Korean Speed Baccarat 5,niconico|niconico|B,1
2026-06-13 18:39:00,Speed Baccarat 2,sansan|telecho|P,0
2026-06-13 18:45:50,Korean Speed Baccarat 2,telecho|telecho|B,0
2026-06-13 18:46:03,Baccarat 3,telecho|telecho|B,1
2026-06-13 18:52:09,Vietnamese Speed Baccarat 2,niconico|dragon|P,1
2026-06-13 19:00:39,Speed Baccarat 12,telecho|telecho|B,0
2026-06-13 19:10:32,Speed Baccarat 3,telecho|niconico|P,0
2026-06-13 19:11:49,Speed Baccarat 15,telecho|telecho|B,1
2026-06-13 19:14:18,Baccarat 9,niconico|dragon|P,0
2026-06-13 19:15:46,Chinese Speed Baccarat 1,telecho|niconico|P,1
2026-06-13 19:16:19,Indonesian Speed Baccarat 2,telecho|telecho|B,1
2026-06-13 19:30:30,Speed Baccarat 6,telecho|telecho|B,1
2026-06-13 19:32:39,Korean Speed Baccarat 2,telecho|telecho|B,1
2026-06-13 19:46:12,Vietnamese Speed Baccarat 2,telecho|niconico|P,0
2026-06-13 19:50:09,Chinese Speed Baccarat 1,telecho|telecho|B,0
2026-06-13 19:53:29,Japanese Speed Baccarat 3,telecho|telecho|B,1
2026-06-13 20:07:44,Turbo Baccarat,niconico|niconico|B,1
2026-06-13 20:18:34,Vietnamese Speed Baccarat 3,niconico|niconico|B,1
2026-06-13 20:20:39,Thai Speed Baccarat 2,telecho|telecho|B,0
2026-06-13 20:23:08,Korean Turbo Baccarat 1,niconico|dragon|P,1
2026-06-13 20:25:35,Speed Baccarat 10,telecho|telecho|B,1
2026-06-13 20:26:44,Speed Baccarat 7,niconico|dragon|P,1
2026-06-13 20:26:53,Speed Baccarat 6,niconico|dragon|P,0
2026-06-13 20:29:46,Speed Baccarat 12,niconico|dragon|P,1
2026-06-13 20:35:51,Indonesian Speed Baccarat 1,niconico|dragon|P,0
2026-06-13 20:44:46,Vietnamese Speed Baccarat 3,telecho|telecho|B,0
2026-06-13 20:46:52,Speed Baccarat 1,sansan|telecho|P,1
2026-06-13 20:51:16,Speed Baccarat 8,niconico|niconico|B,1
2026-06-13 20:52:57,Vietnamese Speed Baccarat 3,niconico|dragon|P,0
2026-06-13 20:55:29,Japanese Speed Baccarat 1,telecho|telecho|B,0
2026-06-13 20:57:34,Speed Baccarat 10,niconico|dragon|P,1
2026-06-13 21:00:29,Vietnamese Speed Baccarat 1,telecho|telecho|B,1
2026-06-13 21:04:46,Speed Baccarat 18,niconico|dragon|P,1
2026-06-13 21:14:31,Korean Speed Baccarat 1,niconico|niconico|B,1
2026-06-13 21:21:04,Thai Speed Baccarat 2,niconico|dragon|P,1
2026-06-13 21:25:05,Fortune 6 Baccarat,niconico|dragon|P,0
2026-06-13 21:26:46,Baccarat 5,telecho|telecho|B,0
2026-06-13 21:27:14,Fortune 6 Baccarat,telecho|telecho|B,1
2026-06-13 21:28:35,Chinese Speed Baccarat 3,telecho|telecho|B,1
2026-06-13 21:29:05,Speed Baccarat 11,telecho|telecho|B,1
2026-06-13 21:30:11,Japanese Speed Baccarat 3,niconico|dragon|P,0
2026-06-13 21:35:03,Turbo Baccarat,telecho|telecho|B,0
2026-06-13 21:39:47,Speed Baccarat 2,niconico|dragon|P,0
2026-06-13 21:47:09,Baccarat 3,telecho|telecho|B,1
2026-06-13 21:47:43,Vietnamese Speed Baccarat 2,niconico|dragon|P,0
2026-06-13 21:52:21,Speed Baccarat 8,telecho|niconico|P,1
2026-06-13 21:57:41,Turbo Baccarat,telecho|telecho|B,1
2026-06-13 22:19:20,Baccarat 2,telecho|niconico|P,0
2026-06-13 22:20:13,Baccarat 1,telecho|telecho|B,1
2026-06-13 22:20:42,Speed Baccarat 8,telecho|telecho|B,0
2026-06-13 22:21:51,MEGA BACCARAT,telecho|telecho|B,1
2026-06-13 22:24:44,Speed Baccarat 6,telecho|telecho|B,1
2026-06-13 22:26:20,Indonesian Speed Baccarat 1,telecho|telecho|B,1
2026-06-13 22:32:33,Baccarat 6,niconico|dragon|P,0
2026-06-13 23:01:27,Speed Baccarat 6,telecho|telecho|B,0
2026-06-13 23:05:17,Korean Baccarat 1,telecho|telecho|B,0
2026-06-13 23:09:44,Speed Baccarat 3,niconico|dragon|P,0
2026-06-13 23:10:13,Vietnamese Speed Baccarat 1,niconico|dragon|P,0
2026-06-13 23:10:22,Speed Baccarat 15,telecho|niconico|P,0
2026-06-13 23:17:41,Thai Speed Baccarat 2,niconico|dragon|P,1
2026-06-13 23:30:22,Baccarat 2,niconico|dragon|P,1
2026-06-13 23:34:14,Super 8 Baccarat,telecho|telecho|B,1
2026-06-13 23:37:15,Vietnamese Speed Baccarat 1,telecho|niconico|P,0
2026-06-13 23:44:07,Baccarat 3,telecho|telecho|B,0
2026-06-13 23:45:28,Korean Speed Baccarat 1,niconico|dragon|P,0
2026-06-13 23:46:11,Speed Baccarat 15,telecho|telecho|B,1
2026-06-13 23:53:00,Japanese Speed Baccarat 3,telecho|niconico|P,1
2026-06-13 23:54:12,Speed Baccarat 6,niconico|dragon|P,1
2026-06-14 00:05:37,Super 8 Baccarat,telecho|telecho|B,0
2026-06-14 00:16:03,Thai Speed Baccarat 2,niconico|niconico|B,0
2026-06-14 00:18:22,Chinese Speed Baccarat 2,telecho|telecho|B,1
2026-06-14 00:23:47,Indonesian Speed Baccarat 1,niconico|niconico|B,0
2026-06-14 00:30:05,Korean Speed Baccarat 5,telecho|telecho|B,1
2026-06-14 00:31:06,Baccarat 5,telecho|telecho|B,1
2026-06-14 00:47:52,Baccarat 1,sansan|telecho|P,1
2026-06-14 00:49:03,Baccarat 2,niconico|dragon|P,1
2026-06-14 00:49:25,Thai Speed Baccarat 1,telecho|telecho|B,0
2026-06-14 00:49:54,Speed Baccarat 11,telecho|telecho|B,0
2026-06-14 00:53:19,Speed Baccarat 12,telecho|telecho|B,0
2026-06-14 00:56:03,STAKE SPEED BACCARAT,niconico|dragon|P,1
2026-06-14 01:05:54,Thai Baccarat 1,sansan|telecho|P,0
2026-06-14 01:09:11,Speed Baccarat 16,telecho|niconico|P,0
2026-06-14 01:19:16,Fortune 6 Baccarat,niconico|dragon|P,0
2026-06-14 01:20:56,Speed Baccarat 11,niconico|dragon|P,0
2026-06-14 01:34:07,Speed Baccarat 3,telecho|telecho|B,0
2026-06-14 01:38:18,Speed Baccarat 3,niconico|dragon|P,0
2026-06-14 01:42:44,Korean Turbo Baccarat 1,niconico|dragon|P,0
2026-06-14 01:43:34,Vietnamese Speed Baccarat 1,niconico|niconico|B,0
2026-06-14 01:43:58,Vietnamese Speed Baccarat 3,telecho|telecho|B,1
2026-06-14 01:44:34,Korean Speed Baccarat 5,telecho|telecho|B,0
2026-06-14 01:44:50,Vietnamese Speed Baccarat 1,telecho|telecho|B,1
2026-06-14 01:45:12,Thai Speed Baccarat 1,telecho|telecho|B,0
2026-06-14 01:58:33,Korean Turbo Baccarat 1,telecho|niconico|P,1
2026-06-14 02:07:07,Speed Baccarat 3,telecho|telecho|B,0
2026-06-14 02:15:07,Vietnamese Speed Baccarat 1,niconico|dragon|P,0
2026-06-14 02:26:08,Japanese Speed Baccarat 1,telecho|telecho|B,0
2026-06-14 02:28:32,Korean Turbo Baccarat 1,niconico|dragon|P,0
2026-06-14 02:35:27,Speed Baccarat 1,telecho|telecho|B,1
2026-06-14 02:36:21,Super 8 Baccarat,niconico|niconico|B,1
2026-06-14 02:40:39,Speed Baccarat 3,telecho|telecho|B,0
2026-06-14 02:51:50,Korean Baccarat 1,telecho|telecho|B,1
2026-06-14 02:54:54,Baccarat 6,telecho|telecho|B,0
2026-06-14 03:16:21,Vietnamese Speed Baccarat 2,telecho|telecho|B,1
2026-06-14 03:25:38,Japanese Speed Baccarat 3,niconico|dragon|P,0
2026-06-14 03:26:46,Speed Baccarat 18,niconico|dragon|P,0
2026-06-14 03:43:20,Super 8 Baccarat,telecho|niconico|P,1
2026-06-14 03:46:18,Korean Speed Baccarat 5,niconico|dragon|P,0
2026-06-14 03:47:53,Japanese Speed Baccarat 2,telecho|telecho|B,1
2026-06-14 03:50:41,Speed Baccarat 16,telecho|telecho|B,1
2026-06-14 03:54:53,Speed Baccarat 12,niconico|dragon|P,0
2026-06-14 03:56:53,Speed Baccarat 12,telecho|telecho|B,1
2026-06-14 03:58:00,Speed Baccarat 12,sansan|telecho|P,0
2026-06-14 04:02:13,Speed Baccarat 15,telecho|telecho|B,0
2026-06-14 04:04:40,Korean Speed Baccarat 2,telecho|niconico|P,0
2026-06-14 04:04:45,Turbo Baccarat,telecho|telecho|B,0
2026-06-14 04:18:02,Speed Baccarat 11,niconico|dragon|P,0
2026-06-14 05:13:52,MEGA BACCARAT,niconico|niconico|B,1
2026-06-14 05:27:49,Speed Baccarat 3,telecho|telecho|B,1
2026-06-14 05:58:59,Speed Baccarat 8,telecho|telecho|B,0
2026-06-14 06:00:41,Speed Baccarat 13,telecho|telecho|B,1
2026-06-14 06:05:23,Speed Baccarat 18,niconico|niconico|B,1
2026-06-14 06:08:57,Speed Baccarat 15,telecho|niconico|P,1
2026-06-14 06:12:08,Indonesian Speed Baccarat 2,telecho|telecho|B,1
2026-06-14 06:15:14,Baccarat 5,telecho|telecho|B,0
2026-06-14 06:19:39,Vietnamese Speed Baccarat 1,telecho|telecho|B,0
2026-06-14 06:20:08,Speed Baccarat 2,telecho|telecho|B,0
2026-06-14 06:40:06,Fortune 6 Baccarat,niconico|dragon|P,1
2026-06-14 06:45:11,Thai Baccarat 1,telecho|telecho|B,1
2026-06-14 06:45:28,Baccarat 3,telecho|telecho|B,1
2026-06-14 06:48:27,Vietnamese Speed Baccarat 1,telecho|niconico|P,1
2026-06-14 06:50:42,Vietnamese Speed Baccarat 1,telecho|telecho|B,1
2026-06-14 06:58:29,Chinese Speed Baccarat 3,telecho|telecho|B,1
2026-06-14 06:58:52,Speed Baccarat 11,niconico|dragon|P,0
2026-06-14 07:00:25,Speed Baccarat 6,niconico|dragon|P,0
2026-06-14 07:23:29,Vietnamese Speed Baccarat 2,telecho|telecho|B,1
2026-06-14 07:27:31,STAKE SPEED BACCARAT,telecho|telecho|B,0
2026-06-14 08:01:40,Japanese Speed Baccarat 1,telecho|telecho|B,1
2026-06-14 08:02:46,Speed Baccarat 15,telecho|niconico|P,1
2026-06-14 08:07:32,Thai Baccarat 1,niconico|dragon|P,1
2026-06-14 08:23:20,Indonesian Speed Baccarat 1,niconico|dragon|P,0
2026-06-14 08:24:45,Korean Speed Baccarat 1,niconico|dragon|P,1
2026-06-14 08:30:04,Speed Baccarat 3,sansan|telecho|P,1
2026-06-14 08:31:15,Speed Baccarat 3,sansan|telecho|P,1
2026-06-14 08:33:42,Speed Baccarat 15,niconico|dragon|P,1
2026-06-14 08:39:13,Japanese Speed Baccarat 1,telecho|telecho|B,0
2026-06-14 08:53:49,Speed Baccarat 2,niconico|dragon|P,0
2026-06-14 09:02:22,Speed Baccarat 6,telecho|niconico|P,1
2026-06-14 09:04:30,STAKE SPEED BACCARAT,niconico|dragon|P,0
2026-06-14 09:09:29,Baccarat 6,telecho|niconico|P,0
2026-06-14 09:11:33,Super 8 Baccarat,telecho|niconico|P,0
2026-06-14 09:19:21,Vietnamese Speed Baccarat 1,telecho|telecho|B,0
2026-06-14 09:21:40,Indonesian Speed Baccarat 1,niconico|niconico|B,1
2026-06-14 09:22:28,Baccarat 3,niconico|niconico|B,1
2026-06-14 09:25:44,Baccarat 2,telecho|niconico|P,0
2026-06-14 09:25:46,Japanese Speed Baccarat 2,niconico|dragon|P,1
2026-06-14 09:26:05,Japanese Speed Baccarat 2,niconico|dragon|P,0
2026-06-14 09:31:42,Turbo Baccarat,niconico|niconico|B,0
2026-06-14 09:36:52,Speed Baccarat 13,niconico|dragon|P,0
2026-06-14 09:55:52,Speed Baccarat 12,niconico|dragon|P,0
2026-06-14 09:57:05,Speed Baccarat 3,niconico|dragon|P,0
2026-06-14 10:00:25,Chinese Speed Baccarat 1,niconico|dragon|P,0
2026-06-14 10:03:39,Speed Baccarat 7,telecho|telecho|B,1
2026-06-14 10:12:16,Korean Speed Baccarat 5,telecho|telecho|B,0
2026-06-14 10:17:12,Korean Speed Baccarat 2,telecho|niconico|P,0
2026-06-14 10:38:33,Japanese Speed Baccarat 1,telecho|telecho|B,0
2026-06-14 10:44:05,Korean Turbo Baccarat 1,telecho|telecho|B,1
2026-06-14 10:45:25,Korean Speed Baccarat 3,telecho|telecho|B,1
2026-06-14 10:48:16,Korean Speed Baccarat 3,telecho|niconico|P,0
2026-06-14 10:51:48,Speed Baccarat 11,niconico|dragon|P,1
2026-06-14 10:56:04,Chinese Speed Baccarat 2,telecho|niconico|P,1
2026-06-14 11:02:55,Japanese Speed Baccarat 3,telecho|telecho|B,1
2026-06-14 11:03:50,Speed Baccarat 15,telecho|telecho|B,1
2026-06-14 11:04:41,Japanese Speed Baccarat 1,telecho|telecho|B,1
2026-06-14 11:04:43,Super 8 Baccarat,niconico|dragon|P,0
2026-06-14 11:05:51,Speed Baccarat 6,niconico|dragon|P,0
2026-06-14 11:08:33,Korean Baccarat 2,niconico|dragon|P,0
2026-06-14 11:25:57,Chinese Speed Baccarat 2,niconico|dragon|P,0
2026-06-14 11:27:41,Chinese Speed Baccarat 2,telecho|telecho|B,0
2026-06-14 11:30:13,Chinese Speed Baccarat 1,niconico|dragon|P,1
2026-06-14 11:30:29,Speed Baccarat 3,telecho|telecho|B,0
2026-06-14 11:32:06,Indonesian Speed Baccarat 2,telecho|niconico|P,0
2026-06-14 11:34:26,Japanese Speed Baccarat 1,telecho|telecho|B,1
2026-06-14 11:35:34,Baccarat 6,niconico|niconico|B,0
2026-06-14 12:04:43,Korean Speed Baccarat 1,niconico|dragon|P,0
2026-06-14 12:11:03,Speed Baccarat 9,niconico|dragon|P,0
2026-06-14 12:19:11,Speed Baccarat 6,telecho|telecho|B,0
2026-06-14 12:26:53,Chinese Speed Baccarat 2,telecho|telecho|B,0
2026-06-14 12:40:59,Thai Speed Baccarat 1,niconico|niconico|B,0
2026-06-14 12:44:56,Vietnamese Speed Baccarat 3,niconico|niconico|B,1
2026-06-14 12:50:06,Speed Baccarat 8,telecho|niconico|P,0
2026-06-14 12:55:43,Korean Speed Baccarat 1,telecho|telecho|B,1
2026-06-14 13:22:02,Speed Baccarat 8,telecho|telecho|B,1
2026-06-14 13:35:25,Speed Baccarat 15,niconico|dragon|P,0
2026-06-14 13:36:23,Speed Baccarat 12,niconico|dragon|P,1
2026-06-14 13:36:29,Speed Baccarat 13,telecho|telecho|B,1
2026-06-14 13:38:06,Japanese Speed Baccarat 3,telecho|telecho|B,1
2026-06-14 13:40:12,Speed Baccarat 17,telecho|telecho|B,1
2026-06-14 13:42:45,Speed Baccarat 6,niconico|dragon|P,1
2026-06-14 13:56:23,Korean Speed Baccarat 3,telecho|niconico|P,0
2026-06-14 13:59:56,Korean Turbo Baccarat 1,sansan|telecho|P,1
2026-06-14 14:05:38,Super 8 Baccarat,telecho|telecho|B,1
2026-06-14 14:08:26,Speed Baccarat 9,sansan|telecho|P,1
2026-06-14 14:10:52,Speed Baccarat 17,telecho|telecho|B,1
2026-06-14 14:12:10,Speed Baccarat 6,telecho|telecho|B,1
2026-06-14 14:14:48,Chinese Speed Baccarat 3,sansan|telecho|P,0
2026-06-14 14:41:26,Vietnamese Speed Baccarat 3,telecho|telecho|B,0
2026-06-14 14:41:44,Speed Baccarat 3,niconico|niconico|B,0
2026-06-14 14:52:30,Speed Baccarat 8,niconico|dragon|P,0
2026-06-14 14:54:36,Speed Baccarat 11,telecho|telecho|B,1
2026-06-14 14:56:40,Vietnamese Speed Baccarat 1,telecho|telecho|B,1
2026-06-14 15:11:00,Speed Baccarat 5,niconico|dragon|P,1
2026-06-14 15:19:04,Japanese Speed Baccarat 3,telecho|niconico|P,1
2026-06-14 15:23:53,Speed Baccarat 11,telecho|telecho|B,1
2026-06-14 15:25:12,Japanese Speed Baccarat 3,telecho|niconico|P,1
2026-06-14 15:25:51,Baccarat 6,telecho|telecho|B,0
2026-06-14 15:35:59,Korean Turbo Baccarat 1,niconico|dragon|P,0
2026-06-14 15:38:05,Speed Baccarat 17,niconico|niconico|B,1
2026-06-14 15:40:16,Speed Baccarat 5,telecho|telecho|B,1
2026-06-14 15:41:41,Indonesian Speed Baccarat 1,telecho|niconico|P,0
2026-06-14 15:42:33,Chinese Speed Baccarat 3,niconico|dragon|P,1
2026-06-14 15:52:54,Baccarat 6,telecho|niconico|P,0
2026-06-14 16:11:59,Indonesian Speed Baccarat 2,telecho|niconico|P,0
2026-06-14 16:17:04,STAKE SPEED BACCARAT,niconico|dragon|P,0
2026-06-14 16:25:21,Korean Speed Baccarat 5,telecho|telecho|B,1
2026-06-14 16:34:10,Baccarat 6,telecho|telecho|B,0
2026-06-14 16:34:29,Thai Baccarat 1,niconico|dragon|P,1
2026-06-14 16:36:42,Speed Baccarat 16,telecho|telecho|B,1
2026-06-14 16:43:41,Speed Baccarat 12,niconico|dragon|P,0
2026-06-14 16:49:40,Korean Baccarat 2,telecho|telecho|B,0
2026-06-14 16:53:48,Speed Baccarat 8,sansan|telecho|P,1
2026-06-14 16:57:46,Super 8 Baccarat,telecho|telecho|B,0
2026-06-14 16:58:07,Korean Turbo Baccarat 1,niconico|dragon|P,1
2026-06-14 17:02:13,Thai Speed Baccarat 1,niconico|dragon|P,1
2026-06-14 17:02:45,Speed Baccarat 16,telecho|telecho|B,1
2026-06-14 17:05:23,Speed Baccarat 17,telecho|telecho|B,1
2026-06-14 17:07:52,Korean Speed Baccarat 5,niconico|dragon|P,0
2026-06-14 17:10:17,Fortune 6 Baccarat,telecho|niconico|P,0
2026-06-14 17:21:11,Chinese Speed Baccarat 3,telecho|niconico|P,0
2026-06-14 17:30:09,Korean Speed Baccarat 2,telecho|telecho|B,1
2026-06-14 17:38:57,STAKE SPEED BACCARAT,telecho|telecho|B,0
2026-06-14 17:40:40,Vietnamese Speed Baccarat 1,telecho|niconico|P,1
2026-06-14 17:41:12,Speed Baccarat 17,niconico|niconico|B,1
2026-06-14 17:46:31,Japanese Speed Baccarat 2,niconico|dragon|P,0
2026-06-14 17:51:02,Speed Baccarat 2,niconico|dragon|P,1
2026-06-14 17:54:35,Speed Baccarat 15,telecho|telecho|B,1
2026-06-14 18:19:16,Speed Baccarat 2,telecho|telecho|B,1
2026-06-14 18:36:56,Chinese Speed Baccarat 2,telecho|niconico|P,1
2026-06-14 18:50:04,Baccarat 1,niconico|dragon|P,1
2026-06-14 18:51:42,Speed Baccarat 6,niconico|dragon|P,0
2026-06-14 18:55:26,Speed Baccarat 15,telecho|niconico|P,0
2026-06-14 18:57:06,Thai Speed Baccarat 2,telecho|telecho|B,1
2026-06-14 19:02:21,Speed Baccarat 16,telecho|telecho|B,1
2026-06-14 19:08:18,Turbo Baccarat,telecho|telecho|B,0
2026-06-14 19:24:18,Thai Speed Baccarat 2,telecho|niconico|P,0
2026-06-14 19:24:26,Speed Baccarat 3,niconico|dragon|P,1
2026-06-14 19:29:56,Baccarat 2,telecho|telecho|B,1
2026-06-14 19:30:56,Speed Baccarat 16,telecho|telecho|B,0
2026-06-14 19:42:33,Vietnamese Speed Baccarat 2,telecho|telecho|B,0
2026-06-14 19:51:07,Korean Speed Baccarat 1,telecho|telecho|B,0
2026-06-14 19:55:15,Chinese Speed Baccarat 3,niconico|niconico|B,1
2026-06-14 19:59:06,Vietnamese Speed Baccarat 3,niconico|dragon|P,1
2026-06-14 20:04:22,Speed Baccarat 18,telecho|telecho|B,1
2026-06-14 20:05:18,Japanese Speed Baccarat 1,telecho|telecho|B,0
2026-06-14 20:05:43,Korean Speed Baccarat 3,niconico|dragon|P,0
2026-06-14 20:07:47,Baccarat 1,niconico|dragon|P,0
2026-06-14 20:12:49,Indonesian Speed Baccarat 2,sansan|telecho|P,0
2026-06-14 20:17:38,Baccarat 3,telecho|telecho|B,0
2026-06-14 20:23:38,Thai Speed Baccarat 1,telecho|niconico|P,0
2026-06-14 20:27:01,Speed Baccarat 15,niconico|dragon|P,0
2026-06-14 20:32:10,Chinese Speed Baccarat 2,telecho|niconico|P,0
2026-06-14 20:33:24,Japanese Speed Baccarat 3,telecho|telecho|B,1
2026-06-14 20:37:15,Japanese Speed Baccarat 3,niconico|dragon|P,0
2026-06-14 20:43:09,Baccarat 2,niconico|dragon|P,1
2026-06-14 20:53:04,Speed Baccarat 2,niconico|dragon|P,0
2026-06-14 20:55:06,Super 8 Baccarat,telecho|niconico|P,1
2026-06-14 20:55:57,Super 8 Baccarat,telecho|niconico|P,1
2026-06-14 20:58:10,Speed Baccarat 2,sansan|telecho|P,1
2026-06-14 21:00:06,Speed Baccarat 1,telecho|telecho|B,1
2026-06-14 21:07:40,Thai Speed Baccarat 1,telecho|niconico|P,1
2026-06-14 21:11:14,Japanese Speed Baccarat 2,telecho|niconico|P,0
2026-06-14 21:13:38,Indonesian Speed Baccarat 1,niconico|dragon|P,1
2026-06-14 21:22:23,Baccarat 2,telecho|telecho|B,0
2026-06-14 21:28:21,Korean Baccarat 2,telecho|niconico|P,1
2026-06-14 21:29:22,Speed Baccarat 16,telecho|telecho|B,0
2026-06-14 21:31:54,Speed Baccarat 8,telecho|niconico|P,1
2026-06-14 21:45:02,Korean Turbo Baccarat 1,telecho|telecho|B,0
2026-06-14 21:49:53,Speed Baccarat 12,telecho|telecho|B,0
2026-06-14 21:55:53,Vietnamese Speed Baccarat 3,telecho|telecho|B,1
2026-06-14 21:57:46,Japanese Speed Baccarat 3,telecho|telecho|B,1
2026-06-14 22:02:06,Speed Baccarat 9,niconico|niconico|B,1
2026-06-14 22:21:53,Vietnamese Speed Baccarat 1,telecho|telecho|B,0
2026-06-14 22:22:13,Speed Baccarat 12,niconico|dragon|P,1
2026-06-14 22:33:20,Korean Turbo Baccarat 1,niconico|dragon|P,1
2026-06-14 22:42:05,Fortune 6 Baccarat,niconico|dragon|P,0
2026-06-14 22:53:59,Speed Baccarat 12,niconico|dragon|P,0
2026-06-14 22:54:22,Speed Baccarat 13,telecho|telecho|B,0
2026-06-14 23:00:17,Thai Speed Baccarat 1,niconico|dragon|P,1
2026-06-14 23:15:26,Speed Baccarat 11,telecho|niconico|P,0
2026-06-14 23:28:35,Speed Baccarat 1,telecho|telecho|B,0
2026-06-14 23:29:09,Vietnamese Speed Baccarat 1,telecho|telecho|B,1
2026-06-14 23:31:30,Korean Speed Baccarat 1,niconico|dragon|P,1
2026-06-14 23:37:24,Korean Baccarat 2,telecho|telecho|B,0
2026-06-14 23:38:43,Japanese Speed Baccarat 2,niconico|dragon|P,1
2026-06-14 23:56:35,Baccarat 6,telecho|telecho|B,0
2026-06-15 00:01:08,Thai Baccarat 1,telecho|telecho|B,1
2026-06-15 00:02:20,STAKE SPEED BACCARAT,telecho|telecho|B,0
2026-06-15 00:06:00,Baccarat 6,niconico|dragon|P,0
2026-06-15 00:31:53,Speed Baccarat 9,telecho|telecho|B,1
2026-06-15 00:40:28,Baccarat 3,telecho|telecho|B,1
2026-06-15 00:51:32,Thai Speed Baccarat 1,telecho|telecho|B,1
2026-06-15 01:04:23,Japanese Speed Baccarat 3,telecho|niconico|P,0
2026-06-15 01:07:04,Thai Speed Baccarat 1,telecho|telecho|B,1
2026-06-15 01:07:17,Fortune 6 Baccarat,telecho|telecho|B,1
2026-06-15 01:19:57,Korean Speed Baccarat 2,telecho|telecho|B,0
2026-06-15 01:26:26,Japanese Speed Baccarat 1,telecho|telecho|B,1
2026-06-15 01:30:23,Speed Baccarat 7,telecho|telecho|B,1
2026-06-15 01:37:38,Korean Turbo Baccarat 1,telecho|telecho|B,0
2026-06-15 01:47:16,Speed Baccarat 13,telecho|telecho|B,1
2026-06-15 01:47:27,Baccarat 3,telecho|niconico|P,0
2026-06-15 01:55:36,Korean Baccarat 2,telecho|telecho|B,1
2026-06-15 01:58:01,Thai Speed Baccarat 1,niconico|niconico|B,0
2026-06-15 02:01:22,Korean Turbo Baccarat 1,telecho|telecho|B,1
2026-06-15 02:02:56,Turbo Baccarat,telecho|telecho|B,0
2026-06-15 02:08:31,Turbo Baccarat,niconico|dragon|P,0
2026-06-15 02:10:39,Chinese Speed Baccarat 2,telecho|telecho|B,1
2026-06-15 02:23:27,Speed Baccarat 11,telecho|telecho|B,0
2026-06-15 02:27:16,Speed Baccarat 7,telecho|niconico|P,1
2026-06-15 02:27:23,Korean Speed Baccarat 5,telecho|telecho|B,0
2026-06-15 02:27:40,Speed Baccarat 7,telecho|niconico|P,0
2026-06-15 02:29:56,Speed Baccarat 9,telecho|telecho|B,1
2026-06-15 02:37:07,STAKE SPEED BACCARAT,telecho|telecho|B,1
2026-06-15 02:48:54,Vietnamese Speed Baccarat 2,sansan|telecho|P,1
2026-06-15 02:49:30,Korean Speed Baccarat 3,telecho|niconico|P,1
2026-06-15 02:50:48,Speed Baccarat 3,telecho|telecho|B,0
2026-06-15 02:57:52,Speed Baccarat 6,niconico|dragon|P,0
2026-06-15 03:12:47,Speed Baccarat 15,telecho|telecho|B,1
2026-06-15 03:14:17,Korean Turbo Baccarat 1,telecho|telecho|B,1
2026-06-15 03:16:04,Speed Baccarat 3,telecho|telecho|B,1
2026-06-15 03:23:46,Baccarat 5,telecho|niconico|P,1
2026-06-15 03:23:54,Japanese Speed Baccarat 1,niconico|dragon|P,0
2026-06-15 03:24:44,Baccarat 5,niconico|niconico|B,1
2026-06-15 03:28:14,Speed Baccarat 7,niconico|dragon|P,1
2026-06-15 03:28:37,Speed Baccarat 9,telecho|niconico|P,0
2026-06-15 03:33:09,Vietnamese Speed Baccarat 3,telecho|telecho|B,1
2026-06-15 03:40:55,Indonesian Speed Baccarat 1,niconico|dragon|P,0
2026-06-15 03:42:22,Chinese Speed Baccarat 2,telecho|telecho|B,1
2026-06-15 03:51:53,Korean Speed Baccarat 3,telecho|niconico|P,1
2026-06-15 03:56:36,Korean Speed Baccarat 5,niconico|dragon|P,1
2026-06-15 04:02:17,Speed Baccarat 5,telecho|telecho|B,1
2026-06-15 04:03:49,STAKE SPEED BACCARAT,telecho|telecho|B,1
2026-06-15 04:03:53,Korean Turbo Baccarat 1,telecho|niconico|P,1
2026-06-15 04:15:07,Speed Baccarat 3,telecho|telecho|B,0
2026-06-15 04:15:55,Chinese Speed Baccarat 2,niconico|dragon|P,0
2026-06-15 04:31:09,Korean Baccarat 2,telecho|telecho|B,0
2026-06-15 04:31:30,Vietnamese Speed Baccarat 3,telecho|telecho|B,0
2026-06-15 04:31:36,Thai Speed Baccarat 2,telecho|telecho|B,0
2026-06-15 04:41:17,Speed Baccarat 15,niconico|dragon|P,1
2026-06-15 04:42:48,Vietnamese Speed Baccarat 2,telecho|telecho|B,1
2026-06-15 04:48:55,Japanese Speed Baccarat 2,telecho|niconico|P,1
2026-06-15 04:53:54,STAKE SPEED BACCARAT,niconico|dragon|P,1
2026-06-15 04:55:14,STAKE SPEED BACCARAT,niconico|dragon|P,0
2026-06-15 04:59:16,Thai Speed Baccarat 2,telecho|telecho|B,0
2026-06-15 05:00:42,Chinese Speed Baccarat 1,telecho|telecho|B,0
2026-06-15 05:00:52,Speed Baccarat 5,telecho|telecho|B,1
2026-06-15 05:08:51,Korean Baccarat 2,telecho|telecho|B,0
2026-06-15 05:17:45,Chinese Speed Baccarat 2,telecho|telecho|B,1
2026-06-15 05:26:00,Speed Baccarat 18,telecho|telecho|B,1
2026-06-15 05:26:08,STAKE SPEED BACCARAT,telecho|niconico|P,1
2026-06-15 05:26:30,Speed Baccarat 3,niconico|dragon|P,1
2026-06-15 05:31:43,Korean Speed Baccarat 5,telecho|niconico|P,1
2026-06-15 05:49:53,Thai Baccarat 1,telecho|niconico|P,0
2026-06-15 05:52:05,Korean Baccarat 2,telecho|telecho|B,0
2026-06-15 05:52:21,Speed Baccarat 6,telecho|niconico|P,1
2026-06-15 05:54:11,Speed Baccarat 7,telecho|telecho|B,1
2026-06-15 05:57:10,Speed Baccarat 6,niconico|dragon|P,0
2026-06-15 05:58:28,Speed Baccarat 18,telecho|niconico|P,1
2026-06-15 05:59:41,Speed Baccarat 18,niconico|dragon|P,0
2026-06-15 06:12:47,Speed Baccarat 11,telecho|telecho|B,1
2026-06-15 06:13:14,Turbo Baccarat,niconico|dragon|P,0
2026-06-15 06:29:05,Speed Baccarat 5,sansan|telecho|P,1
2026-06-15 06:38:30,Chinese Speed Baccarat 3,telecho|telecho|B,0
2026-06-15 06:41:28,Chinese Speed Baccarat 3,telecho|niconico|P,0
2026-06-15 06:53:55,Chinese Speed Baccarat 2,telecho|telecho|B,1
2026-06-15 07:00:18,Fortune 6 Baccarat,telecho|telecho|B,1
2026-06-15 07:06:39,Turbo Baccarat,telecho|telecho|B,1
2026-06-15 07:06:55,Baccarat 5,telecho|niconico|P,1
2026-06-15 07:07:11,Vietnamese Speed Baccarat 3,telecho|telecho|B,1
2026-06-15 07:16:48,Vietnamese Speed Baccarat 2,telecho|niconico|P,1
2026-06-15 07:26:50,Korean Baccarat 1,niconico|dragon|P,0
2026-06-15 07:32:10,Korean Speed Baccarat 3,niconico|dragon|P,1
2026-06-15 07:38:06,STAKE SPEED BACCARAT,sansan|telecho|P,1
2026-06-15 07:42:02,Speed Baccarat 11,telecho|telecho|B,0
2026-06-15 07:52:45,Korean Turbo Baccarat 1,niconico|dragon|P,1
2026-06-15 07:53:03,Korean Turbo Baccarat 1,niconico|dragon|P,0
2026-06-15 08:04:59,Turbo Baccarat,telecho|telecho|B,0
2026-06-15 08:15:02,Chinese Speed Baccarat 2,niconico|niconico|B,1
2026-06-15 08:16:04,Japanese Speed Baccarat 2,telecho|telecho|B,1
2026-06-15 08:16:09,Speed Baccarat 13,telecho|telecho|B,0
2026-06-15 08:27:35,Speed Baccarat 9,niconico|dragon|P,0
2026-06-15 08:33:26,Korean Speed Baccarat 3,sansan|telecho|P,1
2026-06-15 08:40:02,Korean Turbo Baccarat 1,niconico|dragon|P,0
2026-06-15 08:42:11,Baccarat 3,niconico|dragon|P,0
2026-06-15 08:43:22,Speed Baccarat 12,telecho|telecho|B,0
2026-06-15 08:56:40,Indonesian Speed Baccarat 1,telecho|niconico|P,0
2026-06-15 09:13:27,Baccarat 2,niconico|dragon|P,0
2026-06-15 09:18:53,Baccarat 3,sansan|telecho|P,0
2026-06-15 09:19:35,Thai Speed Baccarat 2,telecho|telecho|B,1
2026-06-15 09:32:59,Speed Baccarat 15,telecho|niconico|P,0
2026-06-15 09:33:42,Korean Speed Baccarat 3,telecho|niconico|P,0
2026-06-15 09:41:44,STAKE SPEED BACCARAT,telecho|telecho|B,0
2026-06-15 09:42:50,Vietnamese Speed Baccarat 3,sansan|telecho|P,1
2026-06-15 09:50:47,Thai Speed Baccarat 1,telecho|telecho|B,0
2026-06-15 09:52:06,Thai Speed Baccarat 2,telecho|telecho|B,0
2026-06-15 09:52:36,Korean Speed Baccarat 1,niconico|niconico|B,0
2026-06-15 10:04:55,Speed Baccarat 9,telecho|telecho|B,0
2026-06-15 10:10:32,Speed Baccarat 18,telecho|telecho|B,1
2026-06-15 10:26:59,Chinese Speed Baccarat 2,telecho|telecho|B,0
2026-06-15 10:32:27,Speed Baccarat 18,niconico|dragon|P,1
2026-06-15 10:35:52,Japanese Speed Baccarat 1,niconico|dragon|P,0
2026-06-15 10:41:11,Speed Baccarat 3,niconico|dragon|P,0
2026-06-15 10:41:28,Thai Speed Baccarat 1,telecho|niconico|P,1
2026-06-15 10:54:39,Speed Baccarat 15,telecho|telecho|B,1
2026-06-15 11:02:56,Speed Baccarat 2,niconico|dragon|P,1
2026-06-15 11:08:23,Speed Baccarat 1,telecho|niconico|P,0
2026-06-15 11:12:08,Chinese Speed Baccarat 1,telecho|niconico|P,0
2026-06-15 11:21:50,MEGA BACCARAT,telecho|niconico|P,1
2026-06-15 11:24:22,Speed Baccarat 5,telecho|telecho|B,1
2026-06-15 11:49:05,Korean Speed Baccarat 2,telecho|telecho|B,1
2026-06-15 11:54:04,Korean Speed Baccarat 2,telecho|telecho|B,1
2026-06-15 11:59:47,Chinese Speed Baccarat 2,niconico|dragon|P,1
2026-06-15 12:02:13,Speed Baccarat 2,niconico|dragon|P,0
2026-06-15 12:02:21,Korean Speed Baccarat 3,telecho|telecho|B,1
2026-06-15 12:09:27,Korean Speed Baccarat 5,telecho|telecho|B,0
2026-06-15 12:10:27,Speed Baccarat 2,niconico|dragon|P,1
2026-06-15 12:10:52,Speed Baccarat 2,niconico|dragon|P,0
2026-06-15 12:14:19,Speed Baccarat 12,sansan|telecho|P,0
2026-06-15 12:15:49,Vietnamese Speed Baccarat 3,telecho|telecho|B,1
2026-06-15 12:20:40,Korean Turbo Baccarat 1,telecho|telecho|B,0
2026-06-15 12:20:50,Chinese Speed Baccarat 3,telecho|telecho|B,1
2026-06-15 12:28:58,Speed Baccarat 15,niconico|dragon|P,0
2026-06-15 12:32:50,Korean Speed Baccarat 2,telecho|telecho|B,1
2026-06-15 12:32:57,Speed Baccarat 18,telecho|telecho|B,0
2026-06-15 12:36:18,Korean Turbo Baccarat 1,telecho|telecho|B,0
2026-06-15 12:47:54,Speed Baccarat 5,telecho|telecho|B,1
2026-06-15 12:51:32,Speed Baccarat 1,niconico|niconico|B,0
2026-06-15 12:51:44,Korean Speed Baccarat 2,telecho|niconico|P,1
2026-06-15 12:51:51,Baccarat 1,telecho|niconico|P,1
2026-06-15 12:52:08,Korean Speed Baccarat 2,telecho|niconico|P,0
2026-06-15 13:03:45,Fortune 6 Baccarat,telecho|niconico|P,0
2026-06-15 13:04:38,Korean Speed Baccarat 3,telecho|niconico|P,1
2026-06-15 13:04:52,Speed Baccarat 7,niconico|dragon|P,0
2026-06-15 13:08:45,Indonesian Speed Baccarat 2,telecho|telecho|B,0
2026-06-15 13:11:05,Thai Speed Baccarat 1,niconico|dragon|P,0
2026-06-15 13:30:59,Korean Speed Baccarat 1,telecho|telecho|B,1
2026-06-15 13:37:21,Speed Baccarat 16,sansan|telecho|P,0
2026-06-15 13:38:47,Baccarat 3,niconico|niconico|B,0
2026-06-15 14:00:54,Speed Baccarat 9,niconico|dragon|P,1
2026-06-15 14:13:04,Chinese Speed Baccarat 1,telecho|telecho|B,1
2026-06-15 14:15:32,Korean Speed Baccarat 5,niconico|dragon|P,0
2026-06-15 14:21:09,Chinese Speed Baccarat 1,niconico|dragon|P,1
2026-06-15 14:29:54,Japanese Speed Baccarat 1,niconico|dragon|P,1
2026-06-15 14:35:08,Speed Baccarat 9,telecho|telecho|B,0
2026-06-15 14:39:50,Korean Speed Baccarat 3,niconico|dragon|P,0
2026-06-15 14:46:01,Korean Speed Baccarat 5,sansan|telecho|P,0
2026-06-15 15:21:33,Vietnamese Speed Baccarat 2,telecho|niconico|P,1
2026-06-15 15:22:20,Vietnamese Speed Baccarat 2,telecho|niconico|P,0
2026-06-15 15:27:30,Korean Turbo Baccarat 1,telecho|telecho|B,0
2026-06-15 15:28:54,Japanese Speed Baccarat 3,sansan|telecho|P,0
2026-06-15 15:29:59,Speed Baccarat 13,niconico|dragon|P,1
2026-06-15 15:35:41,Speed Baccarat 16,niconico|dragon|P,1
2026-06-15 15:42:51,Speed Baccarat 12,telecho|telecho|B,0
2026-06-15 15:44:50,Vietnamese Speed Baccarat 3,sansan|telecho|P,1
2026-06-15 16:01:00,Speed Baccarat 16,niconico|niconico|B,1
2026-06-15 16:08:05,Speed Baccarat 13,niconico|dragon|P,0
2026-06-15 16:25:19,MEGA BACCARAT,telecho|telecho|B,0
2026-06-15 16:28:42,Speed Baccarat 18,niconico|dragon|P,1
2026-06-15 16:34:20,Chinese Speed Baccarat 2,telecho|telecho|B,0
2026-06-15 16:40:45,Korean Baccarat 1,telecho|niconico|P,1
2026-06-15 16:41:16,Speed Baccarat 3,niconico|dragon|P,1
2026-06-15 16:41:43,Korean Baccarat 1,niconico|niconico|B,0
2026-06-15 16:49:49,Indonesian Speed Baccarat 1,niconico|dragon|P,1
2026-06-15 16:50:15,Indonesian Speed Baccarat 1,niconico|dragon|P,0
2026-06-15 16:54:05,Vietnamese Speed Baccarat 2,telecho|telecho|B,0
2026-06-15 16:58:05,Korean Baccarat 2,sansan|telecho|P,1
2026-06-15 17:02:58,Baccarat 7,telecho|niconico|P,0
2026-06-15 17:03:41,Thai Speed Baccarat 1,telecho|telecho|B,0
2026-06-15 17:15:43,Korean Speed Baccarat 5,niconico|dragon|P,1
2026-06-15 17:17:51,Speed Baccarat 7,telecho|telecho|B,1
2026-06-15 17:19:03,Baccarat 6,telecho|niconico|P,1
2026-06-15 17:25:20,Indonesian Speed Baccarat 2,telecho|niconico|P,1
2026-06-15 17:25:49,Indonesian Speed Baccarat 2,telecho|niconico|P,0
2026-06-15 17:27:56,Speed Baccarat 12,telecho|telecho|B,1
2026-06-15 17:30:44,Speed Baccarat 1,telecho|niconico|P,1
2026-06-15 17:41:57,Fortune 6 Baccarat,niconico|niconico|B,1
2026-06-15 17:42:54,Baccarat 1,telecho|telecho|B,1
2026-06-15 18:07:57,Turbo Baccarat,niconico|niconico|B,1
2026-06-15 18:08:16,Turbo Baccarat,niconico|niconico|B,1
2026-06-15 18:08:36,Vietnamese Speed Baccarat 3,telecho|telecho|B,1
2026-06-15 18:17:15,Speed Baccarat 8,niconico|niconico|B,0
2026-06-15 18:17:19,Korean Turbo Baccarat 1,niconico|dragon|P,0
2026-06-15 18:22:49,Speed Baccarat 5,telecho|telecho|B,1
2026-06-15 18:32:46,Speed Baccarat 13,telecho|telecho|B,1
2026-06-15 18:42:45,Speed Baccarat 12,telecho|telecho|B,1
2026-06-15 18:46:30,Japanese Speed Baccarat 2,telecho|telecho|B,0
2026-06-15 18:47:04,Korean Speed Baccarat 3,niconico|dragon|P,0
2026-06-15 18:49:43,Korean Baccarat 2,telecho|telecho|B,1
2026-06-15 19:17:55,Thai Baccarat 1,telecho|telecho|B,0
2026-06-15 19:22:23,Speed Baccarat 17,niconico|dragon|P,0
2026-06-15 19:26:54,Korean Speed Baccarat 2,telecho|niconico|P,0
2026-06-15 19:45:51,Vietnamese Speed Baccarat 3,niconico|niconico|B,0
2026-06-15 19:58:51,Thai Baccarat 1,niconico|dragon|P,0
2026-06-15 19:58:57,Speed Baccarat 10,telecho|telecho|B,0
2026-06-15 20:03:16,Korean Baccarat 2,telecho|niconico|P,0
2026-06-15 20:15:07,Indonesian Speed Baccarat 2,niconico|dragon|P,0
2026-06-15 20:20:51,Speed Baccarat 10,niconico|dragon|P,1
2026-06-15 20:31:08,Turbo Baccarat,telecho|telecho|B,1
2026-06-15 20:31:13,Speed Baccarat 13,telecho|niconico|P,1
2026-06-15 20:31:19,Baccarat 2,telecho|telecho|B,0
2026-06-15 20:32:18,Speed Baccarat 13,telecho|niconico|P,0
2026-06-15 21:04:43,Korean Speed Baccarat 2,niconico|niconico|B,1
2026-06-15 21:09:48,Vietnamese Speed Baccarat 3,telecho|telecho|B,1
2026-06-15 21:13:29,Korean Speed Baccarat 1,telecho|niconico|P,1
2026-06-15 21:14:13,Korean Speed Baccarat 1,niconico|niconico|B,0
2026-06-15 21:17:17,Japanese Speed Baccarat 3,niconico|dragon|P,1
2026-06-15 21:19:35,Speed Baccarat 18,telecho|niconico|P,1
2026-06-15 21:19:42,Japanese Speed Baccarat 3,telecho|telecho|B,1
2026-06-15 21:19:59,Speed Baccarat 18,telecho|niconico|P,1
2026-06-15 21:22:56,Thai Speed Baccarat 1,telecho|niconico|P,1
2026-06-15 21:25:13,Thai Speed Baccarat 1,telecho|niconico|P,0
2026-06-15 21:45:12,Speed Baccarat 6,telecho|telecho|B,1
2026-06-15 21:49:33,Baccarat 3,niconico|dragon|P,0
2026-06-15 21:50:07,Vietnamese Speed Baccarat 1,telecho|niconico|P,0
2026-06-15 21:53:04,Korean Turbo Baccarat 1,telecho|niconico|P,1
2026-06-15 21:54:42,Speed Baccarat 15,niconico|dragon|P,0
2026-06-15 21:58:09,Baccarat 1,niconico|niconico|B,0
2026-06-15 22:11:22,Speed Baccarat 8,niconico|dragon|P,1
2026-06-15 22:11:49,Speed Baccarat 8,niconico|dragon|P,0
2026-06-15 22:14:19,Speed Baccarat 12,niconico|niconico|B,1
2026-06-15 22:15:25,Speed Baccarat 18,niconico|niconico|B,1
2026-06-15 22:15:48,Speed Baccarat 18,telecho|niconico|P,0
2026-06-15 22:18:01,Speed Baccarat 12,telecho|niconico|P,0
2026-06-15 22:19:00,Thai Speed Baccarat 1,telecho|telecho|B,0
2026-06-15 22:24:17,Korean Speed Baccarat 5,telecho|telecho|B,0
2026-06-15 22:38:24,Vietnamese Speed Baccarat 1,telecho|telecho|B,0
2026-06-15 22:40:09,Korean Baccarat 1,niconico|dragon|P,0
2026-06-15 22:40:31,Speed Baccarat 3,telecho|niconico|P,1
2026-06-15 22:41:58,Speed Baccarat 3,niconico|dragon|P,0
2026-06-15 22:43:00,Speed Baccarat 7,telecho|telecho|B,1
2026-06-15 22:43:11,Speed Baccarat 2,telecho|telecho|B,1
2026-06-15 22:47:11,Korean Baccarat 2,niconico|dragon|P,1
2026-06-15 22:55:06,Baccarat 6,telecho|telecho|B,1
2026-06-15 22:55:59,Baccarat 2,telecho|telecho|B,0
2026-06-15 23:05:24,Vietnamese Speed Baccarat 2,telecho|telecho|B,1
2026-06-15 23:07:52,Baccarat 5,niconico|dragon|P,1
2026-06-15 23:25:52,Chinese Speed Baccarat 1,niconico|niconico|B,0
2026-06-15 23:28:56,Vietnamese Speed Baccarat 2,telecho|telecho|B,0
2026-06-15 23:32:39,Baccarat 2,telecho|telecho|B,0
2026-06-15 23:33:35,Baccarat 9,niconico|dragon|P,1
2026-06-15 23:34:21,Turbo Baccarat,sansan|telecho|P,0
2026-06-15 23:35:08,Baccarat 2,telecho|telecho|B,1
2026-06-15 23:42:02,Fortune 6 Baccarat,niconico|dragon|P,1
2026-06-15 23:45:00,STAKE SPEED BACCARAT,niconico|dragon|P,1
2026-06-15 23:45:30,Indonesian Speed Baccarat 1,telecho|telecho|B,1
2026-06-15 23:56:27,Turbo Baccarat,telecho|telecho|B,0
2026-06-16 00:01:28,Speed Baccarat 13,telecho|telecho|B,1
2026-06-16 00:20:19,Speed Baccarat 1,telecho|telecho|B,0
2026-06-16 00:20:32,Turbo Baccarat,sansan|telecho|P,1
2026-06-16 00:21:51,Baccarat 5,sansan|telecho|P,1
2026-06-16 00:26:36,Speed Baccarat 13,telecho|telecho|B,0
2026-06-16 00:40:10,Korean Turbo Baccarat 1,telecho|telecho|B,0
2026-06-16 00:49:57,Speed Baccarat 15,niconico|dragon|P,0
2026-06-16 00:55:47,Japanese Speed Baccarat 1,niconico|dragon|P,0
2026-06-16 00:59:14,MEGA BACCARAT,niconico|dragon|P,0
2026-06-16 01:01:27,Korean Speed Baccarat 3,telecho|telecho|B,1
2026-06-16 01:07:39,Turbo Baccarat,niconico|dragon|P,1
2026-06-16 01:17:39,Speed Baccarat 8,telecho|niconico|P,1
2026-06-16 01:18:54,Speed Baccarat 1,niconico|dragon|P,1
2026-06-16 01:31:15,Chinese Speed Baccarat 1,telecho|telecho|B,1
2026-06-16 01:34:24,Korean Speed Baccarat 2,niconico|dragon|P,1
2026-06-16 01:39:50,STAKE SPEED BACCARAT,telecho|niconico|P,1
2026-06-16 01:41:48,Speed Baccarat 3,telecho|telecho|B,1
2026-06-16 01:44:02,Korean Baccarat 1,niconico|niconico|B,0
2026-06-16 01:45:27,Korean Baccarat 1,niconico|dragon|P,1
2026-06-16 02:09:04,Speed Baccarat 16,telecho|telecho|B,1
2026-06-16 02:09:15,Chinese Speed Baccarat 3,telecho|telecho|B,1
2026-06-16 02:13:50,Baccarat 5,sansan|telecho|P,0
2026-06-16 02:14:49,Fortune 6 Baccarat,sansan|telecho|P,1
2026-06-16 02:31:43,Japanese Speed Baccarat 1,niconico|dragon|P,0
2026-06-16 02:37:11,Chinese Speed Baccarat 3,niconico|dragon|P,0
2026-06-16 02:37:18,Fortune 6 Baccarat,telecho|telecho|B,1
2026-06-16 02:37:31,Indonesian Speed Baccarat 1,niconico|dragon|P,1
2026-06-16 02:55:28,Speed Baccarat 7,sansan|telecho|P,1
2026-06-16 02:59:06,Baccarat 3,telecho|telecho|B,0
2026-06-16 03:05:17,Speed Baccarat 12,niconico|dragon|P,0
2026-06-16 03:07:10,Korean Speed Baccarat 1,niconico|dragon|P,0
2026-06-16 03:17:13,Speed Baccarat 15,telecho|niconico|P,0
2026-06-16 03:20:48,Baccarat 5,telecho|telecho|B,0
2026-06-16 03:26:20,Korean Speed Baccarat 1,telecho|niconico|P,0
2026-06-16 03:27:43,Speed Baccarat 12,niconico|dragon|P,1
2026-06-16 03:28:04,Speed Baccarat 12,niconico|dragon|P,0
2026-06-16 03:29:24,Speed Baccarat 6,telecho|telecho|B,0
2026-06-16 03:46:36,Speed Baccarat 11,telecho|telecho|B,1
2026-06-16 03:53:40,Vietnamese Speed Baccarat 2,telecho|telecho|B,1
2026-06-16 03:54:48,Chinese Speed Baccarat 2,telecho|telecho|B,0
2026-06-16 03:59:30,Speed Baccarat 12,sansan|telecho|P,1
2026-06-16 04:01:32,Korean Speed Baccarat 1,telecho|telecho|B,1
2026-06-16 04:09:25,Chinese Speed Baccarat 2,telecho|telecho|B,1
2026-06-16 04:17:56,Speed Baccarat 15,niconico|dragon|P,0
2026-06-16 04:25:33,Super 8 Baccarat,telecho|telecho|B,0
2026-06-16 04:32:13,Speed Baccarat 3,telecho|niconico|P,0
2026-06-16 04:35:57,Speed Baccarat 2,niconico|niconico|B,0
2026-06-16 04:43:05,Baccarat 3,telecho|telecho|B,1
2026-06-16 04:51:47,Korean Baccarat 1,telecho|niconico|P,0
2026-06-16 05:07:54,Korean Speed Baccarat 3,telecho|telecho|B,0
2026-06-16 05:08:27,Speed Baccarat 18,niconico|dragon|P,1
2026-06-16 05:13:24,Baccarat 6,sansan|telecho|P,0
2026-06-16 05:33:09,Speed Baccarat 9,telecho|telecho|B,0
2026-06-16 05:36:28,Korean Speed Baccarat 3,telecho|telecho|B,0
2026-06-16 05:37:06,Baccarat 1,sansan|telecho|P,0
2026-06-16 05:37:36,Japanese Speed Baccarat 1,telecho|telecho|B,0
2026-06-16 05:39:13,Japanese Speed Baccarat 2,telecho|niconico|P,0
2026-06-16 05:45:10,Baccarat 6,niconico|dragon|P,0
2026-06-16 05:45:28,Speed Baccarat 1,telecho|telecho|B,0
2026-06-16 05:52:39,Baccarat 5,telecho|telecho|B,1
2026-06-16 06:01:40,Korean Speed Baccarat 5,telecho|telecho|B,1
2026-06-16 06:01:52,Indonesian Speed Baccarat 2,telecho|telecho|B,0
2026-06-16 06:05:25,Thai Speed Baccarat 1,telecho|telecho|B,1
2026-06-16 06:07:25,Japanese Speed Baccarat 2,telecho|telecho|B,1
2026-06-16 06:39:36,Chinese Speed Baccarat 1,niconico|dragon|P,0
2026-06-16 06:41:39,Fortune 6 Baccarat,telecho|telecho|B,0
2026-06-16 06:44:06,Korean Speed Baccarat 2,niconico|dragon|P,1
2026-06-16 06:52:13,Vietnamese Speed Baccarat 1,niconico|niconico|B,0
2026-06-16 06:53:19,Chinese Speed Baccarat 2,telecho|telecho|B,0
2026-06-16 06:55:25,Korean Speed Baccarat 5,telecho|telecho|B,1
2026-06-16 07:06:47,Speed Baccarat 2,niconico|dragon|P,0
2026-06-16 07:10:15,Speed Baccarat 9,niconico|dragon|P,1
2026-06-16 07:10:22,Thai Speed Baccarat 2,telecho|telecho|B,0
2026-06-16 07:18:47,Baccarat 5,telecho|telecho|B,1
2026-06-16 07:30:04,Baccarat 5,telecho|niconico|P,0
2026-06-16 07:32:11,Indonesian Speed Baccarat 2,telecho|telecho|B,1
2026-06-16 07:34:39,Speed Baccarat 9,telecho|telecho|B,0
2026-06-16 07:39:33,Korean Speed Baccarat 3,niconico|niconico|B,1
2026-06-16 07:40:31,Japanese Speed Baccarat 1,niconico|dragon|P,0
2026-06-16 07:43:05,Baccarat 2,niconico|dragon|P,1
2026-06-16 07:44:21,Korean Speed Baccarat 2,niconico|dragon|P,0
2026-06-16 07:51:32,Thai Speed Baccarat 2,telecho|telecho|B,1
2026-06-16 08:04:19,Speed Baccarat 2,telecho|telecho|B,0
2026-06-16 08:11:04,Korean Baccarat 1,niconico|niconico|B,0
2026-06-16 08:24:17,Vietnamese Speed Baccarat 3,telecho|telecho|B,1
2026-06-16 08:24:30,Super 8 Baccarat,telecho|telecho|B,1
2026-06-16 08:25:45,Vietnamese Speed Baccarat 2,telecho|niconico|P,1
2026-06-16 08:27:47,Vietnamese Speed Baccarat 2,telecho|niconico|P,0
2026-06-16 08:33:30,Turbo Baccarat,telecho|telecho|B,1
2026-06-16 08:35:23,Speed Baccarat 2,niconico|dragon|P,1
2026-06-16 08:39:35,Baccarat 6,telecho|telecho|B,0
2026-06-16 08:46:31,Speed Baccarat 6,telecho|telecho|B,0
2026-06-16 08:56:49,Speed Baccarat 7,niconico|dragon|P,1
2026-06-16 08:59:13,Chinese Speed Baccarat 3,telecho|telecho|B,1
2026-06-16 09:01:37,Baccarat 6,telecho|telecho|B,1
2026-06-16 09:22:05,Korean Turbo Baccarat 1,telecho|telecho|B,1
2026-06-16 09:39:04,Japanese Speed Baccarat 2,telecho|niconico|P,1
2026-06-16 09:40:01,Speed Baccarat 11,niconico|dragon|P,0
2026-06-16 09:47:45,Japanese Speed Baccarat 3,telecho|telecho|B,1
2026-06-16 09:57:12,Baccarat 9,telecho|niconico|P,1
2026-06-16 10:00:30,Korean Speed Baccarat 5,telecho|telecho|B,0
2026-06-16 10:01:19,Speed Baccarat 7,niconico|niconico|B,0
2026-06-16 10:04:36,Baccarat 1,telecho|niconico|P,0
2026-06-16 10:06:34,Speed Baccarat 8,telecho|telecho|B,0
2026-06-16 10:13:53,Japanese Speed Baccarat 1,niconico|niconico|B,1
2026-06-16 10:14:29,Fortune 6 Baccarat,telecho|telecho|B,0
2026-06-16 10:30:41,Speed Baccarat 9,telecho|niconico|P,1
2026-06-16 10:35:40,Thai Speed Baccarat 1,telecho|telecho|B,0
2026-06-16 10:36:10,STAKE SPEED BACCARAT,telecho|telecho|B,1
2026-06-16 10:47:07,Baccarat 2,telecho|telecho|B,1
2026-06-16 10:49:45,Chinese Speed Baccarat 2,sansan|telecho|P,1
2026-06-16 10:51:08,Korean Baccarat 1,niconico|dragon|P,1
2026-06-16 11:01:39,Baccarat 5,niconico|dragon|P,0
2026-06-16 11:08:37,Korean Speed Baccarat 1,telecho|niconico|P,1
2026-06-16 11:09:03,Korean Speed Baccarat 1,telecho|niconico|P,0
2026-06-16 11:19:11,Chinese Speed Baccarat 1,telecho|telecho|B,0
2026-06-16 11:29:43,Chinese Speed Baccarat 3,telecho|telecho|B,1
2026-06-16 11:31:13,Thai Baccarat 1,niconico|dragon|P,1
2026-06-16 11:35:54,Speed Baccarat 18,telecho|telecho|B,1
2026-06-16 11:37:35,Turbo Baccarat,niconico|niconico|B,1
2026-06-16 11:50:09,Fortune 6 Baccarat,niconico|dragon|P,1
2026-06-16 11:59:07,Speed Baccarat 12,telecho|telecho|B,0
2026-06-16 12:10:26,Baccarat 3,niconico|dragon|P,1
2026-06-16 12:53:03,Indonesian Speed Baccarat 2,telecho|telecho|B,0
2026-06-16 12:58:10,Baccarat 5,telecho|niconico|P,0
2026-06-16 13:01:37,Speed Baccarat 7,niconico|dragon|P,1
2026-06-16 13:02:54,Speed Baccarat 5,telecho|telecho|B,1
2026-06-16 13:11:44,Korean Speed Baccarat 3,telecho|niconico|P,0
2026-06-16 13:14:42,Japanese Speed Baccarat 3,telecho|telecho|B,0
2026-06-16 13:14:58,Korean Speed Baccarat 3,telecho|telecho|B,1
2026-06-16 13:21:04,Vietnamese Speed Baccarat 3,telecho|telecho|B,1
2026-06-16 13:28:01,Baccarat 7,telecho|niconico|P,0
2026-06-16 13:29:36,Baccarat 6,niconico|dragon|P,1
2026-06-16 13:32:31,Korean Baccarat 1,telecho|telecho|B,0
2026-06-16 13:44:20,Chinese Speed Baccarat 1,telecho|niconico|P,0
2026-06-16 13:46:09,Speed Baccarat 3,niconico|dragon|P,1
2026-06-16 13:51:06,Chinese Speed Baccarat 1,telecho|niconico|P,1
2026-06-16 13:56:59,MEGA BACCARAT,telecho|telecho|B,0
2026-06-16 13:59:48,Speed Baccarat 13,niconico|dragon|P,0
2026-06-16 14:03:23,Chinese Speed Baccarat 2,telecho|niconico|P,1
2026-06-16 14:22:05,Fortune 6 Baccarat,telecho|telecho|B,0
2026-06-16 14:24:19,Vietnamese Speed Baccarat 3,niconico|dragon|P,1
2026-06-16 14:42:38,Baccarat 3,telecho|telecho|B,0
2026-06-16 14:50:21,Chinese Speed Baccarat 1,sansan|telecho|P,0
2026-06-16 14:56:47,Vietnamese Speed Baccarat 3,telecho|telecho|B,1
2026-06-16 15:01:49,Super 8 Baccarat,telecho|telecho|B,0
2026-06-16 15:13:05,Korean Speed Baccarat 1,telecho|telecho|B,0
2026-06-16 15:16:36,Speed Baccarat 10,telecho|telecho|B,1
2026-06-16 15:16:42,Baccarat 2,niconico|dragon|P,1
2026-06-16 15:16:58,Speed Baccarat 9,telecho|telecho|B,1
2026-06-16 15:17:41,Fortune 6 Baccarat,telecho|telecho|B,0
2026-06-16 15:21:58,Japanese Speed Baccarat 1,telecho|niconico|P,1
2026-06-16 15:24:33,Speed Baccarat 11,telecho|telecho|B,1
2026-06-16 15:30:51,Speed Baccarat 13,niconico|dragon|P,0
2026-06-16 15:31:50,Korean Turbo Baccarat 1,telecho|telecho|B,1
2026-06-16 15:44:59,Japanese Speed Baccarat 2,niconico|dragon|P,1
2026-06-16 15:48:04,Fortune 6 Baccarat,niconico|niconico|B,1
2026-06-16 15:48:28,Fortune 6 Baccarat,niconico|niconico|B,0
2026-06-16 15:51:20,Korean Speed Baccarat 1,sansan|telecho|P,0
2026-06-16 15:51:42,Korean Turbo Baccarat 1,niconico|niconico|B,0
2026-06-16 15:57:58,Speed Baccarat 13,niconico|dragon|P,0
2026-06-16 16:06:16,STAKE SPEED BACCARAT,telecho|telecho|B,1
2026-06-16 16:18:59,Speed Baccarat 15,niconico|dragon|P,0
2026-06-16 16:30:29,Baccarat 1,niconico|dragon|P,0
2026-06-16 16:34:34,Korean Baccarat 2,niconico|dragon|P,1
2026-06-16 16:40:20,Thai Baccarat 1,sansan|telecho|P,1
2026-06-16 16:49:00,Japanese Speed Baccarat 1,telecho|telecho|B,0
2026-06-16 16:50:12,Korean Baccarat 2,niconico|dragon|P,1
2026-06-16 16:57:21,Speed Baccarat 10,telecho|telecho|B,0
2026-06-16 17:08:43,Vietnamese Speed Baccarat 2,telecho|niconico|P,1
2026-06-16 17:10:43,Baccarat 6,niconico|dragon|P,0
2026-06-16 17:13:01,Speed Baccarat 2,niconico|niconico|B,0
2026-06-16 17:18:36,Japanese Speed Baccarat 3,telecho|niconico|P,0
2026-06-16 17:22:33,Korean Speed Baccarat 1,niconico|dragon|P,0
2026-06-16 17:23:42,Indonesian Speed Baccarat 2,telecho|telecho|B,1
2026-06-16 17:27:30,Baccarat 7,niconico|dragon|P,1
2026-06-16 17:33:30,Speed Baccarat 13,niconico|dragon|P,0
2026-06-16 17:37:47,Speed Baccarat 1,telecho|telecho|B,0
2026-06-16 17:47:06,Speed Baccarat 15,niconico|dragon|P,0
2026-06-16 17:49:18,Japanese Speed Baccarat 3,niconico|dragon|P,0
2026-06-16 17:50:12,Baccarat 2,niconico|niconico|B,1
2026-06-16 17:50:38,Speed Baccarat 18,telecho|telecho|B,1
2026-06-16 17:51:46,Baccarat 2,niconico|niconico|B,0
2026-06-16 17:57:41,Baccarat 2,niconico|dragon|P,1
2026-06-16 17:57:52,Chinese Speed Baccarat 2,niconico|dragon|P,1
2026-06-16 18:10:32,Japanese Speed Baccarat 2,telecho|telecho|B,0
2026-06-16 18:16:36,Korean Speed Baccarat 5,telecho|telecho|B,0
2026-06-16 18:18:45,Korean Speed Baccarat 5,telecho|telecho|B,1
2026-06-16 18:21:06,Korean Turbo Baccarat 1,telecho|telecho|B,1
2026-06-16 18:21:21,Speed Baccarat 10,niconico|dragon|P,0
2026-06-16 18:26:56,Korean Speed Baccarat 1,telecho|telecho|B,0
2026-06-16 18:28:03,Japanese Speed Baccarat 1,sansan|telecho|P,0
2026-06-16 18:28:28,Baccarat 2,telecho|telecho|B,0
2026-06-16 18:31:02,Baccarat 3,niconico|dragon|P,0
2026-06-16 18:32:26,Super 8 Baccarat,telecho|niconico|P,0
2026-06-16 19:14:02,Chinese Speed Baccarat 3,telecho|telecho|B,1
2026-06-16 19:21:40,Fortune 6 Baccarat,telecho|niconico|P,0
2026-06-16 19:24:19,Speed Baccarat 10,telecho|telecho|B,1
2026-06-16 19:25:02,Korean Speed Baccarat 1,telecho|telecho|B,1
2026-06-16 19:27:02,Korean Speed Baccarat 1,sansan|telecho|P,1
2026-06-16 19:38:11,Speed Baccarat 1,telecho|niconico|P,1
2026-06-16 19:38:32,Speed Baccarat 1,telecho|niconico|P,0
2026-06-16 19:41:01,Japanese Speed Baccarat 2,telecho|telecho|B,0
2026-06-16 19:43:54,Turbo Baccarat,telecho|niconico|P,1
2026-06-16 19:49:35,Korean Speed Baccarat 3,niconico|niconico|B,1
2026-06-16 20:17:30,Korean Speed Baccarat 2,telecho|niconico|P,1
2026-06-16 20:17:39,Indonesian Speed Baccarat 2,telecho|niconico|P,0
2026-06-16 20:29:50,Baccarat 7,niconico|dragon|P,1
2026-06-16 20:31:29,Thai Speed Baccarat 1,telecho|niconico|P,1
2026-06-16 20:33:41,Speed Baccarat 3,telecho|niconico|P,0
2026-06-16 20:34:18,Thai Speed Baccarat 1,telecho|telecho|B,1
2026-06-16 20:37:11,Japanese Speed Baccarat 2,telecho|niconico|P,0
2026-06-16 20:39:20,Speed Baccarat 8,niconico|niconico|B,1
2026-06-16 20:39:28,Speed Baccarat 2,niconico|niconico|B,1
2026-06-16 20:49:13,Baccarat 9,telecho|telecho|B,1
2026-06-16 20:50:42,Korean Speed Baccarat 3,telecho|telecho|B,0
2026-06-16 20:51:05,Korean Speed Baccarat 5,niconico|dragon|P,0
2026-06-16 20:56:18,Thai Speed Baccarat 1,niconico|dragon|P,1
2026-06-16 21:02:49,Super 8 Baccarat,telecho|telecho|B,1
2026-06-16 21:07:31,Baccarat 1,telecho|niconico|P,0
2026-06-16 21:08:25,Korean Turbo Baccarat 1,telecho|telecho|B,1
2026-06-16 21:24:39,Speed Baccarat 12,telecho|niconico|P,0
2026-06-16 21:27:44,Speed Baccarat 5,sansan|telecho|P,0
2026-06-16 21:28:02,Speed Baccarat 18,sansan|telecho|P,1
2026-06-16 21:35:48,Chinese Speed Baccarat 2,niconico|dragon|P,0
2026-06-16 21:37:03,Speed Baccarat 18,telecho|telecho|B,1
2026-06-16 21:39:10,Baccarat 9,niconico|niconico|B,1
2026-06-16 21:46:43,Korean Baccarat 2,telecho|niconico|P,1
2026-06-16 21:49:02,Speed Baccarat 7,telecho|telecho|B,1
2026-06-16 21:50:38,Japanese Speed Baccarat 3,telecho|telecho|B,1
2026-06-16 21:53:52,Chinese Speed Baccarat 3,niconico|dragon|P,0
2026-06-16 22:04:35,Speed Baccarat 3,telecho|niconico|P,1
2026-06-16 22:07:10,Speed Baccarat 1,telecho|telecho|B,0
2026-06-16 22:25:37,Japanese Speed Baccarat 3,telecho|telecho|B,0
2026-06-16 22:27:02,Speed Baccarat 5,sansan|telecho|P,0
2026-06-16 22:34:07,Japanese Speed Baccarat 1,telecho|telecho|B,0
2026-06-16 22:40:50,Korean Speed Baccarat 2,niconico|dragon|P,1
2026-06-16 22:46:20,Korean Speed Baccarat 2,niconico|niconico|B,1
2026-06-16 22:53:07,Speed Baccarat 12,niconico|dragon|P,0
2026-06-16 22:54:33,Korean Speed Baccarat 3,niconico|dragon|P,0
2026-06-16 23:02:06,Chinese Speed Baccarat 2,telecho|niconico|P,0
2026-06-16 23:06:00,Korean Baccarat 1,telecho|telecho|B,1
2026-06-16 23:18:55,Indonesian Speed Baccarat 1,telecho|telecho|B,0
2026-06-16 23:35:13,Baccarat 6,niconico|niconico|B,1
2026-06-16 23:50:37,Speed Baccarat 1,telecho|telecho|B,1
2026-06-16 23:57:04,Speed Baccarat 7,telecho|telecho|B,1
2026-06-17 00:11:51,Chinese Speed Baccarat 2,niconico|dragon|P,0
2026-06-17 00:15:56,Chinese Speed Baccarat 3,niconico|dragon|P,1
2026-06-17 00:19:22,Korean Baccarat 2,telecho|telecho|B,0
2026-06-17 00:20:26,Korean Baccarat 1,telecho|telecho|B,0
2026-06-17 00:27:07,Speed Baccarat 7,niconico|dragon|P,0
2026-06-17 00:29:51,Speed Baccarat 2,telecho|niconico|P,1
2026-06-17 00:30:52,Speed Baccarat 3,telecho|telecho|B,0
2026-06-17 00:31:51,Speed Baccarat 8,telecho|telecho|B,0
2026-06-17 00:46:02,Fortune 6 Baccarat,telecho|telecho|B,1
2026-06-17 00:52:24,Vietnamese Speed Baccarat 3,niconico|dragon|P,1
2026-06-17 00:59:47,Speed Baccarat 7,telecho|telecho|B,1
2026-06-17 01:15:51,Vietnamese Speed Baccarat 2,telecho|niconico|P,1
2026-06-17 01:16:29,Korean Speed Baccarat 5,telecho|telecho|B,1
2026-06-17 01:18:09,Speed Baccarat 13,telecho|niconico|P,0
2026-06-17 01:20:02,Korean Speed Baccarat 3,telecho|telecho|B,1
2026-06-17 01:20:46,Vietnamese Speed Baccarat 3,telecho|telecho|B,0
2026-06-17 01:28:14,Chinese Speed Baccarat 1,telecho|telecho|B,1
2026-06-17 01:37:07,Baccarat 9,sansan|telecho|P,1
2026-06-17 01:42:04,Thai Speed Baccarat 2,niconico|dragon|P,0
2026-06-17 01:48:31,Korean Turbo Baccarat 1,telecho|telecho|B,0
2026-06-17 01:58:54,Speed Baccarat 6,telecho|niconico|P,0
2026-06-17 02:19:20,Speed Baccarat 5,niconico|niconico|B,0
2026-06-17 02:34:48,Speed Baccarat 1,telecho|niconico|P,1
2026-06-17 02:38:22,Speed Baccarat 7,niconico|dragon|P,1
2026-06-17 02:47:50,Speed Baccarat 13,telecho|telecho|B,1
2026-06-17 02:51:54,Korean Speed Baccarat 3,telecho|telecho|B,0
2026-06-17 02:53:08,Thai Baccarat 1,niconico|dragon|P,1
2026-06-17 02:59:09,Speed Baccarat 2,telecho|telecho|B,0
2026-06-17 03:03:46,Speed Baccarat 2,telecho|niconico|P,0
2026-06-17 03:19:26,Vietnamese Speed Baccarat 1,telecho|telecho|B,1
2026-06-17 03:21:25,Baccarat 1,telecho|telecho|B,0
2026-06-17 03:23:56,Japanese Speed Baccarat 2,niconico|dragon|P,1
2026-06-17 03:29:09,Japanese Speed Baccarat 3,telecho|niconico|P,1
2026-06-17 03:35:06,Indonesian Speed Baccarat 2,sansan|telecho|P,1
2026-06-17 03:35:11,Speed Baccarat 11,telecho|telecho|B,0
2026-06-17 03:39:30,Japanese Speed Baccarat 3,telecho|telecho|B,0
2026-06-17 03:45:45,Korean Turbo Baccarat 1,telecho|niconico|P,0
2026-06-17 04:00:38,Speed Baccarat 2,niconico|niconico|B,0
2026-06-17 04:00:44,Japanese Speed Baccarat 3,telecho|telecho|B,0
2026-06-17 04:09:22,Speed Baccarat 7,telecho|niconico|P,1
2026-06-17 04:13:36,Speed Baccarat 7,niconico|dragon|P,1
2026-06-17 04:32:57,Chinese Speed Baccarat 2,telecho|niconico|P,0
2026-06-17 04:39:27,Thai Speed Baccarat 1,niconico|dragon|P,0
2026-06-17 04:41:46,Indonesian Speed Baccarat 1,telecho|telecho|B,0
2026-06-17 04:57:16,Korean Speed Baccarat 3,sansan|telecho|P,1
2026-06-17 05:00:36,Baccarat 9,telecho|telecho|B,1
2026-06-17 05:05:43,Super 8 Baccarat,telecho|niconico|P,0
2026-06-17 05:09:31,MEGA BACCARAT,niconico|dragon|P,0
2026-06-17 05:16:37,Indonesian Speed Baccarat 1,telecho|telecho|B,0
2026-06-17 05:17:46,Speed Baccarat 13,sansan|telecho|P,1
2026-06-17 05:19:36,Speed Baccarat 13,niconico|dragon|P,1
2026-06-17 05:23:39,Speed Baccarat 15,telecho|niconico|P,0
2026-06-17 05:25:11,Speed Baccarat 18,telecho|niconico|P,0
2026-06-17 05:25:58,Turbo Baccarat,telecho|telecho|B,0
2026-06-17 05:34:48,Korean Baccarat 1,telecho|telecho|B,1
2026-06-17 05:50:20,Vietnamese Speed Baccarat 1,telecho|telecho|B,1
2026-06-17 05:56:56,Speed Baccarat 2,telecho|telecho|B,1
2026-06-17 06:10:55,Speed Baccarat 5,telecho|niconico|P,1
2026-06-17 06:11:22,Speed Baccarat 5,telecho|niconico|P,1
2026-06-17 06:13:30,Turbo Baccarat,telecho|niconico|P,0
2026-06-17 06:17:22,Korean Speed Baccarat 2,telecho|niconico|P,0
2026-06-17 06:17:49,Korean Baccarat 2,niconico|niconico|B,1
2026-06-17 06:18:32,Speed Baccarat 5,telecho|telecho|B,0
2026-06-17 06:33:09,Speed Baccarat 1,niconico|dragon|P,0
2026-06-17 06:34:17,MEGA BACCARAT,niconico|dragon|P,1
2026-06-17 06:34:39,Speed Baccarat 9,sansan|telecho|P,0
2026-06-17 06:45:19,Baccarat 2,telecho|niconico|P,1
2026-06-17 06:46:31,Speed Baccarat 12,telecho|telecho|B,0
2026-06-17 06:49:21,Japanese Speed Baccarat 1,sansan|telecho|P,0
2026-06-17 06:52:34,Vietnamese Speed Baccarat 3,niconico|dragon|P,1
2026-06-17 06:58:57,Korean Turbo Baccarat 1,telecho|telecho|B,1
2026-06-17 07:00:40,Baccarat 3,niconico|dragon|P,0
2026-06-17 07:05:50,Speed Baccarat 11,niconico|dragon|P,1
2026-06-17 07:08:38,Speed Baccarat 11,niconico|dragon|P,0
2026-06-17 07:09:30,MEGA BACCARAT,niconico|niconico|B,0
2026-06-17 07:10:53,Speed Baccarat 5,telecho|telecho|B,1
2026-06-17 07:11:37,MEGA BACCARAT,niconico|dragon|P,0
2026-06-17 07:21:56,Korean Baccarat 1,telecho|niconico|P,1
2026-06-17 07:30:38,Korean Turbo Baccarat 1,telecho|telecho|B,1
2026-06-17 07:31:50,Korean Turbo Baccarat 1,sansan|telecho|P,0
2026-06-17 07:35:38,Korean Turbo Baccarat 1,telecho|telecho|B,1
2026-06-17 07:38:41,Speed Baccarat 11,niconico|dragon|P,1
2026-06-17 07:41:10,Turbo Baccarat,telecho|telecho|B,0
2026-06-17 07:52:21,Vietnamese Speed Baccarat 3,telecho|niconico|P,1
2026-06-17 07:52:28,Korean Turbo Baccarat 1,niconico|dragon|P,1
2026-06-17 07:54:26,Super 8 Baccarat,telecho|niconico|P,0
2026-06-17 07:59:27,Speed Baccarat 2,telecho|telecho|B,1
2026-06-17 08:01:02,Korean Turbo Baccarat 1,niconico|dragon|P,0
2026-06-17 08:10:30,Chinese Speed Baccarat 2,telecho|telecho|B,1
2026-06-17 08:19:04,Speed Baccarat 18,niconico|dragon|P,1
2026-06-17 08:25:22,Speed Baccarat 9,niconico|dragon|P,0
2026-06-17 08:25:35,Baccarat 2,telecho|telecho|B,1
2026-06-17 08:31:33,Thai Speed Baccarat 1,telecho|telecho|B,0
2026-06-17 08:37:21,Thai Speed Baccarat 1,niconico|dragon|P,0
2026-06-17 08:43:52,Baccarat 6,sansan|telecho|P,1
2026-06-17 08:44:07,Speed Baccarat 7,niconico|dragon|P,1
2026-06-17 08:54:30,Speed Baccarat 9,telecho|telecho|B,0
2026-06-17 08:55:15,Indonesian Speed Baccarat 2,telecho|telecho|B,0
2026-06-17 08:55:55,Speed Baccarat 1,telecho|niconico|P,0
2026-06-17 08:57:46,Super 8 Baccarat,telecho|niconico|P,0
2026-06-17 08:58:37,Korean Speed Baccarat 3,telecho|telecho|B,1
2026-06-17 09:03:44,Baccarat 1,niconico|niconico|B,1
2026-06-17 09:04:11,Baccarat 1,niconico|niconico|B,1
2026-06-17 09:05:09,Baccarat 1,telecho|niconico|P,0
2026-06-17 09:30:47,Korean Speed Baccarat 2,telecho|telecho|B,0
2026-06-17 09:31:05,Speed Baccarat 2,niconico|dragon|P,1
2026-06-17 09:48:17,Vietnamese Speed Baccarat 1,telecho|niconico|P,1
2026-06-17 09:51:16,Vietnamese Speed Baccarat 1,telecho|telecho|B,0
2026-06-17 10:04:56,Speed Baccarat 1,niconico|niconico|B,0
2026-06-17 10:05:53,Speed Baccarat 13,telecho|telecho|B,1
2026-06-17 10:09:29,Speed Baccarat 5,niconico|dragon|P,0
2026-06-17 10:41:15,Thai Baccarat 1,niconico|niconico|B,1
2026-06-17 10:42:01,Indonesian Speed Baccarat 1,niconico|niconico|B,0
2026-06-17 10:45:26,Chinese Speed Baccarat 3,telecho|telecho|B,1
2026-06-17 10:47:11,Indonesian Speed Baccarat 1,telecho|telecho|B,1
2026-06-17 10:56:46,Turbo Baccarat,niconico|dragon|P,0
2026-06-17 10:57:59,Baccarat 2,telecho|telecho|B,1
2026-06-17 11:02:35,Thai Speed Baccarat 2,telecho|niconico|P,0
2026-06-17 11:06:45,Thai Speed Baccarat 2,niconico|dragon|P,0
2026-06-17 11:08:23,Thai Speed Baccarat 1,telecho|niconico|P,0
2026-06-17 11:11:36,Speed Baccarat 5,niconico|dragon|P,1
2026-06-17 11:30:48,Speed Baccarat 11,sansan|telecho|P,0
2026-06-17 11:36:53,Korean Speed Baccarat 3,telecho|telecho|B,0
2026-06-17 11:40:33,Speed Baccarat 13,telecho|telecho|B,1
2026-06-17 11:43:32,Chinese Speed Baccarat 1,sansan|telecho|P,1
2026-06-17 11:52:46,Indonesian Speed Baccarat 2,telecho|telecho|B,0
2026-06-17 11:58:39,MEGA BACCARAT,telecho|telecho|B,0
2026-06-17 12:00:23,Speed Baccarat 1,niconico|dragon|P,1
2026-06-17 12:00:46,Speed Baccarat 1,niconico|dragon|P,1
2026-06-17 12:05:48,Turbo Baccarat,niconico|dragon|P,0
2026-06-17 12:07:05,Korean Baccarat 2,telecho|telecho|B,0
2026-06-17 12:07:41,Thai Speed Baccarat 2,sansan|telecho|P,0
2026-06-17 12:28:34,Turbo Baccarat,telecho|telecho|B,1
2026-06-17 12:30:20,STAKE SPEED BACCARAT,niconico|dragon|P,1
2026-06-17 12:38:45,Korean Speed Baccarat 1,niconico|dragon|P,1
2026-06-17 12:48:24,Speed Baccarat 15,niconico|niconico|B,0
2026-06-17 12:52:48,MEGA BACCARAT,niconico|dragon|P,1
2026-06-17 13:12:59,Speed Baccarat 12,telecho|telecho|B,0
2026-06-17 13:18:07,Speed Baccarat 7,telecho|telecho|B,1
2026-06-17 13:24:32,Vietnamese Speed Baccarat 2,telecho|telecho|B,0
2026-06-17 13:25:33,Speed Baccarat 8,niconico|dragon|P,0
2026-06-17 13:35:50,Korean Speed Baccarat 1,telecho|telecho|B,1
2026-06-17 13:36:52,Speed Baccarat 13,niconico|dragon|P,1
2026-06-17 13:40:12,Korean Turbo Baccarat 1,niconico|dragon|P,0
2026-06-17 13:43:45,Baccarat 6,telecho|niconico|P,0
2026-06-17 14:05:40,Baccarat 1,sansan|telecho|P,1
2026-06-17 14:12:56,Baccarat 7,telecho|telecho|B,0
2026-06-17 14:13:36,Baccarat 9,telecho|niconico|P,0
2026-06-17 14:21:24,Japanese Speed Baccarat 2,niconico|dragon|P,1
2026-06-17 14:33:15,Baccarat 9,telecho|telecho|B,0
2026-06-17 14:33:44,Speed Baccarat 9,telecho|telecho|B,1
2026-06-17 14:35:32,Thai Speed Baccarat 2,telecho|telecho|B,0
2026-06-17 14:51:27,Indonesian Speed Baccarat 2,niconico|dragon|P,1
2026-06-17 15:08:21,Speed Baccarat 5,niconico|dragon|P,1
2026-06-17 15:09:42,Speed Baccarat 16,telecho|telecho|B,0
2026-06-17 15:15:46,Korean Turbo Baccarat 1,telecho|telecho|B,0
2026-06-17 15:17:01,Baccarat 1,telecho|telecho|B,0
2026-06-17 15:20:07,Speed Baccarat 11,telecho|niconico|P,0
2026-06-17 15:20:52,Chinese Speed Baccarat 2,niconico|dragon|P,1
2026-06-17 15:24:54,Turbo Baccarat,telecho|niconico|P,1
2026-06-17 15:25:11,Turbo Baccarat,telecho|niconico|P,0
2026-06-17 15:30:58,Speed Baccarat 9,niconico|dragon|P,1
2026-06-17 15:31:39,Speed Baccarat 13,telecho|telecho|B,1
2026-06-17 15:39:58,Speed Baccarat 13,telecho|telecho|B,0
2026-06-17 15:43:50,Speed Baccarat 15,telecho|telecho|B,1
2026-06-17 15:45:02,Chinese Speed Baccarat 2,telecho|telecho|B,0
2026-06-17 15:49:11,Speed Baccarat 12,telecho|telecho|B,1
2026-06-17 15:56:13,Speed Baccarat 12,telecho|telecho|B,0
2026-06-17 15:58:04,Speed Baccarat 7,niconico|dragon|P,1
2026-06-17 16:03:12,Fortune 6 Baccarat,telecho|niconico|P,1
2026-06-17 16:04:47,Fortune 6 Baccarat,telecho|niconico|P,0
2026-06-17 16:21:29,Indonesian Speed Baccarat 2,sansan|telecho|P,1
2026-06-17 16:27:55,Vietnamese Speed Baccarat 3,telecho|telecho|B,1
2026-06-17 16:32:07,Speed Baccarat 1,telecho|niconico|P,1
2026-06-17 16:32:31,Turbo Baccarat,telecho|niconico|P,0
2026-06-17 16:40:45,Korean Speed Baccarat 5,niconico|niconico|B,1
2026-06-17 16:45:52,Speed Baccarat 3,telecho|niconico|P,0
2026-06-17 17:11:37,Speed Baccarat 10,telecho|telecho|B,0
2026-06-17 17:23:01,Speed Baccarat 15,telecho|niconico|P,1
2026-06-17 17:33:35,Speed Baccarat 10,telecho|niconico|P,0
2026-06-17 17:33:40,Speed Baccarat 17,telecho|niconico|P,0
2026-06-17 17:44:19,Chinese Speed Baccarat 1,sansan|telecho|P,1
2026-06-17 17:48:28,Turbo Baccarat,telecho|telecho|B,0
2026-06-17 17:51:27,STAKE SPEED BACCARAT,telecho|niconico|P,1
2026-06-17 17:59:56,Speed Baccarat 5,telecho|telecho|B,1
2026-06-17 18:04:09,Vietnamese Speed Baccarat 2,niconico|dragon|P,0
2026-06-17 18:05:59,Speed Baccarat 8,niconico|dragon|P,1
2026-06-17 18:17:38,Japanese Speed Baccarat 2,niconico|dragon|P,0
2026-06-17 18:39:07,Fortune 6 Baccarat,telecho|telecho|B,0
2026-06-17 19:01:39,Turbo Baccarat,telecho|telecho|B,0
2026-06-17 19:18:48,Korean Speed Baccarat 1,niconico|dragon|P,0
2026-06-17 19:19:16,Speed Baccarat 18,telecho|telecho|B,1
2026-06-17 19:28:14,Thai Speed Baccarat 1,telecho|telecho|B,0
2026-06-17 19:38:23,Japanese Speed Baccarat 2,telecho|telecho|B,1
2026-06-17 19:43:36,Thai Baccarat 1,telecho|telecho|B,0
2026-06-17 19:51:53,Korean Baccarat 2,niconico|niconico|B,0
2026-06-17 19:54:48,Thai Speed Baccarat 2,niconico|niconico|B,1
2026-06-17 19:58:40,Korean Baccarat 2,telecho|telecho|B,0
2026-06-17 19:59:02,Japanese Speed Baccarat 1,telecho|telecho|B,1
2026-06-17 19:59:04,Speed Baccarat 8,niconico|dragon|P,0
2026-06-17 20:02:51,Korean Turbo Baccarat 1,telecho|niconico|P,0
2026-06-17 20:05:05,Baccarat 1,telecho|telecho|B,0
2026-06-17 20:07:42,Chinese Speed Baccarat 3,niconico|dragon|P,1
2026-06-17 20:33:56,Speed Baccarat 5,telecho|telecho|B,0
2026-06-17 20:35:23,Speed Baccarat 10,niconico|dragon|P,1
2026-06-17 20:51:05,Vietnamese Speed Baccarat 1,telecho|telecho|B,1
2026-06-17 21:18:02,Speed Baccarat 3,telecho|telecho|B,1
2026-06-17 21:18:37,Vietnamese Speed Baccarat 3,niconico|niconico|B,0
2026-06-17 21:24:07,STAKE SPEED BACCARAT,telecho|telecho|B,1
2026-06-17 21:25:18,Amazing Baccarat,telecho|niconico|P,1
2026-06-17 21:25:43,Amazing Baccarat,telecho|niconico|P,0
2026-06-17 21:31:42,Indonesian Speed Baccarat 1,telecho|telecho|B,0
2026-06-17 21:44:04,Speed Baccarat 2,telecho|telecho|B,1
2026-06-17 21:51:16,Thai Speed Baccarat 2,telecho|telecho|B,0
2026-06-17 21:54:53,Indonesian Speed Baccarat 1,telecho|telecho|B,1
2026-06-17 22:00:16,Baccarat 1,telecho|niconico|P,1
2026-06-17 22:01:58,Chinese Speed Baccarat 3,niconico|niconico|B,0
2026-06-17 22:03:37,Japanese Speed Baccarat 1,niconico|dragon|P,1
2026-06-17 22:05:19,Speed Baccarat 15,niconico|dragon|P,1
2026-06-17 22:08:58,Japanese Speed Baccarat 2,niconico|dragon|P,0
2026-06-17 22:51:44,Indonesian Speed Baccarat 1,telecho|telecho|B,0
2026-06-17 22:58:54,Japanese Speed Baccarat 1,telecho|telecho|B,0
2026-06-17 23:03:59,Fortune 6 Baccarat,sansan|telecho|P,1
2026-06-17 23:10:06,Chinese Speed Baccarat 1,telecho|telecho|B,1
2026-06-17 23:12:02,Speed Baccarat 13,telecho|telecho|B,0
2026-06-17 23:22:24,Korean Speed Baccarat 1,telecho|telecho|B,0
2026-06-17 23:23:05,MEGA BACCARAT,niconico|niconico|B,1
2026-06-17 23:23:38,MEGA BACCARAT,telecho|niconico|P,1
2026-06-17 23:28:25,Speed Baccarat 7,telecho|niconico|P,0
2026-06-17 23:30:09,Thai Baccarat 1,niconico|dragon|P,1
2026-06-17 23:36:53,Speed Baccarat 12,niconico|niconico|B,0
2026-06-17 23:41:51,Super 8 Baccarat,niconico|dragon|P,0
2026-06-17 23:42:47,Korean Speed Baccarat 5,telecho|niconico|P,1
2026-06-17 23:53:29,Indonesian Speed Baccarat 1,telecho|telecho|B,1
2026-06-17 23:59:32,Korean Speed Baccarat 2,telecho|telecho|B,1
2026-06-18 00:02:46,Speed Baccarat 7,niconico|dragon|P,1
2026-06-18 00:16:00,Turbo Baccarat,telecho|telecho|B,0
2026-06-18 00:24:11,Vietnamese Speed Baccarat 1,telecho|telecho|B,1
2026-06-18 00:42:36,STAKE SPEED BACCARAT,sansan|telecho|P,0
2026-06-18 00:44:57,Korean Turbo Baccarat 1,telecho|telecho|B,1
2026-06-18 00:49:18,Speed Baccarat 1,telecho|niconico|P,1
2026-06-18 00:51:26,Korean Speed Baccarat 3,niconico|dragon|P,1
2026-06-18 00:51:43,Korean Speed Baccarat 3,niconico|dragon|P,1
2026-06-18 00:54:59,Korean Baccarat 2,niconico|dragon|P,1
2026-06-18 00:58:34,Baccarat 6,niconico|dragon|P,1
2026-06-18 01:13:57,Fortune 6 Baccarat,telecho|telecho|B,0
2026-06-18 01:15:46,Speed Baccarat 6,telecho|niconico|P,0
2026-06-18 01:16:02,Speed Baccarat 8,telecho|telecho|B,0
2026-06-18 01:16:32,Indonesian Speed Baccarat 2,niconico|dragon|P,1
2026-06-18 01:17:27,Super 8 Baccarat,niconico|niconico|B,0
2026-06-18 01:28:19,Speed Baccarat 15,niconico|dragon|P,0
2026-06-18 01:33:18,Chinese Speed Baccarat 3,sansan|telecho|P,1
2026-06-18 01:34:40,STAKE SPEED BACCARAT,telecho|telecho|B,0
2026-06-18 01:35:02,Speed Baccarat 11,niconico|dragon|P,0
2026-06-18 01:43:28,Thai Speed Baccarat 1,niconico|dragon|P,0
2026-06-18 01:44:01,Speed Baccarat 18,niconico|dragon|P,0
2026-06-18 01:44:41,Super 8 Baccarat,niconico|dragon|P,1
2026-06-18 01:52:43,Thai Speed Baccarat 2,niconico|dragon|P,1
2026-06-18 01:59:41,Vietnamese Speed Baccarat 1,niconico|dragon|P,0
2026-06-18 02:06:10,Vietnamese Speed Baccarat 3,telecho|telecho|B,1
2026-06-18 02:15:07,Speed Baccarat 6,niconico|dragon|P,0
2026-06-18 02:15:11,Speed Baccarat 7,niconico|dragon|P,0
2026-06-18 02:31:45,Speed Baccarat 2,niconico|dragon|P,0
2026-06-18 02:36:24,Chinese Speed Baccarat 1,telecho|telecho|B,1
2026-06-18 02:36:29,Speed Baccarat 3,niconico|dragon|P,0
2026-06-18 02:41:15,Speed Baccarat 18,telecho|niconico|P,0
2026-06-18 02:45:39,Indonesian Speed Baccarat 1,niconico|dragon|P,1
2026-06-18 03:00:27,STAKE SPEED BACCARAT,telecho|telecho|B,0
2026-06-18 03:19:44,Thai Speed Baccarat 2,telecho|telecho|B,0
2026-06-18 03:27:08,Korean Baccarat 2,telecho|telecho|B,0
2026-06-18 03:31:39,Speed Baccarat 3,telecho|telecho|B,1
2026-06-18 03:39:11,MEGA BACCARAT,sansan|telecho|P,0
2026-06-18 03:53:25,Speed Baccarat 15,telecho|telecho|B,1
2026-06-18 04:10:11,Indonesian Speed Baccarat 1,telecho|telecho|B,1
2026-06-18 04:39:46,Vietnamese Speed Baccarat 3,telecho|niconico|P,1
2026-06-18 04:39:58,Speed Baccarat 1,niconico|dragon|P,0
2026-06-18 04:40:36,Baccarat 9,niconico|niconico|B,0
2026-06-18 04:46:16,Speed Baccarat 9,telecho|telecho|B,1
2026-06-18 04:57:18,Speed Baccarat 11,telecho|telecho|B,0
2026-06-18 05:12:33,Thai Baccarat 1,sansan|telecho|P,0
2026-06-18 05:13:18,Super 8 Baccarat,telecho|niconico|P,1
2026-06-18 05:21:30,Korean Baccarat 2,telecho|niconico|P,1
2026-06-18 05:31:32,Speed Baccarat 2,niconico|dragon|P,0
2026-06-18 05:31:40,STAKE SPEED BACCARAT,niconico|niconico|B,1
2026-06-18 05:38:38,Speed Baccarat 6,sansan|telecho|P,0
2026-06-18 05:56:39,Indonesian Speed Baccarat 2,niconico|dragon|P,0
2026-06-18 05:57:22,Japanese Speed Baccarat 3,niconico|dragon|P,1
2026-06-18 06:19:09,Baccarat 6,sansan|telecho|P,1
2026-06-18 06:26:14,Chinese Speed Baccarat 1,telecho|telecho|B,1
2026-06-18 06:40:08,Turbo Baccarat,niconico|dragon|P,0
2026-06-18 06:41:55,Speed Baccarat 15,niconico|dragon|P,0
2026-06-18 06:45:14,Speed Baccarat 7,telecho|telecho|B,1
2026-06-18 06:48:02,Vietnamese Speed Baccarat 1,niconico|dragon|P,0
2026-06-18 06:53:16,Baccarat 2,telecho|telecho|B,1
2026-06-18 06:54:04,Speed Baccarat 11,telecho|telecho|B,0
2026-06-18 06:56:29,Chinese Speed Baccarat 3,telecho|niconico|P,1
2026-06-18 06:59:30,Speed Baccarat 18,telecho|telecho|B,0
2026-06-18 07:03:43,Speed Baccarat 1,telecho|telecho|B,0
2026-06-18 07:04:59,Chinese Speed Baccarat 3,telecho|telecho|B,0
2026-06-18 07:05:03,Turbo Baccarat,niconico|dragon|P,0
2026-06-18 07:08:01,Speed Baccarat 9,sansan|telecho|P,1
2026-06-18 07:41:36,Super 8 Baccarat,telecho|niconico|P,1
2026-06-18 07:57:26,Korean Speed Baccarat 1,telecho|telecho|B,0
2026-06-18 08:07:24,Korean Baccarat 2,niconico|dragon|P,0
2026-06-18 08:10:44,Japanese Speed Baccarat 1,telecho|telecho|B,0
2026-06-18 08:14:31,Japanese Speed Baccarat 2,sansan|telecho|P,1
2026-06-18 08:21:58,Vietnamese Speed Baccarat 2,niconico|niconico|B,1
2026-06-18 08:30:18,Speed Baccarat 18,niconico|dragon|P,1
2026-06-18 08:40:10,Korean Turbo Baccarat 1,telecho|niconico|P,0
2026-06-18 08:45:35,Super 8 Baccarat,telecho|telecho|B,0
2026-06-18 08:56:48,Speed Baccarat 6,telecho|telecho|B,1
2026-06-18 09:12:26,Korean Baccarat 1,telecho|telecho|B,0
2026-06-18 09:14:57,Speed Baccarat 2,telecho|niconico|P,1
2026-06-18 09:18:25,Korean Baccarat 2,niconico|niconico|B,1
2026-06-18 09:18:55,Korean Baccarat 2,niconico|niconico|B,1
2026-06-18 09:19:36,Japanese Speed Baccarat 2,telecho|telecho|B,0
2026-06-18 09:20:28,Indonesian Speed Baccarat 2,niconico|dragon|P,0
2026-06-18 09:21:04,Vietnamese Speed Baccarat 3,niconico|niconico|B,1
2026-06-18 09:28:25,Turbo Baccarat,telecho|telecho|B,1
2026-06-18 09:39:33,Speed Baccarat 12,niconico|dragon|P,0
2026-06-18 09:49:46,Speed Baccarat 13,niconico|niconico|B,1
2026-06-18 09:49:57,Speed Baccarat 11,niconico|dragon|P,0
2026-06-18 09:50:08,Korean Turbo Baccarat 1,telecho|niconico|P,0
2026-06-18 09:51:40,Amazing Baccarat,niconico|dragon|P,1
2026-06-18 10:12:45,Vietnamese Speed Baccarat 1,telecho|niconico|P,0
2026-06-18 10:18:54,Vietnamese Speed Baccarat 3,telecho|telecho|B,0
2026-06-18 10:31:15,Speed Baccarat 3,telecho|telecho|B,1
2026-06-18 10:37:06,Amazing Baccarat,telecho|telecho|B,0
2026-06-18 10:40:51,Thai Speed Baccarat 1,telecho|niconico|P,1
2026-06-18 10:41:12,Thai Speed Baccarat 1,telecho|niconico|P,0
2026-06-18 10:48:57,Korean Baccarat 1,telecho|niconico|P,1
2026-06-18 11:06:30,Speed Baccarat 12,sansan|telecho|P,0
2026-06-18 11:08:36,Speed Baccarat 5,niconico|dragon|P,1
2026-06-18 11:08:58,Speed Baccarat 8,niconico|dragon|P,1
2026-06-18 11:11:09,Speed Baccarat 13,niconico|dragon|P,0
2026-06-18 11:21:14,Japanese Speed Baccarat 1,niconico|dragon|P,0
2026-06-18 11:25:45,Korean Speed Baccarat 1,telecho|telecho|B,1
2026-06-18 11:32:46,Speed Baccarat 6,niconico|dragon|P,0
2026-06-18 11:35:27,Speed Baccarat 2,telecho|telecho|B,0
2026-06-18 11:52:42,Japanese Speed Baccarat 1,telecho|niconico|P,1
2026-06-18 12:03:37,Thai Baccarat 1,telecho|telecho|B,1
2026-06-18 12:21:22,Speed Baccarat 7,niconico|dragon|P,0
2026-06-18 12:26:49,Baccarat 1,telecho|telecho|B,1
2026-06-18 12:27:01,Speed Baccarat 15,telecho|niconico|P,1
2026-06-18 12:30:42,Thai Speed Baccarat 1,telecho|telecho|B,1
2026-06-18 12:57:13,STAKE SPEED BACCARAT,telecho|telecho|B,0
2026-06-18 13:00:17,Japanese Speed Baccarat 3,sansan|telecho|P,1
2026-06-18 13:07:58,Korean Baccarat 1,telecho|niconico|P,0
2026-06-18 13:11:51,Chinese Speed Baccarat 2,telecho|telecho|B,0
2026-06-18 13:12:36,Korean Speed Baccarat 3,niconico|dragon|P,0
2026-06-18 13:26:17,Speed Baccarat 1,niconico|dragon|P,1
2026-06-18 13:29:17,Japanese Speed Baccarat 1,niconico|dragon|P,1
2026-06-18 13:32:06,Speed Baccarat 16,niconico|dragon|P,0
2026-06-18 13:33:44,Speed Baccarat 16,telecho|telecho|B,1
2026-06-18 13:34:05,Chinese Speed Baccarat 3,telecho|niconico|P,1
2026-06-18 13:34:28,Chinese Speed Baccarat 3,telecho|niconico|P,1
2026-06-18 13:34:33,Baccarat 9,niconico|niconico|B,0
2026-06-18 13:40:21,Vietnamese Speed Baccarat 2,telecho|telecho|B,1
2026-06-18 13:41:55,Speed Baccarat 12,niconico|dragon|P,0
2026-06-18 13:57:59,Thai Baccarat 1,telecho|telecho|B,0
2026-06-18 14:04:43,Indonesian Speed Baccarat 1,telecho|telecho|B,1
2026-06-18 14:08:55,Speed Baccarat 10,telecho|niconico|P,0
2026-06-18 14:14:13,Speed Baccarat 13,telecho|telecho|B,1
2026-06-18 14:16:56,Baccarat 7,telecho|telecho|B,1
2026-06-18 14:17:29,Korean Speed Baccarat 2,telecho|telecho|B,0
2026-06-18 14:20:31,Speed Baccarat 3,niconico|dragon|P,1
2026-06-18 14:22:46,Thai Speed Baccarat 1,telecho|telecho|B,0
2026-06-18 14:32:17,Japanese Speed Baccarat 3,telecho|telecho|B,1
2026-06-18 14:32:26,Baccarat 1,telecho|niconico|P,1
2026-06-18 14:32:39,Speed Baccarat 2,telecho|niconico|P,1
2026-06-18 14:36:41,Speed Baccarat 6,telecho|niconico|P,0
2026-06-18 14:36:43,Korean Speed Baccarat 5,niconico|dragon|P,1
2026-06-18 14:42:55,Chinese Speed Baccarat 1,telecho|telecho|B,1
2026-06-18 14:58:33,MEGA BACCARAT,telecho|niconico|P,0
2026-06-18 15:04:48,Speed Baccarat 13,telecho|niconico|P,0
2026-06-18 15:11:36,Thai Baccarat 1,telecho|telecho|B,1
2026-06-18 15:12:19,Speed Baccarat 18,niconico|dragon|P,0
2026-06-18 15:14:58,Fortune 6 Baccarat,sansan|telecho|P,0
2026-06-18 15:31:27,Baccarat 3,niconico|dragon|P,0
2026-06-18 15:32:07,Speed Baccarat 9,telecho|telecho|B,1
2026-06-18 15:48:43,Speed Baccarat 18,telecho|telecho|B,0
2026-06-18 15:55:50,Speed Baccarat 1,telecho|telecho|B,0
2026-06-18 16:11:35,Baccarat 2,telecho|niconico|P,1
2026-06-18 16:13:50,Korean Speed Baccarat 2,telecho|telecho|B,0
2026-06-18 16:18:08,Thai Speed Baccarat 1,telecho|niconico|P,1
2026-06-18 16:28:01,STAKE SPEED BACCARAT,niconico|dragon|P,0
2026-06-18 16:30:14,Indonesian Speed Baccarat 1,sansan|telecho|P,1
2026-06-18 16:34:39,Japanese Speed Baccarat 3,niconico|dragon|P,1
2026-06-18 16:35:05,Japanese Speed Baccarat 3,niconico|dragon|P,0
2026-06-18 16:41:59,Baccarat 7,niconico|dragon|P,1
2026-06-18 17:03:47,Thai Speed Baccarat 2,telecho|niconico|P,1
2026-06-18 17:10:01,Chinese Speed Baccarat 1,telecho|telecho|B,1
2026-06-18 17:11:49,Indonesian Speed Baccarat 2,telecho|telecho|B,1
2026-06-18 17:14:27,Korean Speed Baccarat 3,telecho|telecho|B,1
2026-06-18 17:32:04,Vietnamese Speed Baccarat 1,niconico|niconico|B,1
2026-06-18 17:34:45,Speed Baccarat 12,telecho|telecho|B,0
2026-06-18 17:35:36,Japanese Speed Baccarat 3,telecho|telecho|B,0
2026-06-18 17:38:38,Chinese Speed Baccarat 2,telecho|telecho|B,0
2026-06-18 17:40:18,Korean Speed Baccarat 1,niconico|dragon|P,1
2026-06-18 18:17:20,Indonesian Speed Baccarat 1,telecho|telecho|B,1
2026-06-18 18:17:35,Vietnamese Speed Baccarat 2,niconico|niconico|B,0
2026-06-18 18:20:27,Vietnamese Speed Baccarat 3,telecho|telecho|B,1
2026-06-18 18:31:35,Turbo Baccarat,niconico|niconico|B,0
2026-06-18 18:35:16,MEGA BACCARAT,niconico|niconico|B,1
2026-06-18 18:46:57,Vietnamese Speed Baccarat 2,niconico|dragon|P,1
2026-06-18 18:50:52,Korean Speed Baccarat 2,telecho|telecho|B,1
2026-06-18 18:52:23,Japanese Speed Baccarat 2,telecho|telecho|B,0
2026-06-18 18:56:22,Japanese Speed Baccarat 1,niconico|dragon|P,0
2026-06-18 18:58:09,Korean Baccarat 2,telecho|niconico|P,1
2026-06-18 18:58:37,Korean Baccarat 2,telecho|niconico|P,0
2026-06-18 19:04:39,Indonesian Speed Baccarat 2,telecho|telecho|B,1
2026-06-18 19:32:06,Korean Speed Baccarat 3,telecho|telecho|B,1
2026-06-18 19:32:55,Indonesian Speed Baccarat 1,niconico|niconico|B,0
2026-06-18 19:37:40,Baccarat 5,niconico|dragon|P,1
2026-06-18 19:39:53,Speed Baccarat 10,telecho|telecho|B,1
2026-06-18 19:42:43,Baccarat 3,sansan|telecho|P,1
2026-06-18 19:54:00,Speed Baccarat 8,telecho|telecho|B,0
2026-06-18 19:55:56,Speed Baccarat 9,telecho|niconico|P,0
2026-06-18 19:58:06,Vietnamese Speed Baccarat 1,telecho|niconico|P,0
2026-06-18 20:08:00,Thai Speed Baccarat 1,niconico|niconico|B,1
2026-06-18 20:08:47,Thai Speed Baccarat 1,telecho|niconico|P,0
2026-06-18 20:09:52,Chinese Speed Baccarat 3,telecho|niconico|P,1
2026-06-18 20:12:18,Baccarat 9,telecho|niconico|P,1
2026-06-18 20:12:45,Baccarat 9,niconico|niconico|B,0
2026-06-18 20:16:49,Korean Speed Baccarat 1,telecho|niconico|P,1
2026-06-18 20:18:28,Korean Speed Baccarat 1,telecho|niconico|P,1
2026-06-18 20:23:08,Turbo Baccarat,niconico|dragon|P,1
2026-06-18 20:26:49,Korean Speed Baccarat 5,niconico|niconico|B,1
2026-06-18 20:30:25,Amazing Baccarat,telecho|telecho|B,1
2026-06-18 20:30:31,Speed Baccarat 13,sansan|telecho|P,0
2026-06-18 20:30:44,Speed Baccarat 17,niconico|dragon|P,1
2026-06-18 20:33:26,Speed Baccarat 3,niconico|dragon|P,0
2026-06-18 20:40:14,Fortune 6 Baccarat,telecho|niconico|P,0
2026-06-18 20:41:57,Baccarat 6,telecho|telecho|B,1
2026-06-18 20:46:31,Speed Baccarat 15,niconico|dragon|P,0
2026-06-18 20:47:32,Speed Baccarat 7,telecho|niconico|P,1
2026-06-18 20:49:12,Baccarat 3,telecho|telecho|B,1
2026-06-18 20:58:32,Korean Speed Baccarat 3,telecho|niconico|P,0
2026-06-18 21:01:13,Thai Baccarat 1,telecho|niconico|P,0
2026-06-18 21:12:02,Chinese Speed Baccarat 3,niconico|dragon|P,1
2026-06-18 21:19:48,Korean Speed Baccarat 1,telecho|niconico|P,0
2026-06-18 21:23:55,Baccarat 6,niconico|dragon|P,0
2026-06-18 21:25:22,Korean Speed Baccarat 1,telecho|telecho|B,1
2026-06-18 21:26:02,Baccarat 3,telecho|niconico|P,0
2026-06-18 21:37:41,Korean Baccarat 2,telecho|telecho|B,0
2026-06-18 21:40:35,Chinese Speed Baccarat 1,niconico|dragon|P,1
2026-06-18 21:43:09,Fortune 6 Baccarat,telecho|niconico|P,1
2026-06-18 21:52:15,Baccarat 9,telecho|niconico|P,0
2026-06-18 21:54:15,Speed Baccarat 12,telecho|niconico|P,1
2026-06-18 22:01:18,Thai Speed Baccarat 1,telecho|telecho|B,0
2026-06-18 22:02:56,Baccarat 3,telecho|telecho|B,0
2026-06-18 22:17:56,Indonesian Speed Baccarat 1,telecho|telecho|B,0
2026-06-18 22:18:46,Speed Baccarat 15,sansan|telecho|P,0
2026-06-18 22:22:51,Speed Baccarat 18,niconico|dragon|P,1
2026-06-18 22:27:00,Speed Baccarat 13,telecho|niconico|P,1
2026-06-18 22:27:06,Vietnamese Speed Baccarat 2,telecho|telecho|B,0
2026-06-18 22:28:11,Baccarat 1,sansan|telecho|P,0
2026-06-18 22:43:31,Baccarat 3,telecho|telecho|B,1
2026-06-18 22:51:40,Baccarat 6,telecho|telecho|B,1
2026-06-18 23:01:03,Speed Baccarat 13,sansan|telecho|P,0
2026-06-18 23:02:49,Korean Speed Baccarat 3,telecho|telecho|B,0
2026-06-18 23:07:33,Japanese Speed Baccarat 1,telecho|niconico|P,0
2026-06-18 23:28:20,Speed Baccarat 9,niconico|dragon|P,1
2026-06-18 23:28:44,Speed Baccarat 9,niconico|dragon|P,0
2026-06-18 23:38:04,Japanese Speed Baccarat 2,niconico|dragon|P,0
2026-06-18 23:39:38,Korean Speed Baccarat 5,telecho|telecho|B,1
2026-06-18 23:52:56,Speed Baccarat 7,niconico|niconico|B,1
2026-06-19 00:01:24,Speed Baccarat 1,telecho|telecho|B,0
2026-06-19 00:02:28,Turbo Baccarat,telecho|telecho|B,0
2026-06-19 00:08:09,Thai Baccarat 1,sansan|telecho|P,1
2026-06-19 00:13:39,Indonesian Speed Baccarat 1,niconico|dragon|P,0
2026-06-19 00:15:21,Baccarat 1,niconico|dragon|P,1
2026-06-19 00:43:53,Chinese Speed Baccarat 1,telecho|niconico|P,0
2026-06-19 00:59:08,Speed Baccarat 6,telecho|niconico|P,0
2026-06-19 01:11:38,Vietnamese Speed Baccarat 3,telecho|telecho|B,1
2026-06-19 01:12:05,Turbo Baccarat,telecho|niconico|P,0
2026-06-19 01:12:46,Thai Speed Baccarat 2,telecho|telecho|B,0
2026-06-19 01:31:32,Thai Speed Baccarat 1,sansan|telecho|P,1
2026-06-19 01:32:12,Speed Baccarat 9,sansan|telecho|P,0
2026-06-19 01:40:27,Chinese Speed Baccarat 1,telecho|telecho|B,0
2026-06-19 01:44:36,Speed Baccarat 18,telecho|telecho|B,1
2026-06-19 01:45:46,Korean Speed Baccarat 2,sansan|telecho|P,0
2026-06-19 01:52:45,Baccarat 3,niconico|dragon|P,1
2026-06-19 02:00:18,Korean Speed Baccarat 3,telecho|niconico|P,0
2026-06-19 02:07:05,STAKE SPEED BACCARAT,telecho|niconico|P,0
2026-06-19 02:10:46,Amazing Baccarat,sansan|telecho|P,1
2026-06-19 02:12:19,Baccarat 1,niconico|niconico|B,0
2026-06-19 02:14:20,Korean Speed Baccarat 5,niconico|dragon|P,1
2026-06-19 02:46:16,Vietnamese Speed Baccarat 3,niconico|dragon|P,0
2026-06-19 02:53:54,Speed Baccarat 16,niconico|dragon|P,1
2026-06-19 02:59:49,Korean Speed Baccarat 1,niconico|dragon|P,1
2026-06-19 03:07:46,Japanese Speed Baccarat 3,niconico|dragon|P,1
2026-06-19 03:10:04,Korean Speed Baccarat 5,niconico|dragon|P,0
2026-06-19 03:13:12,Super 8 Baccarat,telecho|telecho|B,1
2026-06-19 03:14:30,Speed Baccarat 16,telecho|telecho|B,1
2026-06-19 03:16:12,Speed Baccarat 15,telecho|telecho|B,0
2026-06-19 03:21:00,Baccarat 6,niconico|niconico|B,0
2026-06-19 03:23:24,Japanese Speed Baccarat 1,niconico|dragon|P,0
2026-06-19 03:23:48,Super 8 Baccarat,telecho|telecho|B,0
2026-06-19 03:56:13,Speed Baccarat 9,niconico|dragon|P,0
2026-06-19 04:01:37,Baccarat 1,telecho|telecho|B,1
2026-06-19 04:05:19,Indonesian Speed Baccarat 1,telecho|telecho|B,1
2026-06-19 04:14:23,Japanese Speed Baccarat 2,niconico|dragon|P,1
2026-06-19 04:25:30,Thai Speed Baccarat 1,sansan|telecho|P,0
2026-06-19 04:28:05,Thai Baccarat 1,telecho|niconico|P,1
2026-06-19 04:28:34,Speed Baccarat 13,telecho|niconico|P,1
2026-06-19 04:29:18,Speed Baccarat 8,niconico|dragon|P,0
2026-06-19 04:43:50,Chinese Speed Baccarat 2,niconico|dragon|P,0
2026-06-19 04:51:02,Speed Baccarat 3,telecho|telecho|B,0
2026-06-19 04:59:07,Speed Baccarat 6,telecho|niconico|P,1
2026-06-19 05:02:36,Baccarat 6,telecho|telecho|B,0
2026-06-19 05:07:15,Thai Speed Baccarat 2,telecho|telecho|B,0
2026-06-19 05:10:27,Indonesian Speed Baccarat 1,niconico|dragon|P,1
2026-06-19 05:17:19,Speed Baccarat 3,telecho|telecho|B,1
2026-06-19 05:19:36,Speed Baccarat 5,telecho|niconico|P,1
2026-06-19 05:29:45,Thai Speed Baccarat 2,telecho|telecho|B,1
2026-06-19 05:42:03,Indonesian Speed Baccarat 1,niconico|dragon|P,1
2026-06-19 05:48:28,Speed Baccarat 3,telecho|telecho|B,1
2026-06-19 05:53:35,Korean Baccarat 2,telecho|telecho|B,1
2026-06-19 05:53:39,Speed Baccarat 11,niconico|dragon|P,1
2026-06-19 05:56:19,Speed Baccarat 1,telecho|telecho|B,0
2026-06-19 06:02:22,Vietnamese Speed Baccarat 2,telecho|telecho|B,1
2026-06-19 06:14:39,Chinese Speed Baccarat 1,telecho|telecho|B,0
2026-06-19 06:17:55,Amazing Baccarat,telecho|niconico|P,0
2026-06-19 06:18:57,Indonesian Speed Baccarat 2,telecho|niconico|P,0
2026-06-19 06:21:01,Chinese Speed Baccarat 2,niconico|dragon|P,0
2026-06-19 06:24:57,Speed Baccarat 11,telecho|telecho|B,1
2026-06-19 06:28:14,Speed Baccarat 6,telecho|telecho|B,1
2026-06-19 06:43:09,Super 8 Baccarat,telecho|telecho|B,1
2026-06-19 06:44:28,Thai Speed Baccarat 2,niconico|dragon|P,0
2026-06-19 06:50:50,Korean Speed Baccarat 1,telecho|telecho|B,0
2026-06-19 06:51:57,Indonesian Speed Baccarat 2,telecho|telecho|B,0
2026-06-19 07:06:05,Speed Baccarat 18,telecho|telecho|B,1
2026-06-19 07:18:24,Speed Baccarat 11,telecho|telecho|B,1
2026-06-19 07:39:09,Speed Baccarat 18,niconico|niconico|B,0
2026-06-19 07:42:57,STAKE SPEED BACCARAT,telecho|telecho|B,1
2026-06-19 07:45:07,Chinese Speed Baccarat 1,niconico|dragon|P,1
2026-06-19 08:09:57,Vietnamese Speed Baccarat 1,telecho|telecho|B,0
2026-06-19 08:18:19,Korean Speed Baccarat 3,telecho|telecho|B,0
2026-06-19 08:19:39,Speed Baccarat 12,sansan|telecho|P,1
2026-06-19 08:20:45,STAKE SPEED BACCARAT,telecho|telecho|B,0
2026-06-19 08:29:52,Chinese Speed Baccarat 2,niconico|niconico|B,1
2026-06-19 08:33:27,Indonesian Speed Baccarat 1,telecho|telecho|B,0
2026-06-19 08:37:16,Thai Speed Baccarat 1,telecho|telecho|B,0
2026-06-19 08:50:26,Speed Baccarat 9,telecho|telecho|B,1
2026-06-19 09:03:20,STAKE SPEED BACCARAT,niconico|niconico|B,0
2026-06-19 09:08:54,Chinese Speed Baccarat 3,telecho|telecho|B,1
2026-06-19 09:14:54,Chinese Speed Baccarat 1,niconico|dragon|P,1
2026-06-19 09:17:15,Speed Baccarat 8,niconico|dragon|P,1
2026-06-19 09:22:12,Speed Baccarat 6,sansan|telecho|P,0
2026-06-19 09:36:36,Baccarat 6,telecho|telecho|B,1
2026-06-19 09:47:09,Chinese Speed Baccarat 1,telecho|telecho|B,0
2026-06-19 09:54:38,Chinese Speed Baccarat 2,sansan|telecho|P,1
2026-06-19 10:08:58,Chinese Speed Baccarat 3,telecho|telecho|B,0
2026-06-19 10:11:28,Japanese Speed Baccarat 2,niconico|niconico|B,0
2026-06-19 10:13:25,Turbo Baccarat,telecho|telecho|B,0
2026-06-19 10:53:05,Indonesian Speed Baccarat 2,telecho|telecho|B,0
2026-06-19 11:06:07,Indonesian Speed Baccarat 1,telecho|telecho|B,0
2026-06-19 11:12:01,Speed Baccarat 6,telecho|telecho|B,0
2026-06-19 11:12:56,Vietnamese Speed Baccarat 1,sansan|telecho|P,0
2026-06-19 11:25:32,Fortune 6 Baccarat,telecho|telecho|B,1
2026-06-19 11:28:38,Baccarat 6,niconico|niconico|B,0
2026-06-19 11:31:07,Speed Baccarat 18,telecho|telecho|B,0
2026-06-19 11:33:54,Super 8 Baccarat,telecho|telecho|B,0
2026-06-19 11:38:06,Korean Speed Baccarat 2,telecho|telecho|B,1
2026-06-19 11:44:01,Speed Baccarat 8,telecho|telecho|B,0
2026-06-19 11:49:50,Korean Turbo Baccarat 1,telecho|telecho|B,1
2026-06-19 11:53:50,Thai Baccarat 1,telecho|telecho|B,1
2026-06-19 11:59:46,Super 8 Baccarat,niconico|dragon|P,1
2026-06-19 12:00:12,Super 8 Baccarat,niconico|dragon|P,0
2026-06-19 12:01:33,Speed Baccarat 2,niconico|dragon|P,0
2026-06-19 12:17:28,Vietnamese Speed Baccarat 1,niconico|niconico|B,0
2026-06-19 12:22:35,Korean Speed Baccarat 3,telecho|telecho|B,0
2026-06-19 12:38:05,Indonesian Speed Baccarat 1,sansan|telecho|P,1
2026-06-19 12:50:18,Indonesian Speed Baccarat 2,telecho|telecho|B,0
2026-06-19 12:51:28,Speed Baccarat 1,niconico|dragon|P,0
2026-06-19 12:52:54,Speed Baccarat 3,niconico|niconico|B,1
2026-06-19 12:59:54,Chinese Speed Baccarat 1,niconico|dragon|P,0
2026-06-19 13:00:12,Korean Turbo Baccarat 1,niconico|dragon|P,0
2026-06-19 13:03:54,Indonesian Speed Baccarat 1,telecho|telecho|B,0
2026-06-19 13:09:01,Vietnamese Speed Baccarat 2,niconico|dragon|P,1
2026-06-19 13:31:06,Fortune 6 Baccarat,niconico|dragon|P,0
2026-06-19 13:42:22,Korean Speed Baccarat 2,niconico|dragon|P,1
2026-06-19 13:50:16,Japanese Speed Baccarat 2,niconico|dragon|P,0
2026-06-19 13:50:25,Chinese Speed Baccarat 1,niconico|dragon|P,1
2026-06-19 13:50:55,Indonesian Speed Baccarat 2,niconico|niconico|B,1
2026-06-19 14:05:40,Thai Speed Baccarat 1,telecho|telecho|B,0
2026-06-19 14:10:06,Baccarat 3,telecho|telecho|B,0
2026-06-19 14:13:57,Speed Baccarat 16,telecho|telecho|B,0
2026-06-19 14:16:24,Speed Baccarat 5,telecho|telecho|B,1
2026-06-19 14:25:48,Baccarat 7,telecho|telecho|B,1
2026-06-19 14:35:04,Korean Speed Baccarat 1,niconico|dragon|P,1
2026-06-19 14:36:36,Indonesian Speed Baccarat 1,telecho|telecho|B,0
2026-06-19 14:39:46,Speed Baccarat 12,telecho|telecho|B,0
2026-06-19 14:55:01,Chinese Speed Baccarat 2,telecho|telecho|B,0
2026-06-19 15:05:26,Speed Baccarat 10,niconico|dragon|P,0
2026-06-19 15:06:39,Fortune 6 Baccarat,sansan|telecho|P,0
2026-06-19 15:08:41,Thai Baccarat 1,telecho|telecho|B,1
2026-06-19 15:12:32,Speed Baccarat 6,niconico|dragon|P,0
2026-06-19 15:13:41,Indonesian Speed Baccarat 2,niconico|dragon|P,1
2026-06-19 15:14:56,Korean Speed Baccarat 5,telecho|telecho|B,0
2026-06-19 15:30:43,Speed Baccarat 2,telecho|telecho|B,0
2026-06-19 15:38:16,Baccarat 5,niconico|dragon|P,1
2026-06-19 15:39:28,Korean Speed Baccarat 5,telecho|telecho|B,1
2026-06-19 15:42:12,Korean Speed Baccarat 2,telecho|telecho|B,0
2026-06-19 15:45:02,Speed Baccarat 1,telecho|telecho|B,0
2026-06-19 15:49:33,Korean Baccarat 1,niconico|dragon|P,1
2026-06-19 15:57:33,Speed Baccarat 5,niconico|dragon|P,1
2026-06-19 16:05:39,Korean Speed Baccarat 3,telecho|telecho|B,0
2026-06-19 16:11:31,Speed Baccarat 7,niconico|dragon|P,0
2026-06-19 16:16:31,Vietnamese Speed Baccarat 1,telecho|telecho|B,1
2026-06-19 16:29:47,Indonesian Speed Baccarat 1,niconico|dragon|P,0
2026-06-19 16:49:15,Japanese Speed Baccarat 1,sansan|telecho|P,1
2026-06-19 16:50:19,Japanese Speed Baccarat 3,sansan|telecho|P,1
2026-06-19 17:01:24,Speed Baccarat 8,niconico|niconico|B,1
2026-06-19 17:04:07,Speed Baccarat 10,niconico|dragon|P,0
2026-06-19 17:06:12,Baccarat 6,telecho|telecho|B,0
2026-06-19 17:08:13,Korean Speed Baccarat 1,telecho|telecho|B,1
2026-06-19 17:10:32,Thai Speed Baccarat 1,telecho|telecho|B,1
2026-06-19 17:26:50,Korean Speed Baccarat 3,telecho|telecho|B,1
2026-06-19 17:33:05,Korean Speed Baccarat 3,telecho|telecho|B,0
2026-06-19 17:39:04,Baccarat 5,niconico|dragon|P,1
2026-06-19 17:39:08,STAKE SPEED BACCARAT,niconico|dragon|P,1
2026-06-19 17:46:50,Baccarat 5,niconico|dragon|P,1
2026-06-19 17:48:30,Japanese Speed Baccarat 3,telecho|telecho|B,1
2026-06-19 18:01:51,Super 8 Baccarat,niconico|niconico|B,1
2026-06-19 18:04:29,Korean Speed Baccarat 5,niconico|niconico|B,0
2026-06-19 18:05:06,Turbo Baccarat,niconico|dragon|P,0
2026-06-19 18:08:03,Baccarat 9,sansan|telecho|P,0
2026-06-19 18:09:32,Korean Speed Baccarat 1,telecho|telecho|B,0
2026-06-19 18:13:54,Baccarat 3,niconico|dragon|P,0
2026-06-19 18:13:57,Speed Baccarat 9,niconico|dragon|P,1
2026-06-19 18:18:31,Korean Baccarat 2,telecho|telecho|B,0
2026-06-19 18:23:17,Baccarat 6,telecho|telecho|B,1
2026-06-19 18:24:30,Japanese Speed Baccarat 3,telecho|telecho|B,1
2026-06-19 18:49:10,MEGA BACCARAT,niconico|dragon|P,1
2026-06-19 18:58:01,Speed Baccarat 5,telecho|telecho|B,1
2026-06-19 19:06:09,Korean Baccarat 1,telecho|telecho|B,0
2026-06-19 19:16:36,Speed Baccarat 7,telecho|telecho|B,0
2026-06-19 19:19:29,Japanese Speed Baccarat 3,telecho|telecho|B,0
2026-06-19 19:24:09,Baccarat 1,telecho|telecho|B,1
2026-06-19 19:27:59,Vietnamese Speed Baccarat 3,telecho|telecho|B,1
2026-06-19 19:39:09,STAKE SPEED BACCARAT,niconico|dragon|P,0
2026-06-19 19:44:22,Speed Baccarat 9,niconico|dragon|P,1
2026-06-19 19:47:02,Speed Baccarat 18,niconico|dragon|P,0
2026-06-19 20:00:45,Speed Baccarat 11,telecho|telecho|B,0
2026-06-19 20:12:16,Korean Turbo Baccarat 1,telecho|telecho|B,1
2026-06-19 20:18:10,Baccarat 2,telecho|telecho|B,1
2026-06-19 20:18:49,MEGA BACCARAT,telecho|telecho|B,1
2026-06-19 20:26:24,Turbo Baccarat,sansan|telecho|P,1
2026-06-19 20:27:37,Japanese Speed Baccarat 3,telecho|telecho|B,0
2026-06-19 20:30:19,Speed Baccarat 10,telecho|telecho|B,1
2026-06-19 20:42:44,Speed Baccarat 18,telecho|telecho|B,0
2026-06-19 21:04:48,Speed Baccarat 12,telecho|telecho|B,1
2026-06-19 21:15:44,Speed Baccarat 3,telecho|telecho|B,1
2026-06-19 21:22:23,Speed Baccarat 13,telecho|telecho|B,0
2026-06-19 21:31:22,STAKE SPEED BACCARAT,niconico|dragon|P,1
2026-06-19 21:55:09,Speed Baccarat 13,niconico|dragon|P,1
2026-06-19 22:00:39,STAKE SPEED BACCARAT,telecho|telecho|B,1
2026-06-19 22:03:52,Baccarat 9,sansan|telecho|P,1
2026-06-19 22:06:51,STAKE SPEED BACCARAT,niconico|dragon|P,0
2026-06-19 22:12:57,Thai Baccarat 1,sansan|telecho|P,1
2026-06-19 22:17:00,Korean Turbo Baccarat 1,telecho|telecho|B,1
2026-06-19 22:25:11,Thai Speed Baccarat 1,telecho|telecho|B,1
2026-06-19 22:40:20,Baccarat 6,telecho|telecho|B,0
2026-06-19 22:52:43,Vietnamese Speed Baccarat 1,telecho|telecho|B,0
2026-06-19 23:00:05,Speed Baccarat 2,sansan|telecho|P,1
2026-06-19 23:18:08,Thai Speed Baccarat 2,telecho|telecho|B,1
2026-06-19 23:22:10,Vietnamese Speed Baccarat 2,telecho|telecho|B,1
2026-06-19 23:50:08,MEGA BACCARAT,sansan|telecho|P,1
2026-06-20 00:14:24,Vietnamese Speed Baccarat 3,telecho|telecho|B,1
2026-06-20 00:38:51,Korean Baccarat 2,telecho|telecho|B,0
2026-06-20 00:50:17,Baccarat 2,telecho|telecho|B,0
2026-06-20 00:50:27,Speed Baccarat 12,niconico|dragon|P,1
2026-06-20 00:57:08,Indonesian Speed Baccarat 1,telecho|telecho|B,1
2026-06-20 01:23:27,Baccarat 2,niconico|dragon|P,1
2026-06-20 01:39:01,Baccarat 5,telecho|telecho|B,0
2026-06-20 01:51:14,Turbo Baccarat,telecho|telecho|B,1
2026-06-20 01:52:45,Korean Speed Baccarat 2,telecho|telecho|B,1
2026-06-20 01:53:49,Speed Baccarat 11,niconico|niconico|B,1
2026-06-20 01:56:19,Speed Baccarat 11,telecho|telecho|B,0
2026-06-20 02:07:51,Baccarat 9,telecho|telecho|B,0
2026-06-20 02:11:40,Speed Baccarat 5,telecho|telecho|B,1
2026-06-20 02:16:15,Baccarat 2,telecho|telecho|B,1
2026-06-20 02:19:54,Speed Baccarat 7,niconico|niconico|B,1
2026-06-20 02:20:58,Vietnamese Speed Baccarat 3,niconico|niconico|B,1
2026-06-20 02:24:04,Thai Speed Baccarat 1,sansan|telecho|P,0
2026-06-20 02:59:09,Turbo Baccarat,telecho|telecho|B,0
2026-06-20 03:10:33,Korean Speed Baccarat 3,telecho|telecho|B,0
2026-06-20 03:11:21,Speed Baccarat 13,niconico|dragon|P,0
2026-06-20 03:33:34,Thai Speed Baccarat 2,telecho|telecho|B,0
2026-06-20 03:33:56,Speed Baccarat 16,telecho|telecho|B,0
2026-06-20 03:38:54,Japanese Speed Baccarat 2,niconico|dragon|P,1
2026-06-20 03:42:20,Speed Baccarat 12,telecho|telecho|B,0
2026-06-20 03:44:12,Speed Baccarat 12,niconico|dragon|P,1
2026-06-20 03:45:21,Amazing Baccarat,sansan|telecho|P,1
2026-06-20 03:52:57,Speed Baccarat 7,niconico|dragon|P,1
2026-06-20 03:53:02,Vietnamese Speed Baccarat 3,telecho|telecho|B,0
2026-06-20 03:56:50,Amazing Baccarat,niconico|niconico|B,0
2026-06-20 04:02:28,Chinese Speed Baccarat 2,niconico|dragon|P,1
2026-06-20 04:05:49,Speed Baccarat 8,telecho|telecho|B,0
2026-06-20 04:07:51,Indonesian Speed Baccarat 1,niconico|dragon|P,1
2026-06-20 04:10:35,Thai Speed Baccarat 2,niconico|dragon|P,1
2026-06-20 04:18:33,Speed Baccarat 2,telecho|telecho|B,1
2026-06-20 04:22:14,Thai Baccarat 1,telecho|telecho|B,0
2026-06-20 04:23:23,Japanese Speed Baccarat 3,niconico|dragon|P,0
2026-06-20 04:24:05,Korean Speed Baccarat 1,telecho|telecho|B,0
2026-06-20 04:31:47,Korean Turbo Baccarat 1,telecho|telecho|B,0
2026-06-20 04:32:53,Korean Baccarat 2,telecho|telecho|B,0
2026-06-20 04:40:44,MEGA BACCARAT,niconico|dragon|P,1
2026-06-20 04:48:29,Baccarat 3,telecho|telecho|B,0
2026-06-20 04:48:36,Speed Baccarat 3,telecho|telecho|B,0
2026-06-20 05:03:55,Korean Speed Baccarat 2,telecho|telecho|B,0
2026-06-20 05:22:39,Japanese Speed Baccarat 3,telecho|telecho|B,0
2026-06-20 05:25:52,Speed Baccarat 15,telecho|telecho|B,0
2026-06-20 05:28:33,Speed Baccarat 5,sansan|telecho|P,1
2026-06-20 05:31:55,Speed Baccarat 6,niconico|niconico|B,0
2026-06-20 05:45:24,Korean Turbo Baccarat 1,niconico|dragon|P,0
2026-06-20 05:53:10,Speed Baccarat 5,telecho|telecho|B,1
2026-06-20 05:56:16,STAKE SPEED BACCARAT,telecho|telecho|B,1
2026-06-20 05:57:26,Korean Baccarat 2,telecho|telecho|B,0
2026-06-20 06:03:22,Japanese Speed Baccarat 1,telecho|telecho|B,1
2026-06-20 06:08:05,Chinese Speed Baccarat 2,telecho|telecho|B,0
2026-06-20 06:08:13,Fortune 6 Baccarat,niconico|dragon|P,0
2026-06-20 06:08:56,Baccarat 6,telecho|telecho|B,1
2026-06-20 06:22:47,Speed Baccarat 5,telecho|telecho|B,1
2026-06-20 06:28:30,Speed Baccarat 15,telecho|telecho|B,0
2026-06-20 06:33:07,Japanese Speed Baccarat 1,telecho|telecho|B,1
2026-06-20 06:35:24,Vietnamese Speed Baccarat 1,niconico|dragon|P,0
2026-06-20 06:40:34,Chinese Speed Baccarat 2,niconico|niconico|B,0
2026-06-20 06:45:39,Vietnamese Speed Baccarat 2,telecho|telecho|B,0
2026-06-20 06:50:33,Baccarat 3,sansan|telecho|P,1
2026-06-20 06:51:58,Vietnamese Speed Baccarat 3,niconico|dragon|P,0
2026-06-20 06:55:10,Speed Baccarat 1,telecho|telecho|B,1
2026-06-20 06:58:39,Speed Baccarat 5,niconico|dragon|P,1
2026-06-20 07:07:06,Speed Baccarat 8,niconico|dragon|P,0
2026-06-20 07:07:35,Amazing Baccarat,niconico|niconico|B,1
2026-06-20 07:31:55,Japanese Speed Baccarat 3,telecho|telecho|B,0
2026-06-20 07:34:07,Indonesian Speed Baccarat 2,niconico|dragon|P,0
2026-06-20 07:35:02,Japanese Speed Baccarat 3,telecho|telecho|B,0
2026-06-20 07:45:04,Amazing Baccarat,niconico|dragon|P,0
2026-06-20 07:47:05,Super 8 Baccarat,telecho|telecho|B,1
2026-06-20 07:51:34,Vietnamese Speed Baccarat 3,telecho|telecho|B,0
2026-06-20 07:54:23,Speed Baccarat 6,niconico|dragon|P,1
2026-06-20 07:55:54,Vietnamese Speed Baccarat 3,niconico|dragon|P,1
2026-06-20 08:06:14,Thai Speed Baccarat 1,telecho|telecho|B,0
2026-06-20 08:06:16,Vietnamese Speed Baccarat 1,niconico|dragon|P,1
2026-06-20 08:09:55,Korean Turbo Baccarat 1,sansan|telecho|P,0
2026-06-20 08:13:47,STAKE SPEED BACCARAT,niconico|niconico|B,1
2026-06-20 08:14:10,STAKE SPEED BACCARAT,niconico|niconico|B,1
2026-06-20 08:27:11,Amazing Baccarat,telecho|telecho|B,0
2026-06-20 08:40:37,Speed Baccarat 9,telecho|telecho|B,0
2026-06-20 08:44:47,Baccarat 2,telecho|telecho|B,1
2026-06-20 08:46:10,Speed Baccarat 12,telecho|telecho|B,0
2026-06-20 08:47:17,Turbo Baccarat,sansan|telecho|P,0
2026-06-20 08:47:41,Korean Speed Baccarat 2,niconico|dragon|P,0
2026-06-20 09:08:58,Baccarat 1,telecho|telecho|B,1
2026-06-20 09:14:20,Speed Baccarat 6,sansan|telecho|P,1
2026-06-20 09:18:40,Baccarat 5,telecho|telecho|B,1
2026-06-20 09:22:31,Speed Baccarat 13,telecho|telecho|B,1
2026-06-20 09:30:22,Speed Baccarat 9,niconico|dragon|P,1
2026-06-20 09:39:46,Speed Baccarat 6,telecho|telecho|B,1
2026-06-20 09:40:40,Baccarat 1,niconico|dragon|P,0
2026-06-20 09:47:57,Chinese Speed Baccarat 2,telecho|telecho|B,1
2026-06-20 09:50:19,Chinese Speed Baccarat 3,niconico|dragon|P,0
2026-06-20 09:54:10,Japanese Speed Baccarat 3,niconico|dragon|P,1
2026-06-20 09:58:10,Thai Speed Baccarat 2,telecho|telecho|B,1
2026-06-20 10:03:55,Indonesian Speed Baccarat 2,telecho|telecho|B,1
2026-06-20 10:05:15,Speed Baccarat 3,niconico|dragon|P,0
2026-06-20 10:07:56,Indonesian Speed Baccarat 2,niconico|niconico|B,0
2026-06-20 10:11:07,Speed Baccarat 8,telecho|telecho|B,1
2026-06-20 10:12:52,Thai Baccarat 1,telecho|telecho|B,1
2026-06-20 10:15:18,Speed Baccarat 8,niconico|dragon|P,1
2026-06-20 10:20:14,Turbo Baccarat,telecho|telecho|B,1
2026-06-20 10:38:47,Speed Baccarat 11,sansan|telecho|P,1
2026-06-20 10:38:53,Vietnamese Speed Baccarat 1,niconico|dragon|P,1
2026-06-20 10:39:24,Speed Baccarat 2,niconico|dragon|P,1
2026-06-20 10:41:16,Chinese Speed Baccarat 1,niconico|dragon|P,1
2026-06-20 10:48:41,Chinese Speed Baccarat 2,niconico|dragon|P,1
2026-06-20 11:01:14,Fortune 6 Baccarat,niconico|dragon|P,0
2026-06-20 11:06:56,Vietnamese Speed Baccarat 1,telecho|telecho|B,1
2026-06-20 11:10:15,Baccarat 2,telecho|telecho|B,0
2026-06-20 11:18:09,Speed Baccarat 11,niconico|dragon|P,1
2026-06-20 11:50:13,Baccarat 2,telecho|telecho|B,1
2026-06-20 11:50:24,Baccarat 3,niconico|dragon|P,1
2026-06-20 11:57:32,Baccarat 2,telecho|telecho|B,0
2026-06-20 12:00:31,STAKE SPEED BACCARAT,telecho|telecho|B,0
2026-06-20 12:06:06,Indonesian Speed Baccarat 2,niconico|dragon|P,0
2026-06-20 12:13:30,Vietnamese Speed Baccarat 2,telecho|telecho|B,0
2026-06-20 12:29:03,Speed Baccarat 1,telecho|telecho|B,0
2026-06-20 12:56:01,Indonesian Speed Baccarat 1,telecho|telecho|B,0
2026-06-20 12:56:22,Thai Speed Baccarat 1,telecho|telecho|B,0
2026-06-20 13:07:06,Baccarat 6,telecho|telecho|B,0
2026-06-20 13:08:11,Speed Baccarat 11,telecho|telecho|B,0
2026-06-20 13:10:22,Korean Speed Baccarat 1,telecho|telecho|B,1
2026-06-20 13:10:37,Chinese Speed Baccarat 3,telecho|telecho|B,1
2026-06-20 13:12:33,Speed Baccarat 2,sansan|telecho|P,0
2026-06-20 13:17:18,Baccarat 1,telecho|telecho|B,1
2026-06-20 13:32:39,Indonesian Speed Baccarat 1,telecho|telecho|B,0
2026-06-20 13:51:52,Chinese Speed Baccarat 2,telecho|telecho|B,0
2026-06-20 14:02:35,Japanese Speed Baccarat 3,telecho|telecho|B,0
2026-06-20 14:05:43,Speed Baccarat 12,niconico|dragon|P,0
2026-06-20 14:10:12,Speed Baccarat 9,telecho|telecho|B,1
2026-06-20 14:12:50,Speed Baccarat 8,telecho|telecho|B,1
2026-06-20 14:22:14,Thai Speed Baccarat 1,niconico|dragon|P,0
2026-06-20 14:24:09,Speed Baccarat 18,telecho|telecho|B,0
2026-06-20 14:25:16,STAKE SPEED BACCARAT,telecho|telecho|B,0
2026-06-20 14:28:20,MEGA BACCARAT,telecho|telecho|B,1
2026-06-20 14:34:43,Speed Baccarat 12,niconico|dragon|P,1
2026-06-20 14:36:04,Speed Baccarat 17,telecho|telecho|B,0
2026-06-20 14:38:56,Speed Baccarat 2,telecho|telecho|B,1
2026-06-20 14:40:05,Thai Baccarat 1,telecho|telecho|B,0
2026-06-20 14:43:40,Japanese Speed Baccarat 2,telecho|telecho|B,1
2026-06-20 14:47:54,MEGA BACCARAT,telecho|telecho|B,0
2026-06-20 15:00:03,Speed Baccarat 11,telecho|telecho|B,1
2026-06-20 15:10:19,MEGA BACCARAT,niconico|niconico|B,0
2026-06-20 15:29:46,Speed Baccarat 11,telecho|telecho|B,0
2026-06-20 15:39:14,Speed Baccarat 9,niconico|dragon|P,1
2026-06-20 15:45:36,Speed Baccarat 10,niconico|dragon|P,0
2026-06-20 15:48:59,Thai Speed Baccarat 1,telecho|telecho|B,1
2026-06-20 15:50:19,Vietnamese Speed Baccarat 2,niconico|dragon|P,1
2026-06-20 15:51:17,Korean Turbo Baccarat 1,telecho|telecho|B,0
2026-06-20 16:02:09,Japanese Speed Baccarat 1,niconico|dragon|P,0
2026-06-20 16:05:45,Speed Baccarat 10,niconico|dragon|P,0
2026-06-20 16:07:33,Speed Baccarat 17,niconico|dragon|P,1
2026-06-20 16:17:17,Japanese Speed Baccarat 2,telecho|telecho|B,1
2026-06-20 16:18:16,Thai Speed Baccarat 2,niconico|dragon|P,1
2026-06-20 16:18:39,Thai Speed Baccarat 2,niconico|dragon|P,1
2026-06-20 16:25:56,STAKE SPEED BACCARAT,telecho|telecho|B,1
2026-06-20 16:33:13,Speed Baccarat 12,telecho|telecho|B,1
2026-06-20 16:36:34,Speed Baccarat 13,sansan|telecho|P,0
2026-06-20 16:37:09,Speed Baccarat 10,sansan|telecho|P,1
2026-06-20 16:43:44,Speed Baccarat 9,telecho|telecho|B,1
2026-06-20 16:51:09,Vietnamese Speed Baccarat 1,telecho|telecho|B,1
2026-06-20 16:53:18,Speed Baccarat 7,niconico|dragon|P,1
2026-06-20 16:54:01,Super 8 Baccarat,niconico|dragon|P,0
2026-06-20 17:02:43,Baccarat 2,telecho|telecho|B,0
2026-06-20 17:03:10,Speed Baccarat 12,telecho|telecho|B,1
2026-06-20 17:14:48,Thai Speed Baccarat 1,niconico|dragon|P,1
2026-06-20 17:43:22,Speed Baccarat 9,telecho|telecho|B,0
2026-06-20 17:46:28,Vietnamese Speed Baccarat 2,telecho|telecho|B,1
2026-06-20 17:54:41,Baccarat 9,niconico|dragon|P,0
2026-06-20 18:08:20,Japanese Speed Baccarat 3,telecho|telecho|B,0
2026-06-20 18:08:55,Fortune 6 Baccarat,niconico|dragon|P,0
2026-06-20 18:10:47,Speed Baccarat 10,telecho|telecho|B,1
2026-06-20 18:17:15,Speed Baccarat 9,niconico|dragon|P,1
2026-06-20 18:22:03,Baccarat 2,telecho|telecho|B,0
2026-06-20 18:28:38,Vietnamese Speed Baccarat 2,niconico|dragon|P,0
2026-06-20 18:32:23,Vietnamese Speed Baccarat 1,niconico|niconico|B,1
2026-06-20 18:33:56,Speed Baccarat 13,telecho|telecho|B,0
2026-06-20 18:34:04,Indonesian Speed Baccarat 1,sansan|telecho|P,1
2026-06-20 18:40:33,Thai Speed Baccarat 2,telecho|telecho|B,0
2026-06-20 18:48:47,Chinese Speed Baccarat 2,telecho|telecho|B,0
2026-06-20 18:51:58,Vietnamese Speed Baccarat 1,telecho|telecho|B,0
2026-06-20 18:57:30,Speed Baccarat 2,telecho|telecho|B,1
2026-06-20 19:00:17,Korean Turbo Baccarat 1,niconico|dragon|P,1
2026-06-20 19:04:00,Baccarat 2,niconico|dragon|P,1
2026-06-20 19:28:58,Korean Turbo Baccarat 1,telecho|telecho|B,1
2026-06-20 19:29:30,Speed Baccarat 12,telecho|telecho|B,0
2026-06-20 19:39:40,Korean Speed Baccarat 3,sansan|telecho|P,0
2026-06-20 19:52:43,Korean Turbo Baccarat 1,sansan|telecho|P,0
2026-06-20 20:00:08,Speed Baccarat 13,niconico|dragon|P,1
2026-06-20 20:05:47,Korean Speed Baccarat 3,telecho|telecho|B,0
2026-06-20 20:08:35,Indonesian Speed Baccarat 2,telecho|telecho|B,1
2026-06-20 20:09:45,Thai Speed Baccarat 2,telecho|telecho|B,0
2026-06-20 20:19:06,Chinese Speed Baccarat 2,telecho|telecho|B,1
2026-06-20 20:29:33,Speed Baccarat 3,telecho|telecho|B,0
2026-06-20 20:49:34,Speed Baccarat 9,telecho|telecho|B,1
2026-06-20 20:49:42,Thai Baccarat 1,telecho|telecho|B,1
2026-06-20 20:50:10,Vietnamese Speed Baccarat 2,telecho|telecho|B,0
2026-06-20 20:51:11,Super 8 Baccarat,telecho|telecho|B,0
2026-06-20 21:01:55,Speed Baccarat 12,niconico|dragon|P,1
2026-06-20 21:13:33,Chinese Speed Baccarat 1,telecho|telecho|B,1
2026-06-20 21:16:36,Baccarat 7,telecho|telecho|B,1
2026-06-20 21:18:19,Korean Speed Baccarat 1,telecho|telecho|B,0
2026-06-20 21:18:59,Turbo Baccarat,niconico|niconico|B,0
2026-06-20 21:19:41,Vietnamese Speed Baccarat 1,telecho|telecho|B,0
2026-06-20 21:26:57,Thai Baccarat 1,telecho|telecho|B,1
2026-06-20 21:27:35,Korean Speed Baccarat 2,sansan|telecho|P,1
2026-06-20 21:29:28,Speed Baccarat 17,sansan|telecho|P,1
2026-06-20 21:29:34,STAKE SPEED BACCARAT,telecho|telecho|B,0
2026-06-20 21:36:31,Baccarat 1,telecho|telecho|B,1
2026-06-20 21:48:11,Korean Turbo Baccarat 1,niconico|dragon|P,0
2026-06-20 22:00:38,Speed Baccarat 13,telecho|telecho|B,1
2026-06-20 22:04:41,Indonesian Speed Baccarat 2,telecho|telecho|B,1
2026-06-20 22:08:04,Thai Speed Baccarat 2,sansan|telecho|P,0
2026-06-20 22:08:52,Amazing Baccarat,niconico|dragon|P,0
2026-06-20 22:10:07,Korean Baccarat 2,niconico|dragon|P,1
2026-06-20 22:14:29,Korean Turbo Baccarat 1,sansan|telecho|P,0
2026-06-20 22:19:49,Korean Speed Baccarat 3,niconico|dragon|P,0
2026-06-20 22:23:42,Turbo Baccarat,telecho|telecho|B,0
2026-06-20 22:24:47,Indonesian Speed Baccarat 1,niconico|dragon|P,0
2026-06-20 22:25:20,Vietnamese Speed Baccarat 3,telecho|telecho|B,0
2026-06-20 22:33:37,Speed Baccarat 16,telecho|telecho|B,1
2026-06-20 22:34:33,Thai Speed Baccarat 2,niconico|dragon|P,1
2026-06-20 22:34:54,Indonesian Speed Baccarat 2,telecho|telecho|B,0
2026-06-20 22:49:57,Korean Baccarat 1,niconico|dragon|P,0
2026-06-20 22:52:17,Vietnamese Speed Baccarat 3,telecho|telecho|B,1
2026-06-20 22:54:47,Japanese Speed Baccarat 3,telecho|telecho|B,0
2026-06-20 22:55:18,Fortune 6 Baccarat,niconico|dragon|P,1
2026-06-20 23:01:10,Korean Speed Baccarat 1,sansan|telecho|P,1
2026-06-20 23:19:12,Chinese Speed Baccarat 3,telecho|telecho|B,1
2026-06-20 23:25:42,Speed Baccarat 7,telecho|telecho|B,0
2026-06-20 23:38:51,Baccarat 5,telecho|telecho|B,0
2026-06-20 23:45:22,Korean Speed Baccarat 1,telecho|telecho|B,1
2026-06-20 23:51:17,Korean Turbo Baccarat 1,telecho|telecho|B,0
2026-06-20 23:53:40,Speed Baccarat 1,niconico|dragon|P,1
2026-06-20 23:59:40,Speed Baccarat 9,niconico|dragon|P,1
2026-06-21 00:02:20,Vietnamese Speed Baccarat 3,telecho|telecho|B,0
2026-06-21 00:10:09,Korean Speed Baccarat 3,niconico|dragon|P,0
2026-06-21 00:23:53,Speed Baccarat 1,telecho|telecho|B,1
2026-06-21 00:27:58,Indonesian Speed Baccarat 1,telecho|telecho|B,0
2026-06-21 00:34:34,Korean Turbo Baccarat 1,telecho|telecho|B,0
2026-06-21 00:39:36,Speed Baccarat 5,telecho|telecho|B,1
2026-06-21 00:46:13,Speed Baccarat 18,niconico|dragon|P,1
2026-06-21 00:49:29,Indonesian Speed Baccarat 1,sansan|telecho|P,0
2026-06-21 00:50:17,Chinese Speed Baccarat 2,niconico|niconico|B,0
2026-06-21 00:53:15,Speed Baccarat 2,telecho|telecho|B,0
2026-06-21 00:59:01,Vietnamese Speed Baccarat 3,telecho|telecho|B,1
2026-06-21 01:00:20,Super 8 Baccarat,sansan|telecho|P,1
2026-06-21 01:12:43,Speed Baccarat 18,telecho|telecho|B,1
2026-06-21 01:15:28,Baccarat 2,niconico|dragon|P,1
2026-06-21 01:27:24,Speed Baccarat 7,telecho|telecho|B,0
2026-06-21 01:31:18,Korean Baccarat 1,telecho|telecho|B,0
2026-06-21 01:32:05,Speed Baccarat 16,niconico|dragon|P,1
2026-06-21 01:32:59,Korean Speed Baccarat 5,telecho|telecho|B,1
2026-06-21 01:42:30,STAKE SPEED BACCARAT,telecho|telecho|B,0
2026-06-21 01:51:37,Chinese Speed Baccarat 2,niconico|dragon|P,0
2026-06-21 01:51:49,Speed Baccarat 1,niconico|dragon|P,0
2026-06-21 02:01:21,Japanese Speed Baccarat 3,niconico|dragon|P,0
2026-06-21 02:08:57,Super 8 Baccarat,niconico|niconico|B,1
2026-06-21 02:10:06,Korean Speed Baccarat 5,niconico|dragon|P,0
2026-06-21 02:21:00,Baccarat 2,telecho|telecho|B,0
2026-06-21 02:25:39,Turbo Baccarat,telecho|telecho|B,1
2026-06-21 02:29:11,Super 8 Baccarat,telecho|telecho|B,1
2026-06-21 02:44:27,Korean Speed Baccarat 3,telecho|telecho|B,1
2026-06-21 02:49:59,Speed Baccarat 6,niconico|dragon|P,1
2026-06-21 03:13:04,Speed Baccarat 18,telecho|telecho|B,0
2026-06-21 03:19:01,Speed Baccarat 6,telecho|telecho|B,0
2026-06-21 03:20:02,Speed Baccarat 8,telecho|telecho|B,0
2026-06-21 03:22:40,Chinese Speed Baccarat 2,telecho|telecho|B,1
2026-06-21 03:28:29,Super 8 Baccarat,telecho|telecho|B,1
2026-06-21 03:31:02,Korean Speed Baccarat 2,telecho|telecho|B,0
2026-06-21 03:34:49,Baccarat 6,niconico|dragon|P,0
2026-06-21 03:48:32,Korean Speed Baccarat 3,niconico|dragon|P,1
2026-06-21 03:52:50,Speed Baccarat 6,telecho|telecho|B,0
2026-06-21 03:54:26,MEGA BACCARAT,telecho|telecho|B,0
2026-06-21 03:58:47,Indonesian Speed Baccarat 2,telecho|telecho|B,0
2026-06-21 03:58:57,Vietnamese Speed Baccarat 2,telecho|telecho|B,1
2026-06-21 04:00:10,Japanese Speed Baccarat 2,telecho|telecho|B,0
2026-06-21 04:01:03,Korean Speed Baccarat 2,telecho|telecho|B,0
2026-06-21 04:11:05,Speed Baccarat 18,telecho|telecho|B,1
2026-06-21 04:14:17,Amazing Baccarat,sansan|telecho|P,0
2026-06-21 04:16:42,Speed Baccarat 18,telecho|telecho|B,0
2026-06-21 04:16:51,Baccarat 3,telecho|telecho|B,0
2026-06-21 04:22:21,STAKE SPEED BACCARAT,niconico|dragon|P,1
2026-06-21 04:33:09,Vietnamese Speed Baccarat 3,telecho|telecho|B,1
2026-06-21 04:46:44,Fortune 6 Baccarat,telecho|telecho|B,1
2026-06-21 04:59:05,Super 8 Baccarat,niconico|dragon|P,0
2026-06-21 05:06:20,Thai Baccarat 1,niconico|dragon|P,0
2026-06-21 05:10:51,Korean Turbo Baccarat 1,telecho|telecho|B,0
2026-06-21 05:15:32,Chinese Speed Baccarat 1,telecho|telecho|B,0
2026-06-21 05:15:37,Speed Baccarat 13,niconico|dragon|P,0
2026-06-21 05:20:59,Baccarat 6,niconico|dragon|P,1
2026-06-21 05:21:21,Speed Baccarat 3,niconico|dragon|P,1
2026-06-21 05:31:54,Speed Baccarat 8,niconico|niconico|B,0
2026-06-21 05:40:37,Baccarat 3,telecho|telecho|B,0
2026-06-21 05:52:16,Speed Baccarat 6,niconico|dragon|P,0
2026-06-21 05:54:14,Thai Speed Baccarat 1,telecho|telecho|B,1
2026-06-21 06:06:14,Vietnamese Speed Baccarat 2,niconico|dragon|P,0
2026-06-21 06:12:28,Japanese Speed Baccarat 3,niconico|dragon|P,0
2026-06-21 06:19:07,Speed Baccarat 13,niconico|dragon|P,1
2026-06-21 06:24:22,Speed Baccarat 3,niconico|dragon|P,1
2026-06-21 06:44:40,Korean Speed Baccarat 1,niconico|dragon|P,1
2026-06-21 06:54:05,Super 8 Baccarat,niconico|niconico|B,1
2026-06-21 06:56:05,Korean Baccarat 1,niconico|niconico|B,1
2026-06-21 07:13:55,Speed Baccarat 11,telecho|telecho|B,0
2026-06-21 07:19:52,Speed Baccarat 6,niconico|niconico|B,0
2026-06-21 07:22:58,Speed Baccarat 3,telecho|telecho|B,0
2026-06-21 07:30:10,Korean Baccarat 1,telecho|telecho|B,0
2026-06-21 07:38:34,Korean Baccarat 2,niconico|dragon|P,0
2026-06-21 07:41:05,Indonesian Speed Baccarat 1,telecho|telecho|B,0
2026-06-21 08:02:30,Chinese Speed Baccarat 2,telecho|telecho|B,0
2026-06-21 08:04:42,Speed Baccarat 13,niconico|dragon|P,1
2026-06-21 08:07:13,Baccarat 1,telecho|telecho|B,0
2026-06-21 08:08:21,Speed Baccarat 7,niconico|dragon|P,1
2026-06-21 08:18:38,MEGA BACCARAT,telecho|telecho|B,1
2026-06-21 08:20:27,Korean Baccarat 2,telecho|telecho|B,1
2026-06-21 08:21:41,Speed Baccarat 11,niconico|dragon|P,1
2026-06-21 08:22:39,Speed Baccarat 13,telecho|telecho|B,0
2026-06-21 08:23:57,Speed Baccarat 1,telecho|telecho|B,0
2026-06-21 08:53:44,Korean Speed Baccarat 3,niconico|dragon|P,0
2026-06-21 09:03:19,Speed Baccarat 9,niconico|niconico|B,1
2026-06-21 09:20:36,Korean Speed Baccarat 1,niconico|dragon|P,1
2026-06-21 09:28:48,Korean Baccarat 2,niconico|dragon|P,0
2026-06-21 09:32:01,MEGA BACCARAT,telecho|telecho|B,0
2026-06-21 09:53:18,Super 8 Baccarat,niconico|dragon|P,0
2026-06-21 10:03:26,Korean Baccarat 1,telecho|telecho|B,0
2026-06-21 10:03:31,Indonesian Speed Baccarat 2,telecho|telecho|B,1
2026-06-21 10:20:37,Speed Baccarat 12,telecho|telecho|B,1
2026-06-21 10:46:03,Thai Speed Baccarat 2,telecho|telecho|B,1
2026-06-21 10:48:06,Indonesian Speed Baccarat 1,telecho|telecho|B,0
2026-06-21 10:58:50,Chinese Speed Baccarat 2,niconico|dragon|P,1
2026-06-21 11:00:55,Speed Baccarat 5,niconico|dragon|P,1
2026-06-21 11:06:22,STAKE SPEED BACCARAT,niconico|niconico|B,1
2026-06-21 11:11:56,Korean Speed Baccarat 2,telecho|telecho|B,1
2026-06-21 11:13:38,Speed Baccarat 18,niconico|dragon|P,0
2026-06-21 11:22:54,Amazing Baccarat,niconico|dragon|P,1
2026-06-21 11:25:27,Speed Baccarat 8,niconico|dragon|P,0
2026-06-21 11:40:29,Turbo Baccarat,telecho|telecho|B,0
2026-06-21 11:46:28,Vietnamese Speed Baccarat 2,sansan|telecho|P,1
2026-06-21 11:55:09,Korean Speed Baccarat 3,niconico|dragon|P,0
2026-06-21 12:06:16,Korean Baccarat 2,niconico|dragon|P,0
2026-06-21 12:07:14,Speed Baccarat 11,telecho|telecho|B,0
2026-06-21 12:10:26,Vietnamese Speed Baccarat 2,telecho|telecho|B,1
2026-06-21 12:16:31,Speed Baccarat 1,niconico|dragon|P,0
2026-06-21 12:17:38,Speed Baccarat 18,niconico|dragon|P,1
2026-06-21 12:18:11,Vietnamese Speed Baccarat 2,niconico|dragon|P,1
2026-06-21 12:22:20,MEGA BACCARAT,niconico|dragon|P,1
2026-06-21 12:26:31,Thai Speed Baccarat 1,telecho|telecho|B,1
2026-06-21 12:30:12,Speed Baccarat 7,telecho|telecho|B,0
2026-06-21 12:42:30,STAKE SPEED BACCARAT,telecho|telecho|B,1
2026-06-21 12:48:56,Korean Turbo Baccarat 1,telecho|telecho|B,1
2026-06-21 12:54:17,Speed Baccarat 12,niconico|dragon|P,0
2026-06-21 13:02:21,Indonesian Speed Baccarat 2,niconico|dragon|P,0
2026-06-21 13:06:22,Japanese Speed Baccarat 2,telecho|telecho|B,1
2026-06-21 13:06:48,Speed Baccarat 15,niconico|niconico|B,0
2026-06-21 13:30:13,Super 8 Baccarat,niconico|dragon|P,1
2026-06-21 13:53:35,Indonesian Speed Baccarat 1,niconico|dragon|P,1
2026-06-21 13:54:08,Vietnamese Speed Baccarat 1,telecho|telecho|B,1
2026-06-21 13:54:14,Japanese Speed Baccarat 1,telecho|telecho|B,1
2026-06-21 13:54:22,Korean Speed Baccarat 1,telecho|telecho|B,1
2026-06-21 13:55:21,Japanese Speed Baccarat 1,sansan|telecho|P,1
2026-06-21 13:56:09,Speed Baccarat 1,niconico|dragon|P,1
2026-06-21 14:09:40,Speed Baccarat 11,telecho|telecho|B,1
2026-06-21 14:16:50,Korean Speed Baccarat 2,telecho|telecho|B,1
2026-06-21 14:21:34,Thai Speed Baccarat 1,niconico|dragon|P,0
2026-06-21 14:21:57,Turbo Baccarat,telecho|telecho|B,0
2026-06-21 14:26:26,Turbo Baccarat,telecho|telecho|B,0
2026-06-21 14:36:53,Indonesian Speed Baccarat 1,telecho|telecho|B,0
2026-06-21 14:40:14,Speed Baccarat 12,telecho|telecho|B,1
2026-06-21 14:47:10,Japanese Speed Baccarat 1,telecho|telecho|B,1
2026-06-21 14:50:55,Japanese Speed Baccarat 3,telecho|telecho|B,0
2026-06-21 14:56:42,Chinese Speed Baccarat 1,telecho|telecho|B,0
2026-06-21 14:57:16,Speed Baccarat 8,telecho|telecho|B,1
2026-06-21 15:17:12,Speed Baccarat 10,niconico|dragon|P,0
2026-06-21 15:28:37,Korean Speed Baccarat 5,telecho|telecho|B,1
2026-06-21 15:52:23,Japanese Speed Baccarat 1,niconico|dragon|P,1
2026-06-21 15:56:04,Vietnamese Speed Baccarat 1,telecho|telecho|B,1
2026-06-21 16:09:11,Speed Baccarat 7,niconico|dragon|P,0
2026-06-21 16:10:29,Speed Baccarat 1,sansan|telecho|P,1
2026-06-21 16:20:14,Korean Speed Baccarat 5,telecho|telecho|B,1
2026-06-21 16:58:39,Speed Baccarat 8,telecho|telecho|B,1
2026-06-21 17:11:59,Baccarat 7,telecho|telecho|B,0
2026-06-21 17:24:44,Japanese Speed Baccarat 1,niconico|dragon|P,0
2026-06-21 17:27:48,Baccarat 3,telecho|telecho|B,0
2026-06-21 17:41:23,Korean Turbo Baccarat 1,telecho|telecho|B,1
2026-06-21 17:56:08,Speed Baccarat 9,telecho|telecho|B,1
2026-06-21 17:59:17,Baccarat 1,telecho|telecho|B,1
2026-06-21 18:16:09,Korean Speed Baccarat 2,telecho|telecho|B,1
2026-06-21 18:23:31,Speed Baccarat 11,telecho|telecho|B,1
2026-06-21 18:23:43,Korean Speed Baccarat 5,niconico|dragon|P,1
2026-06-21 18:49:34,MEGA BACCARAT,telecho|telecho|B,0
2026-06-21 18:53:13,Korean Turbo Baccarat 1,telecho|telecho|B,0
2026-06-21 19:03:22,Thai Speed Baccarat 2,sansan|telecho|P,0
2026-06-21 19:04:10,Vietnamese Speed Baccarat 3,telecho|telecho|B,0
2026-06-21 19:04:44,Baccarat 7,telecho|telecho|B,0
2026-06-21 19:05:13,Speed Baccarat 10,niconico|dragon|P,1
2026-06-21 19:05:25,Korean Turbo Baccarat 1,telecho|telecho|B,1
2026-06-21 19:05:56,Baccarat 9,niconico|dragon|P,0
2026-06-21 19:12:08,Speed Baccarat 6,niconico|dragon|P,1
2026-06-21 19:18:12,Korean Speed Baccarat 5,telecho|telecho|B,0
2026-06-21 19:23:52,Speed Baccarat 11,telecho|telecho|B,1
2026-06-21 19:26:18,Thai Speed Baccarat 2,niconico|dragon|P,0
2026-06-21 19:30:34,Speed Baccarat 15,telecho|telecho|B,0
2026-06-21 19:35:46,Super 8 Baccarat,niconico|niconico|B,0
2026-06-21 19:42:05,Korean Turbo Baccarat 1,niconico|dragon|P,0
2026-06-21 19:51:56,Baccarat 1,telecho|telecho|B,1
2026-06-21 20:04:14,Korean Speed Baccarat 1,niconico|dragon|P,0
2026-06-21 20:13:04,STAKE SPEED BACCARAT,telecho|telecho|B,1
2026-06-21 20:14:30,MEGA BACCARAT,niconico|dragon|P,0
2026-06-21 20:14:51,Speed Baccarat 16,telecho|telecho|B,1
2026-06-21 20:24:49,Baccarat 6,niconico|dragon|P,0
2026-06-21 20:37:35,Vietnamese Speed Baccarat 1,niconico|dragon|P,0
2026-06-21 20:48:32,Speed Baccarat 11,niconico|dragon|P,0
2026-06-21 20:53:27,Japanese Speed Baccarat 1,sansan|telecho|P,1
2026-06-21 21:03:54,Baccarat 6,sansan|telecho|P,0
2026-06-21 21:08:02,Vietnamese Speed Baccarat 3,sansan|telecho|P,0
2026-06-21 21:09:15,Korean Baccarat 1,telecho|telecho|B,0
2026-06-21 21:16:41,STAKE SPEED BACCARAT,niconico|dragon|P,1
2026-06-21 21:28:59,Baccarat 5,telecho|telecho|B,1
2026-06-21 21:35:47,Fortune 6 Baccarat,sansan|telecho|P,0
2026-06-21 21:36:15,Vietnamese Speed Baccarat 3,telecho|telecho|B,0
2026-06-21 21:56:44,Vietnamese Speed Baccarat 2,niconico|niconico|B,1
2026-06-21 21:58:55,Thai Speed Baccarat 2,niconico|dragon|P,0
2026-06-21 22:10:27,Speed Baccarat 15,telecho|telecho|B,1
2026-06-21 22:13:03,Vietnamese Speed Baccarat 2,telecho|telecho|B,1
2026-06-21 22:13:38,Thai Speed Baccarat 1,niconico|dragon|P,0
2026-06-21 22:18:56,Speed Baccarat 11,niconico|niconico|B,1
2026-06-21 22:31:23,Speed Baccarat 12,telecho|telecho|B,1
2026-06-21 22:33:15,Baccarat 9,telecho|telecho|B,1
2026-06-21 22:34:16,Speed Baccarat 15,niconico|niconico|B,1
2026-06-21 22:36:31,Super 8 Baccarat,telecho|telecho|B,1
2026-06-21 22:42:41,Speed Baccarat 5,sansan|telecho|P,0
2026-06-21 22:45:07,Speed Baccarat 16,sansan|telecho|P,1
2026-06-21 23:11:03,Baccarat 9,sansan|telecho|P,1
2026-06-21 23:13:36,Turbo Baccarat,niconico|dragon|P,0
2026-06-21 23:35:08,Vietnamese Speed Baccarat 3,niconico|dragon|P,0
2026-06-22 00:04:11,Japanese Speed Baccarat 2,telecho|telecho|B,1
2026-06-22 00:05:29,Korean Speed Baccarat 2,telecho|telecho|B,0
2026-06-22 00:15:23,Korean Speed Baccarat 1,telecho|telecho|B,1
2026-06-22 00:16:08,Baccarat 5,niconico|dragon|P,1
2026-06-22 00:16:11,STAKE SPEED BACCARAT,niconico|niconico|B,1
2026-06-22 00:35:07,Speed Baccarat 16,niconico|niconico|B,1
2026-06-22 00:38:49,Speed Baccarat 5,niconico|dragon|P,0
2026-06-22 00:44:43,Speed Baccarat 5,niconico|dragon|P,0
2026-06-22 00:45:20,Japanese Speed Baccarat 3,niconico|dragon|P,0
2026-06-22 00:48:04,Baccarat 1,niconico|dragon|P,1
2026-06-22 00:51:00,Chinese Speed Baccarat 1,telecho|telecho|B,0
2026-06-22 01:03:51,Korean Speed Baccarat 2,niconico|dragon|P,1
2026-06-22 01:05:33,Korean Baccarat 1,niconico|dragon|P,0
2026-06-22 01:21:37,Speed Baccarat 18,telecho|telecho|B,1
2026-06-22 01:22:35,Speed Baccarat 12,telecho|telecho|B,0
2026-06-22 01:23:31,Speed Baccarat 1,telecho|telecho|B,0
2026-06-22 01:24:48,Japanese Speed Baccarat 2,niconico|dragon|P,1
2026-06-22 01:32:11,Korean Speed Baccarat 5,telecho|telecho|B,1
2026-06-22 01:32:16,Japanese Speed Baccarat 3,niconico|niconico|B,0
2026-06-22 01:33:41,STAKE SPEED BACCARAT,niconico|niconico|B,1
2026-06-22 01:34:32,Vietnamese Speed Baccarat 1,telecho|telecho|B,0
2026-06-22 01:42:17,Amazing Baccarat,telecho|telecho|B,0
2026-06-22 01:43:48,Speed Baccarat 7,niconico|dragon|P,1
2026-06-22 01:46:54,Chinese Speed Baccarat 2,niconico|niconico|B,1
2026-06-22 01:59:50,Korean Baccarat 2,niconico|dragon|P,1
2026-06-22 02:10:06,Thai Speed Baccarat 1,sansan|telecho|P,0
2026-06-22 02:19:36,Speed Baccarat 9,sansan|telecho|P,1
2026-06-22 02:23:12,Speed Baccarat 18,niconico|dragon|P,0
2026-06-22 02:35:18,Korean Turbo Baccarat 1,niconico|niconico|B,0
2026-06-22 02:35:46,Vietnamese Speed Baccarat 1,telecho|telecho|B,1
2026-06-22 02:37:18,Baccarat 9,niconico|dragon|P,0
2026-06-22 02:40:43,Speed Baccarat 7,telecho|telecho|B,1
2026-06-22 02:45:20,Speed Baccarat 12,niconico|dragon|P,1
2026-06-22 02:48:42,Speed Baccarat 1,sansan|telecho|P,0
2026-06-22 02:55:13,Vietnamese Speed Baccarat 2,sansan|telecho|P,1
2026-06-22 02:57:40,Chinese Speed Baccarat 1,niconico|dragon|P,1
2026-06-22 02:58:05,Chinese Speed Baccarat 1,niconico|dragon|P,1
2026-06-22 03:09:16,Amazing Baccarat,telecho|telecho|B,1
2026-06-22 03:19:49,Thai Speed Baccarat 2,niconico|dragon|P,1
2026-06-22 03:31:24,Super 8 Baccarat,telecho|telecho|B,0
2026-06-22 03:37:41,Korean Speed Baccarat 5,telecho|telecho|B,0
2026-06-22 03:42:56,Indonesian Speed Baccarat 2,telecho|telecho|B,0
2026-06-22 03:56:13,Chinese Speed Baccarat 1,telecho|telecho|B,1
2026-06-22 03:59:28,Speed Baccarat 3,niconico|niconico|B,1
2026-06-22 04:15:51,Vietnamese Speed Baccarat 2,telecho|telecho|B,0
2026-06-22 04:20:23,Korean Baccarat 1,telecho|telecho|B,1
2026-06-22 04:30:52,Japanese Speed Baccarat 1,telecho|telecho|B,0
2026-06-22 04:33:28,Chinese Speed Baccarat 1,sansan|telecho|P,0
2026-06-22 04:46:59,Chinese Speed Baccarat 2,telecho|telecho|B,1
2026-06-22 04:56:11,MEGA BACCARAT,sansan|telecho|P,0
2026-06-22 05:03:59,Chinese Speed Baccarat 1,telecho|telecho|B,1
2026-06-22 05:06:22,Speed Baccarat 5,niconico|dragon|P,1
2026-06-22 05:07:57,Thai Baccarat 1,telecho|telecho|B,1
2026-06-22 05:10:22,Baccarat 6,telecho|telecho|B,0
2026-06-22 05:16:40,Korean Speed Baccarat 2,telecho|telecho|B,1
2026-06-22 05:20:21,Korean Turbo Baccarat 1,telecho|telecho|B,0
2026-06-22 05:35:34,MEGA BACCARAT,niconico|dragon|P,0
2026-06-22 05:49:44,Baccarat 6,telecho|telecho|B,0
2026-06-22 06:05:14,Speed Baccarat 11,telecho|telecho|B,0
2026-06-22 06:07:00,Korean Speed Baccarat 3,niconico|dragon|P,1
2026-06-22 06:22:15,Speed Baccarat 7,niconico|niconico|B,0
2026-06-22 06:33:33,Amazing Baccarat,niconico|dragon|P,1
2026-06-22 06:53:39,Japanese Speed Baccarat 3,telecho|telecho|B,0
2026-06-22 06:58:04,Chinese Speed Baccarat 2,telecho|telecho|B,1
2026-06-22 07:02:46,Baccarat 1,niconico|dragon|P,0
2026-06-22 07:04:57,Japanese Speed Baccarat 3,telecho|telecho|B,1
2026-06-22 07:05:38,Chinese Speed Baccarat 1,sansan|telecho|P,1
2026-06-22 07:05:41,MEGA BACCARAT,niconico|dragon|P,0
2026-06-22 07:07:19,Chinese Speed Baccarat 1,sansan|telecho|P,1
2026-06-22 07:11:08,Korean Baccarat 1,telecho|telecho|B,0
2026-06-22 07:20:58,Speed Baccarat 3,telecho|telecho|B,0
2026-06-22 07:32:40,Speed Baccarat 8,niconico|dragon|P,1
2026-06-22 07:33:45,Super 8 Baccarat,telecho|telecho|B,0
2026-06-22 07:42:31,Chinese Speed Baccarat 3,niconico|dragon|P,0
2026-06-22 07:55:00,Chinese Speed Baccarat 2,niconico|dragon|P,0
2026-06-22 08:12:56,Indonesian Speed Baccarat 2,telecho|telecho|B,0
2026-06-22 08:15:24,Baccarat 1,niconico|niconico|B,0
2026-06-22 08:16:05,Indonesian Speed Baccarat 2,telecho|telecho|B,0
2026-06-22 08:16:35,Japanese Speed Baccarat 1,niconico|dragon|P,1
2026-06-22 08:18:56,Thai Speed Baccarat 1,sansan|telecho|P,1
2026-06-22 08:24:59,Vietnamese Speed Baccarat 2,niconico|niconico|B,1
2026-06-22 08:32:08,Korean Turbo Baccarat 1,telecho|telecho|B,0
2026-06-22 08:34:48,Speed Baccarat 15,niconico|dragon|P,1
2026-06-22 08:46:41,Speed Baccarat 6,telecho|telecho|B,0
2026-06-22 08:53:13,Speed Baccarat 9,niconico|dragon|P,0
2026-06-22 09:06:38,Vietnamese Speed Baccarat 2,niconico|dragon|P,1
2026-06-22 09:10:38,Japanese Speed Baccarat 3,sansan|telecho|P,0
2026-06-22 09:32:04,Thai Baccarat 1,telecho|telecho|B,0
2026-06-22 09:49:54,Indonesian Speed Baccarat 2,sansan|telecho|P,1
2026-06-22 09:53:52,MEGA BACCARAT,niconico|dragon|P,1
2026-06-22 09:57:07,Chinese Speed Baccarat 2,niconico|dragon|P,0
2026-06-22 10:01:32,Korean Speed Baccarat 1,niconico|dragon|P,0
2026-06-22 10:03:26,Korean Speed Baccarat 1,telecho|telecho|B,1
2026-06-22 10:10:22,Korean Turbo Baccarat 1,niconico|dragon|P,1
2026-06-22 10:12:56,Japanese Speed Baccarat 1,telecho|telecho|B,0
2026-06-22 10:15:44,Super 8 Baccarat,telecho|telecho|B,1
2026-06-22 10:17:36,Indonesian Speed Baccarat 2,niconico|niconico|B,1
2026-06-22 10:24:29,Korean Speed Baccarat 5,telecho|telecho|B,0
2026-06-22 10:32:03,Chinese Speed Baccarat 3,telecho|telecho|B,1
2026-06-22 11:00:29,Korean Turbo Baccarat 1,niconico|dragon|P,0
2026-06-22 11:04:48,Speed Baccarat 13,niconico|niconico|B,1
2026-06-22 11:11:42,Speed Baccarat 6,niconico|dragon|P,1
2026-06-22 11:23:12,Indonesian Speed Baccarat 2,telecho|telecho|B,0
2026-06-22 11:23:17,Speed Baccarat 6,telecho|telecho|B,1
2026-06-22 11:25:30,Vietnamese Speed Baccarat 2,telecho|telecho|B,0
2026-06-22 11:29:45,Vietnamese Speed Baccarat 2,sansan|telecho|P,1
2026-06-22 11:30:11,Baccarat 6,niconico|dragon|P,0
2026-06-22 11:30:54,Chinese Speed Baccarat 1,niconico|dragon|P,1
2026-06-22 11:42:54,Fortune 6 Baccarat,sansan|telecho|P,1
2026-06-22 11:42:58,Korean Turbo Baccarat 1,telecho|telecho|B,1
2026-06-22 11:43:08,Japanese Speed Baccarat 1,niconico|dragon|P,1
2026-06-22 11:45:01,Indonesian Speed Baccarat 2,niconico|dragon|P,1
2026-06-22 12:00:25,Speed Baccarat 13,telecho|telecho|B,0
2026-06-22 12:15:37,Indonesian Speed Baccarat 1,sansan|telecho|P,1
2026-06-22 12:21:10,Korean Baccarat 1,sansan|telecho|P,1
2026-06-22 12:28:54,Speed Baccarat 7,niconico|dragon|P,0
2026-06-22 12:30:14,Japanese Speed Baccarat 3,telecho|telecho|B,0
2026-06-22 12:32:50,Korean Turbo Baccarat 1,niconico|dragon|P,0
2026-06-22 12:35:33,Chinese Speed Baccarat 2,niconico|dragon|P,0
2026-06-22 12:38:13,Fortune 6 Baccarat,telecho|telecho|B,0
2026-06-22 12:44:23,Indonesian Speed Baccarat 2,telecho|telecho|B,0
2026-06-22 12:45:51,Korean Speed Baccarat 3,telecho|telecho|B,0
2026-06-22 12:46:47,Chinese Speed Baccarat 2,niconico|dragon|P,1
2026-06-22 12:52:14,Japanese Speed Baccarat 2,niconico|dragon|P,0
2026-06-22 12:54:38,Korean Baccarat 1,telecho|telecho|B,1
2026-06-22 12:55:38,Amazing Baccarat,telecho|telecho|B,1
2026-06-22 12:57:05,Speed Baccarat 5,telecho|telecho|B,1
2026-06-22 13:01:13,Amazing Baccarat,telecho|telecho|B,1
2026-06-22 13:10:02,Baccarat 5,telecho|telecho|B,0
2026-06-22 13:19:04,Korean Baccarat 2,niconico|dragon|P,0
2026-06-22 13:26:17,Speed Baccarat 9,niconico|niconico|B,0
2026-06-22 13:27:29,Speed Baccarat 10,telecho|telecho|B,1
2026-06-22 13:29:32,Vietnamese Speed Baccarat 2,telecho|telecho|B,0
2026-06-22 13:30:04,Baccarat 1,telecho|telecho|B,0
2026-06-22 13:32:02,Speed Baccarat 5,niconico|dragon|P,0
2026-06-22 13:34:53,Thai Speed Baccarat 1,telecho|telecho|B,1
2026-06-22 13:40:20,Korean Speed Baccarat 3,telecho|telecho|B,1
2026-06-22 13:55:47,Chinese Speed Baccarat 1,niconico|dragon|P,1
2026-06-22 14:00:55,Japanese Speed Baccarat 2,telecho|telecho|B,1
2026-06-22 14:38:18,Baccarat 1,sansan|telecho|P,1
2026-06-22 14:53:01,Chinese Speed Baccarat 1,niconico|dragon|P,0
2026-06-22 14:53:33,Korean Baccarat 1,telecho|telecho|B,1
2026-06-22 15:01:35,Korean Speed Baccarat 2,niconico|dragon|P,0
2026-06-22 15:06:20,Speed Baccarat 6,telecho|telecho|B,0
2026-06-22 15:13:41,Vietnamese Speed Baccarat 3,telecho|telecho|B,0
2026-06-22 15:17:15,Vietnamese Speed Baccarat 3,telecho|telecho|B,0
2026-06-22 15:28:47,Speed Baccarat 6,telecho|telecho|B,1
2026-06-22 15:31:16,Speed Baccarat 8,sansan|telecho|P,0
2026-06-22 15:34:19,Speed Baccarat 9,telecho|telecho|B,0
2026-06-22 15:35:14,Fortune 6 Baccarat,niconico|niconico|B,1
2026-06-22 15:36:50,Amazing Baccarat,telecho|telecho|B,1
2026-06-22 15:49:02,Thai Speed Baccarat 2,telecho|telecho|B,1
2026-06-22 15:52:48,Japanese Speed Baccarat 1,sansan|telecho|P,0
2026-06-22 15:59:52,Speed Baccarat 6,niconico|dragon|P,1
2026-06-22 16:05:28,Baccarat 9,telecho|telecho|B,1
2026-06-22 16:14:21,Chinese Speed Baccarat 2,niconico|dragon|P,0
2026-06-22 16:14:27,Speed Baccarat 15,telecho|telecho|B,1
2026-06-22 16:20:21,Speed Baccarat 11,niconico|niconico|B,1
2026-06-22 16:24:49,Super 8 Baccarat,telecho|telecho|B,1
2026-06-22 16:29:19,Baccarat 2,niconico|niconico|B,0
2026-06-22 16:31:25,Thai Speed Baccarat 1,niconico|niconico|B,0
2026-06-22 16:36:19,Korean Speed Baccarat 2,niconico|dragon|P,1
2026-06-22 16:38:37,Baccarat 6,niconico|niconico|B,0
2026-06-22 16:44:18,STAKE SPEED BACCARAT,niconico|dragon|P,1
2026-06-22 17:02:15,Korean Baccarat 1,niconico|dragon|P,0
2026-06-22 17:02:26,Korean Speed Baccarat 5,niconico|dragon|P,1
2026-06-22 17:15:15,Speed Baccarat 11,telecho|telecho|B,1
2026-06-22 17:27:06,Speed Baccarat 5,niconico|dragon|P,0
2026-06-22 17:27:37,Baccarat 5,telecho|telecho|B,1
2026-06-22 17:32:34,Speed Baccarat 2,telecho|telecho|B,1
2026-06-22 17:32:38,Thai Speed Baccarat 1,niconico|dragon|P,0
2026-06-22 17:32:42,Korean Speed Baccarat 2,niconico|niconico|B,0
2026-06-22 17:37:03,Indonesian Speed Baccarat 1,telecho|telecho|B,0
2026-06-22 17:59:40,Vietnamese Speed Baccarat 2,sansan|telecho|P,0
2026-06-22 18:06:02,Speed Baccarat 16,niconico|niconico|B,0
2026-06-22 18:12:48,Baccarat 5,telecho|telecho|B,1
2026-06-22 18:22:45,Super 8 Baccarat,niconico|dragon|P,1
2026-06-22 18:28:25,Speed Baccarat 5,telecho|telecho|B,1
2026-06-22 18:29:14,Speed Baccarat 2,niconico|dragon|P,0
2026-06-22 18:33:05,Speed Baccarat 16,telecho|telecho|B,0
2026-06-22 18:40:27,Baccarat 5,telecho|telecho|B,0
2026-06-22 18:57:58,Speed Baccarat 17,telecho|telecho|B,0
2026-06-22 19:18:14,Baccarat 1,telecho|telecho|B,1
2026-06-22 19:18:23,Chinese Speed Baccarat 2,telecho|telecho|B,0
2026-06-22 19:18:41,Japanese Speed Baccarat 2,telecho|telecho|B,1
2026-06-22 19:20:01,Baccarat 6,telecho|telecho|B,1
2026-06-22 19:21:25,Thai Baccarat 1,niconico|dragon|P,0
2026-06-22 19:21:44,Vietnamese Speed Baccarat 1,niconico|niconico|B,0
2026-06-22 19:33:36,Baccarat 2,telecho|telecho|B,0
2026-06-22 19:38:25,Baccarat 9,niconico|dragon|P,1
2026-06-22 19:42:57,Korean Turbo Baccarat 1,niconico|dragon|P,0
2026-06-22 19:47:10,Korean Speed Baccarat 3,niconico|dragon|P,0
2026-06-22 19:51:15,Vietnamese Speed Baccarat 3,niconico|dragon|P,1
2026-06-22 19:53:57,Thai Speed Baccarat 1,niconico|dragon|P,0
2026-06-22 20:13:52,Speed Baccarat 11,niconico|dragon|P,1
2026-06-22 20:35:16,Korean Baccarat 2,telecho|telecho|B,0
2026-06-22 20:49:27,Baccarat 2,niconico|dragon|P,0
2026-06-22 20:49:32,Turbo Baccarat,telecho|telecho|B,1
2026-06-22 21:26:05,Chinese Speed Baccarat 2,niconico|dragon|P,1
2026-06-22 21:27:24,Speed Baccarat 6,niconico|niconico|B,0
2026-06-22 21:28:55,Speed Baccarat 16,telecho|telecho|B,1
2026-06-22 21:35:46,Baccarat 1,telecho|telecho|B,1
2026-06-22 21:42:24,Speed Baccarat 18,niconico|dragon|P,0
2026-06-22 22:06:14,Korean Speed Baccarat 5,telecho|telecho|B,1
2026-06-22 22:11:38,Korean Speed Baccarat 5,telecho|telecho|B,1
2026-06-22 22:15:30,Baccarat 3,telecho|telecho|B,1
2026-06-22 22:25:04,Korean Turbo Baccarat 1,telecho|telecho|B,0
2026-06-22 22:29:33,Korean Speed Baccarat 1,telecho|telecho|B,0
2026-06-22 22:52:55,Vietnamese Speed Baccarat 3,telecho|telecho|B,1
2026-06-22 22:59:43,Thai Baccarat 1,niconico|dragon|P,0
2026-06-22 23:02:26,Fortune 6 Baccarat,telecho|telecho|B,0
2026-06-22 23:20:53,Speed Baccarat 6,telecho|telecho|B,0
2026-06-22 23:48:50,Japanese Speed Baccarat 1,niconico|dragon|P,1
2026-06-22 23:55:24,Japanese Speed Baccarat 2,niconico|niconico|B,1
2026-06-23 00:07:05,Baccarat 1,niconico|dragon|P,0
2026-06-23 00:34:11,Japanese Speed Baccarat 1,niconico|dragon|P,0
2026-06-23 00:35:39,Vietnamese Speed Baccarat 2,niconico|niconico|B,1
2026-06-23 00:48:32,Indonesian Speed Baccarat 1,telecho|telecho|B,1
2026-06-23 00:50:20,STAKE SPEED BACCARAT,niconico|niconico|B,0
2026-06-23 00:59:49,Speed Baccarat 9,telecho|telecho|B,1
2026-06-23 01:02:19,Vietnamese Speed Baccarat 3,niconico|niconico|B,0
2026-06-23 01:02:31,Speed Baccarat 15,telecho|telecho|B,0
2026-06-23 01:15:55,Turbo Baccarat,niconico|dragon|P,1
2026-06-23 01:21:59,Japanese Speed Baccarat 2,telecho|telecho|B,1
2026-06-23 01:30:42,Speed Baccarat 16,niconico|dragon|P,1
2026-06-23 01:34:31,Vietnamese Speed Baccarat 1,niconico|dragon|P,0
2026-06-23 01:45:37,STAKE SPEED BACCARAT,telecho|telecho|B,1
2026-06-23 01:46:04,Korean Speed Baccarat 5,sansan|telecho|P,1
2026-06-23 01:48:26,Baccarat 6,telecho|telecho|B,0
2026-06-23 01:49:36,Speed Baccarat 13,telecho|telecho|B,1
2026-06-23 01:56:15,Korean Speed Baccarat 3,niconico|niconico|B,0
2026-06-23 01:58:37,Thai Speed Baccarat 2,telecho|telecho|B,1
2026-06-23 02:06:05,Speed Baccarat 9,niconico|dragon|P,0
2026-06-23 02:17:38,Korean Baccarat 2,telecho|telecho|B,0
2026-06-23 02:17:40,Speed Baccarat 1,niconico|dragon|P,0
2026-06-23 02:18:57,Indonesian Speed Baccarat 1,niconico|dragon|P,0
2026-06-23 02:36:25,Korean Speed Baccarat 2,telecho|telecho|B,1
2026-06-23 02:39:13,Chinese Speed Baccarat 3,niconico|dragon|P,1
2026-06-23 02:52:18,Japanese Speed Baccarat 2,telecho|telecho|B,1
2026-06-23 02:52:39,Korean Speed Baccarat 5,niconico|dragon|P,1
2026-06-23 02:56:55,Turbo Baccarat,telecho|telecho|B,1
2026-06-23 03:01:03,MEGA BACCARAT,niconico|dragon|P,0
2026-06-23 03:19:55,Baccarat 1,telecho|telecho|B,1
2026-06-23 03:24:13,Indonesian Speed Baccarat 1,telecho|telecho|B,1
2026-06-23 03:40:43,STAKE SPEED BACCARAT,telecho|telecho|B,1
2026-06-23 03:45:01,Japanese Speed Baccarat 1,niconico|dragon|P,1
2026-06-23 03:58:52,MEGA BACCARAT,telecho|telecho|B,0
2026-06-23 04:00:34,Baccarat 5,niconico|dragon|P,1
2026-06-23 04:15:11,Vietnamese Speed Baccarat 2,telecho|telecho|B,0
2026-06-23 04:18:50,Korean Baccarat 2,sansan|telecho|P,0
2026-06-23 04:31:05,Korean Baccarat 1,niconico|dragon|P,1
2026-06-23 04:40:02,Turbo Baccarat,telecho|telecho|B,1
2026-06-23 04:47:55,Super 8 Baccarat,niconico|dragon|P,0
2026-06-23 04:52:52,Speed Baccarat 18,telecho|telecho|B,0
2026-06-23 05:01:10,Baccarat 3,niconico|dragon|P,0
2026-06-23 05:01:12,Speed Baccarat 2,niconico|dragon|P,1
2026-06-23 05:27:15,Speed Baccarat 5,telecho|telecho|B,0
2026-06-23 05:43:21,Speed Baccarat 8,niconico|dragon|P,0
2026-06-23 05:46:58,Thai Speed Baccarat 2,telecho|telecho|B,0
2026-06-23 05:58:00,Speed Baccarat 1,telecho|telecho|B,1
2026-06-23 06:14:24,Speed Baccarat 6,telecho|telecho|B,0
2026-06-23 06:15:42,Speed Baccarat 3,telecho|telecho|B,0
2026-06-23 06:15:46,Super 8 Baccarat,telecho|telecho|B,0
2026-06-23 06:27:11,Japanese Speed Baccarat 3,sansan|telecho|P,0
2026-06-23 06:34:41,Baccarat 1,sansan|telecho|P,1
2026-06-23 06:38:36,Turbo Baccarat,niconico|dragon|P,0
2026-06-23 06:44:43,Japanese Speed Baccarat 1,telecho|telecho|B,1
2026-06-23 07:00:52,STAKE SPEED BACCARAT,niconico|dragon|P,1
2026-06-23 07:12:05,Baccarat 2,telecho|telecho|B,0
2026-06-23 07:16:54,Thai Speed Baccarat 1,telecho|telecho|B,0
2026-06-23 07:19:19,Chinese Speed Baccarat 3,niconico|dragon|P,1
2026-06-23 07:27:54,Turbo Baccarat,niconico|dragon|P,1
2026-06-23 07:28:48,Speed Baccarat 5,telecho|telecho|B,1
2026-06-23 07:41:55,Korean Speed Baccarat 3,telecho|telecho|B,0
2026-06-23 07:44:45,Fortune 6 Baccarat,niconico|dragon|P,0
2026-06-23 07:44:47,Chinese Speed Baccarat 3,niconico|dragon|P,0
2026-06-23 07:45:43,Thai Baccarat 1,telecho|telecho|B,1
2026-06-23 07:46:37,Korean Turbo Baccarat 1,telecho|telecho|B,0
2026-06-23 07:48:26,Speed Baccarat 3,telecho|telecho|B,0
2026-06-23 07:50:58,Indonesian Speed Baccarat 2,telecho|telecho|B,1
2026-06-23 07:55:32,Speed Baccarat 2,niconico|dragon|P,1
2026-06-23 08:05:32,Speed Baccarat 6,telecho|telecho|B,0
2026-06-23 08:06:57,Korean Turbo Baccarat 1,niconico|dragon|P,0
2026-06-23 08:11:14,Baccarat 3,telecho|telecho|B,1
2026-06-23 08:23:39,Turbo Baccarat,niconico|niconico|B,0
2026-06-23 08:35:56,Speed Baccarat 5,sansan|telecho|P,1
2026-06-23 08:51:42,Chinese Speed Baccarat 2,niconico|dragon|P,1
2026-06-23 08:52:24,Speed Baccarat 12,telecho|telecho|B,0
2026-06-23 09:03:06,Korean Speed Baccarat 3,niconico|dragon|P,0
2026-06-23 09:11:30,Thai Speed Baccarat 1,niconico|dragon|P,0
2026-06-23 09:14:33,Japanese Speed Baccarat 1,niconico|dragon|P,0
2026-06-23 09:19:15,Baccarat 3,telecho|telecho|B,1
2026-06-23 09:19:57,Turbo Baccarat,niconico|dragon|P,0
2026-06-23 09:26:05,Speed Baccarat 1,niconico|dragon|P,0
2026-06-23 09:30:50,Speed Baccarat 8,niconico|dragon|P,0
2026-06-23 09:43:13,Indonesian Speed Baccarat 1,telecho|telecho|B,0
2026-06-23 09:43:53,Korean Baccarat 2,telecho|telecho|B,1
2026-06-23 10:10:37,Korean Speed Baccarat 2,sansan|telecho|P,0
2026-06-23 10:44:13,Korean Speed Baccarat 3,telecho|telecho|B,0
2026-06-23 11:06:23,Speed Baccarat 18,telecho|telecho|B,1
2026-06-23 11:23:02,Japanese Speed Baccarat 1,telecho|telecho|B,0
2026-06-23 11:58:29,Baccarat 5,telecho|telecho|B,1
2026-06-23 12:07:53,Indonesian Speed Baccarat 1,telecho|telecho|B,1
2026-06-23 12:10:31,Speed Baccarat 11,telecho|telecho|B,1
2026-06-23 12:23:01,STAKE SPEED BACCARAT,telecho|telecho|B,0
2026-06-23 12:24:51,Korean Speed Baccarat 5,telecho|telecho|B,1
2026-06-23 12:47:24,Speed Baccarat 2,telecho|telecho|B,1
2026-06-23 12:51:23,Turbo Baccarat,telecho|telecho|B,1
2026-06-23 13:02:00,Korean Speed Baccarat 3,telecho|telecho|B,0
2026-06-23 13:07:05,Baccarat 6,telecho|telecho|B,0
2026-06-23 13:18:45,STAKE SPEED BACCARAT,telecho|telecho|B,1
2026-06-23 13:24:13,Korean Turbo Baccarat 1,telecho|telecho|B,0
2026-06-23 13:33:56,Speed Baccarat 17,telecho|telecho|B,1
2026-06-23 13:48:42,Speed Baccarat 17,telecho|telecho|B,1
2026-06-23 13:49:53,Speed Baccarat 15,telecho|telecho|B,1
2026-06-23 13:50:45,Speed Baccarat 2,telecho|telecho|B,0
2026-06-23 13:55:25,Super 8 Baccarat,telecho|telecho|B,0
2026-06-23 14:22:30,Japanese Speed Baccarat 2,telecho|telecho|B,0
2026-06-23 14:22:37,Korean Baccarat 1,telecho|telecho|B,0
2026-06-23 14:42:32,Speed Baccarat 2,telecho|telecho|B,1
2026-06-23 14:48:26,Thai Speed Baccarat 1,telecho|telecho|B,0
2026-06-23 14:51:10,Korean Speed Baccarat 3,telecho|telecho|B,0
2026-06-23 15:03:19,Korean Baccarat 1,sansan|telecho|P,1
2026-06-23 15:05:14,Indonesian Speed Baccarat 1,telecho|telecho|B,1
2026-06-23 15:11:12,Turbo Baccarat,telecho|telecho|B,0
2026-06-23 15:13:35,Turbo Baccarat,sansan|telecho|P,0
2026-06-23 15:22:47,Japanese Speed Baccarat 2,telecho|telecho|B,0
2026-06-23 15:33:36,Indonesian Speed Baccarat 1,telecho|telecho|B,0
2026-06-23 15:39:11,Korean Baccarat 1,telecho|telecho|B,1
2026-06-23 15:41:06,Baccarat 7,telecho|telecho|B,1
2026-06-23 15:54:01,Speed Baccarat 8,telecho|telecho|B,0
2026-06-23 16:04:26,Speed Baccarat 17,telecho|telecho|B,0
2026-06-23 16:10:39,Speed Baccarat 10,telecho|telecho|B,0
2026-06-23 16:20:49,Korean Speed Baccarat 3,telecho|telecho|B,1
2026-06-23 16:39:10,Indonesian Speed Baccarat 2,telecho|telecho|B,1
2026-06-23 16:40:14,Speed Baccarat 10,telecho|telecho|B,0
2026-06-23 16:52:17,Chinese Speed Baccarat 3,telecho|telecho|B,0
2026-06-23 17:00:46,Indonesian Speed Baccarat 2,telecho|telecho|B,0
2026-06-23 17:24:29,Baccarat 9,telecho|telecho|B,0
2026-06-23 17:28:09,Speed Baccarat 7,telecho|telecho|B,1
2026-06-23 17:38:19,Thai Speed Baccarat 2,telecho|telecho|B,1
2026-06-23 17:49:34,Speed Baccarat 15,telecho|telecho|B,1
2026-06-23 17:59:36,Japanese Speed Baccarat 1,telecho|telecho|B,0
2026-06-23 18:00:56,Amazing Baccarat,telecho|telecho|B,0
2026-06-23 18:18:59,Chinese Speed Baccarat 1,telecho|telecho|B,1
2026-06-23 18:26:42,Korean Turbo Baccarat 1,sansan|telecho|P,0
2026-06-23 18:31:56,Indonesian Speed Baccarat 2,telecho|telecho|B,1
2026-06-23 18:48:07,Chinese Speed Baccarat 2,telecho|telecho|B,0
2026-06-23 18:49:14,Chinese Speed Baccarat 3,telecho|telecho|B,0
2026-06-23 18:57:25,Baccarat 9,telecho|telecho|B,0
2026-06-23 19:00:07,Korean Baccarat 1,telecho|telecho|B,0
2026-06-23 19:22:45,Baccarat 5,telecho|telecho|B,0
2026-06-23 19:31:02,STAKE SPEED BACCARAT,telecho|telecho|B,0
2026-06-23 19:31:13,Speed Baccarat 8,telecho|telecho|B,1
2026-06-23 19:40:29,MEGA BACCARAT,telecho|telecho|B,0
2026-06-23 19:50:35,Vietnamese Speed Baccarat 3,telecho|telecho|B,1
2026-06-23 20:12:10,Speed Baccarat 2,telecho|telecho|B,0
2026-06-23 20:15:48,Speed Baccarat 11,telecho|telecho|B,0
2026-06-23 20:19:27,Vietnamese Speed Baccarat 3,telecho|telecho|B,0
2026-06-23 20:20:26,Speed Baccarat 7,sansan|telecho|P,1
2026-06-23 20:53:35,Speed Baccarat 7,sansan|telecho|P,0
2026-06-23 21:01:10,Speed Baccarat 18,telecho|telecho|B,0
2026-06-23 21:13:40,Vietnamese Speed Baccarat 1,telecho|telecho|B,1
2026-06-23 21:16:01,Baccarat 5,telecho|telecho|B,1
2026-06-23 22:04:56,Speed Baccarat 13,telecho|telecho|B,1
2026-06-23 22:20:27,Vietnamese Speed Baccarat 3,telecho|telecho|B,1
2026-06-23 23:12:24,MEGA BACCARAT,telecho|telecho|B,0
2026-06-23 23:20:24,Turbo Baccarat,telecho|telecho|B,1
2026-06-23 23:25:17,Speed Baccarat 16,telecho|telecho|B,1
2026-06-23 23:41:14,Korean Speed Baccarat 3,sansan|telecho|P,1
2026-06-23 23:42:27,Baccarat 5,telecho|telecho|B,1
2026-06-23 23:47:26,Vietnamese Speed Baccarat 1,telecho|telecho|B,1
2026-06-24 00:06:02,Korean Turbo Baccarat 1,sansan|telecho|P,1
2026-06-24 00:29:55,Chinese Speed Baccarat 3,telecho|telecho|B,0
2026-06-24 00:31:30,Speed Baccarat 18,telecho|telecho|B,0
2026-06-24 01:08:12,Baccarat 2,telecho|telecho|B,1
2026-06-24 01:13:05,Vietnamese Speed Baccarat 2,telecho|telecho|B,1
2026-06-24 01:42:06,Speed Baccarat 9,telecho|telecho|B,0
2026-06-24 02:08:20,Japanese Speed Baccarat 3,telecho|telecho|B,1
2026-06-24 02:28:27,MEGA BACCARAT,telecho|telecho|B,1
2026-06-24 02:59:54,Japanese Speed Baccarat 1,telecho|telecho|B,0
2026-06-24 03:02:31,Speed Baccarat 7,telecho|telecho|B,0
2026-06-24 03:05:48,Chinese Speed Baccarat 1,telecho|telecho|B,0
2026-06-24 03:22:56,Baccarat 6,sansan|telecho|P,1
2026-06-24 03:33:35,Vietnamese Speed Baccarat 1,telecho|telecho|B,0
2026-06-24 03:35:26,Chinese Speed Baccarat 2,telecho|telecho|B,1
2026-06-24 03:40:13,Indonesian Speed Baccarat 1,telecho|telecho|B,1
2026-06-24 03:40:25,Speed Baccarat 1,sansan|telecho|P,0
2026-06-24 03:50:29,Thai Speed Baccarat 1,telecho|telecho|B,1
2026-06-24 03:54:04,Korean Speed Baccarat 5,telecho|telecho|B,0
2026-06-24 04:26:25,Speed Baccarat 18,sansan|telecho|P,0
2026-06-24 04:34:49,Chinese Speed Baccarat 3,telecho|telecho|B,0
2026-06-24 04:41:13,Japanese Speed Baccarat 1,telecho|telecho|B,1
2026-06-24 05:06:34,Japanese Speed Baccarat 3,sansan|telecho|P,1
2026-06-24 05:09:06,Vietnamese Speed Baccarat 2,telecho|telecho|B,1
2026-06-24 05:13:01,Chinese Speed Baccarat 2,telecho|telecho|B,0
2026-06-24 05:57:01,MEGA BACCARAT,telecho|telecho|B,0
2026-06-24 06:06:14,Vietnamese Speed Baccarat 1,telecho|telecho|B,0
2026-06-24 06:25:33,Korean Speed Baccarat 1,telecho|telecho|B,1
2026-06-24 06:37:51,Japanese Speed Baccarat 1,telecho|telecho|B,1
2026-06-24 06:40:18,Korean Turbo Baccarat 1,sansan|telecho|P,1
2026-06-24 06:45:39,Amazing Baccarat,telecho|telecho|B,1
2026-06-24 07:06:33,Baccarat 6,telecho|telecho|B,0
2026-06-24 07:07:16,Speed Baccarat 2,sansan|telecho|P,0
2026-06-24 07:14:29,Baccarat 5,telecho|telecho|B,1
2026-06-24 07:18:28,Speed Baccarat 8,telecho|telecho|B,0
2026-06-24 07:23:22,Japanese Speed Baccarat 2,telecho|telecho|B,1
2026-06-24 08:14:57,Chinese Speed Baccarat 2,telecho|telecho|B,1
2026-06-24 08:22:45,Baccarat 3,telecho|telecho|B,0
2026-06-24 08:28:25,Vietnamese Speed Baccarat 2,telecho|telecho|B,0
2026-06-24 08:35:15,Korean Turbo Baccarat 1,telecho|telecho|B,0
2026-06-24 08:42:41,Korean Baccarat 1,telecho|telecho|B,0
2026-06-24 08:45:39,Chinese Speed Baccarat 1,sansan|telecho|P,1
2026-06-24 08:46:28,Speed Baccarat 9,telecho|telecho|B,1
2026-06-24 08:46:33,Korean Speed Baccarat 2,telecho|telecho|B,0
2026-06-24 08:53:57,Speed Baccarat 12,telecho|telecho|B,1
2026-06-24 09:04:01,Speed Baccarat 11,telecho|telecho|B,1
2026-06-24 09:10:06,Chinese Speed Baccarat 1,telecho|telecho|B,0
2026-06-24 09:11:15,Speed Baccarat 2,telecho|telecho|B,1
2026-06-24 09:32:00,Speed Baccarat 7,telecho|telecho|B,0
2026-06-24 09:36:22,Speed Baccarat 15,telecho|telecho|B,0
2026-06-24 09:51:08,Speed Baccarat 9,telecho|telecho|B,1
2026-06-24 09:51:18,Baccarat 1,telecho|telecho|B,1
2026-06-24 10:04:59,Chinese Speed Baccarat 3,telecho|telecho|B,1
2026-06-24 10:09:41,Super 8 Baccarat,telecho|telecho|B,0
2026-06-24 10:31:09,Thai Speed Baccarat 1,telecho|telecho|B,0
2026-06-24 10:44:32,Thai Baccarat 1,telecho|telecho|B,1
2026-06-24 11:01:03,Chinese Speed Baccarat 1,telecho|telecho|B,0
2026-06-24 11:01:09,Turbo Baccarat,telecho|telecho|B,0
2026-06-24 11:01:16,Baccarat 1,telecho|telecho|B,0
2026-06-24 11:02:50,Speed Baccarat 2,telecho|telecho|B,1
2026-06-24 11:31:08,Baccarat 3,telecho|telecho|B,1
2026-06-24 11:33:51,Speed Baccarat 7,sansan|telecho|P,1
2026-06-24 11:45:30,Indonesian Speed Baccarat 2,sansan|telecho|P,0
2026-06-24 11:50:56,Chinese Speed Baccarat 2,telecho|telecho|B,1
2026-06-24 12:44:59,Chinese Speed Baccarat 1,telecho|telecho|B,1
2026-06-24 12:53:56,Speed Baccarat 1,telecho|telecho|B,1
2026-06-24 12:55:52,Korean Speed Baccarat 3,telecho|telecho|B,1
2026-06-24 13:00:39,Chinese Speed Baccarat 2,telecho|telecho|B,1
2026-06-24 13:31:10,Vietnamese Speed Baccarat 1,telecho|telecho|B,1
2026-06-24 13:38:29,Speed Baccarat 9,sansan|telecho|P,0
2026-06-24 13:44:39,Japanese Speed Baccarat 3,sansan|telecho|P,1
2026-06-24 13:49:15,Korean Speed Baccarat 5,telecho|telecho|B,0
2026-06-24 14:09:20,Super 8 Baccarat,telecho|telecho|B,0
2026-06-24 14:14:52,Baccarat 5,telecho|telecho|B,1
2026-06-24 14:36:51,Speed Baccarat 10,telecho|telecho|B,1
2026-06-24 14:41:58,Turbo Baccarat,telecho|telecho|B,1
2026-06-24 15:00:00,Korean Speed Baccarat 1,telecho|telecho|B,0
2026-06-24 15:00:13,Speed Baccarat 7,telecho|telecho|B,1
2026-06-24 15:03:05,Turbo Baccarat,telecho|telecho|B,0
2026-06-24 15:45:37,Baccarat 2,telecho|telecho|B,1
2026-06-24 15:57:54,Baccarat 1,telecho|telecho|B,1
2026-06-24 16:52:31,Thai Speed Baccarat 2,telecho|telecho|B,0
2026-06-24 16:57:55,Baccarat 1,telecho|telecho|B,0
2026-06-24 17:14:15,Speed Baccarat 6,telecho|telecho|B,0
2026-06-24 17:43:19,Thai Speed Baccarat 1,telecho|telecho|B,0
2026-06-24 17:43:44,Korean Speed Baccarat 1,telecho|telecho|B,1
2026-06-24 17:43:55,Thai Baccarat 1,telecho|telecho|B,1
2026-06-24 17:52:23,Speed Baccarat 1,telecho|telecho|B,1
2026-06-24 17:58:12,Speed Baccarat 15,telecho|telecho|B,0
2026-06-24 17:58:32,MEGA BACCARAT,telecho|telecho|B,0
2026-06-24 18:02:11,Thai Baccarat 1,telecho|telecho|B,1
2026-06-24 18:54:03,Super 8 Baccarat,telecho|telecho|B,0
2026-06-24 19:09:45,Amazing Baccarat,telecho|telecho|B,0
2026-06-24 19:46:52,Super 8 Baccarat,telecho|telecho|B,0
2026-06-24 19:52:20,Speed Baccarat 1,telecho|telecho|B,0
2026-06-24 19:55:31,Korean Turbo Baccarat 1,telecho|telecho|B,0
2026-06-24 19:58:20,Fortune 6 Baccarat,telecho|telecho|B,0
2026-06-24 20:17:35,Korean Speed Baccarat 1,telecho|telecho|B,0
2026-06-24 20:42:24,Baccarat 9,telecho|telecho|B,0
2026-06-24 20:58:34,Speed Baccarat 5,telecho|telecho|B,1
2026-06-24 21:05:33,Baccarat 1,sansan|telecho|P,0
2026-06-24 21:14:11,Speed Baccarat 6,telecho|telecho|B,1
2026-06-24 21:36:29,Turbo Baccarat,telecho|telecho|B,0
2026-06-24 21:48:23,Speed Baccarat 12,telecho|telecho|B,0
2026-06-24 22:02:39,Super 8 Baccarat,telecho|telecho|B,0
2026-06-24 22:06:07,Baccarat 3,telecho|telecho|B,1
2026-06-24 22:09:46,Speed Baccarat 11,telecho|telecho|B,1
2026-06-24 22:10:03,Amazing Baccarat,telecho|telecho|B,0
2026-06-24 22:57:51,Indonesian Speed Baccarat 2,telecho|telecho|B,0
2026-06-24 22:59:34,Speed Baccarat 12,telecho|telecho|B,0
2026-06-24 23:12:49,Indonesian Speed Baccarat 1,telecho|telecho|B,1
2026-06-24 23:23:59,Speed Baccarat 1,telecho|telecho|B,1
2026-06-25 00:18:04,Baccarat 3,telecho|telecho|B,1
2026-06-25 00:43:25,Speed Baccarat 16,telecho|telecho|B,0
2026-06-25 00:47:13,Speed Baccarat 7,telecho|telecho|B,1
2026-06-25 00:55:36,Vietnamese Speed Baccarat 2,telecho|telecho|B,0
2026-06-25 01:07:47,Chinese Speed Baccarat 3,sansan|telecho|P,0
2026-06-25 01:15:57,Japanese Speed Baccarat 3,telecho|telecho|B,1
2026-06-25 01:20:40,Baccarat 1,telecho|telecho|B,1
2026-06-25 01:33:01,Speed Baccarat 8,telecho|telecho|B,1
2026-06-25 01:50:24,Speed Baccarat 13,telecho|telecho|B,1
2026-06-25 01:58:59,Speed Baccarat 5,telecho|telecho|B,0
2026-06-25 02:24:30,Vietnamese Speed Baccarat 2,telecho|telecho|B,0
2026-06-25 02:25:45,Chinese Speed Baccarat 1,sansan|telecho|P,0
2026-06-25 02:37:57,Chinese Speed Baccarat 3,telecho|telecho|B,0
2026-06-25 02:39:52,Chinese Speed Baccarat 3,telecho|telecho|B,1
2026-06-25 02:44:04,Speed Baccarat 7,telecho|telecho|B,1
2026-06-25 02:55:47,Fortune 6 Baccarat,telecho|telecho|B,0
2026-06-25 03:09:46,Baccarat 3,telecho|telecho|B,1
2026-06-25 03:51:06,Korean Speed Baccarat 3,telecho|telecho|B,0
2026-06-25 03:52:11,Indonesian Speed Baccarat 2,sansan|telecho|P,0
2026-06-25 03:59:24,Speed Baccarat 8,telecho|telecho|B,1
2026-06-25 04:34:35,Japanese Speed Baccarat 1,telecho|telecho|B,1
2026-06-25 04:38:27,Baccarat 5,telecho|telecho|B,0
2026-06-25 04:58:25,Speed Baccarat 1,telecho|telecho|B,0
2026-06-25 05:08:27,Turbo Baccarat,telecho|telecho|B,1
2026-06-25 05:34:56,Chinese Speed Baccarat 3,telecho|telecho|B,1
2026-06-25 05:51:57,Thai Speed Baccarat 1,telecho|telecho|B,0
2026-06-25 06:04:45,Thai Speed Baccarat 2,telecho|telecho|B,0
2026-06-25 06:37:22,Speed Baccarat 9,telecho|telecho|B,0
2026-06-25 06:40:58,Vietnamese Speed Baccarat 1,telecho|telecho|B,1
2026-06-25 06:48:24,Speed Baccarat 12,telecho|telecho|B,0
2026-06-25 06:52:36,Japanese Speed Baccarat 2,telecho|telecho|B,1
2026-06-25 07:00:35,Korean Speed Baccarat 3,telecho|telecho|B,0
2026-06-25 07:00:58,Baccarat 3,telecho|telecho|B,0
2026-06-25 07:07:25,Baccarat 6,telecho|telecho|B,1
2026-06-25 07:17:38,Speed Baccarat 12,telecho|telecho|B,1
2026-06-25 07:19:06,Baccarat 2,telecho|telecho|B,0
2026-06-25 07:23:03,MEGA BACCARAT,telecho|telecho|B,0
2026-06-25 07:30:11,Speed Baccarat 9,telecho|telecho|B,1
2026-06-25 07:35:49,Super 8 Baccarat,telecho|telecho|B,1
2026-06-25 07:36:13,Super 8 Baccarat,sansan|telecho|P,0
2026-06-25 07:52:21,Speed Baccarat 2,telecho|telecho|B,1
2026-06-25 07:56:40,Chinese Speed Baccarat 3,telecho|telecho|B,0
2026-06-25 08:06:01,Speed Baccarat 9,telecho|telecho|B,1
2026-06-25 08:45:44,Speed Baccarat 15,telecho|telecho|B,1
2026-06-25 08:52:43,MEGA BACCARAT,telecho|telecho|B,0
2026-06-25 08:58:17,Chinese Speed Baccarat 3,sansan|telecho|P,1
2026-06-25 09:05:04,Thai Baccarat 1,telecho|telecho|B,0
2026-06-25 09:12:46,Speed Baccarat 13,telecho|telecho|B,0
2026-06-25 09:23:39,Japanese Speed Baccarat 3,sansan|telecho|P,1
2026-06-25 09:36:36,Baccarat 3,telecho|telecho|B,1
2026-06-25 09:57:37,Speed Baccarat 12,telecho|telecho|B,0
2026-06-25 10:04:38,Korean Turbo Baccarat 1,telecho|telecho|B,0
2026-06-25 10:25:48,Chinese Speed Baccarat 3,telecho|telecho|B,1
2026-06-25 11:00:37,Thai Baccarat 1,telecho|telecho|B,0
2026-06-25 11:01:50,HI LO BACCARAT,sansan|telecho|P,1
2026-06-25 11:01:56,Speed Baccarat 11,telecho|telecho|B,0
2026-06-25 11:39:58,Speed Baccarat 18,telecho|telecho|B,1
2026-06-25 12:41:28,Japanese Speed Baccarat 1,telecho|telecho|B,1
2026-06-25 12:49:30,Korean Turbo Baccarat 1,telecho|telecho|B,1
2026-06-25 12:53:08,Speed Baccarat 12,telecho|telecho|B,1
2026-06-25 12:56:29,Thai Baccarat 1,telecho|telecho|B,0
2026-06-25 13:03:22,HI LO BACCARAT,telecho|telecho|B,1
2026-06-25 13:10:37,MEGA BACCARAT,telecho|telecho|B,1
2026-06-25 13:21:33,Speed Baccarat 3,telecho|telecho|B,0
2026-06-25 13:31:27,Turbo Baccarat,telecho|telecho|B,1
2026-06-25 13:58:22,Amazing Baccarat,telecho|telecho|B,1
2026-06-25 14:05:39,Speed Baccarat 10,telecho|telecho|B,0
2026-06-25 14:48:22,Japanese Speed Baccarat 1,telecho|telecho|B,0
2026-06-25 15:46:27,Vietnamese Speed Baccarat 3,telecho|telecho|B,1
2026-06-25 15:49:05,Speed Baccarat 11,telecho|telecho|B,1
2026-06-25 15:52:37,Speed Baccarat 6,telecho|telecho|B,0
2026-06-25 15:53:34,Speed Baccarat 12,telecho|telecho|B,1
2026-06-25 16:33:34,Speed Baccarat 5,sansan|telecho|P,0
2026-06-25 16:49:24,Vietnamese Speed Baccarat 2,telecho|telecho|B,0
2026-06-25 16:50:37,Japanese Speed Baccarat 1,telecho|telecho|B,1
2026-06-25 16:56:24,Japanese Speed Baccarat 3,telecho|telecho|B,0
2026-06-25 17:03:04,Korean Speed Baccarat 2,telecho|telecho|B,1
2026-06-25 17:16:16,Japanese Speed Baccarat 1,telecho|telecho|B,0
2026-06-25 17:20:18,Baccarat 9,telecho|telecho|B,0
2026-06-25 17:26:49,Speed Baccarat 12,telecho|telecho|B,0
2026-06-25 17:51:30,Baccarat 9,telecho|telecho|B,0
2026-06-25 17:55:35,Korean Turbo Baccarat 1,telecho|telecho|B,0
2026-06-25 18:01:26,HI LO BACCARAT,telecho|telecho|B,1
2026-06-25 18:01:35,Baccarat 7,telecho|telecho|B,0
2026-06-25 18:41:07,Amazing Baccarat,telecho|telecho|B,0
2026-06-25 19:01:49,Korean Baccarat 2,telecho|telecho|B,0
2026-06-25 19:50:48,Korean Speed Baccarat 5,telecho|telecho|B,0
2026-06-25 19:58:14,Japanese Speed Baccarat 2,telecho|telecho|B,0
2026-06-25 20:19:09,Baccarat 1,telecho|telecho|B,0
2026-06-25 20:26:24,Korean Baccarat 2,telecho|telecho|B,1
2026-06-25 20:52:15,Vietnamese Speed Baccarat 2,sansan|telecho|P,0
2026-06-25 21:03:12,Speed Baccarat 13,telecho|telecho|B,0
2026-06-25 21:21:18,Chinese Speed Baccarat 1,telecho|telecho|B,0
2026-06-25 21:28:22,Speed Baccarat 11,telecho|telecho|B,1
2026-06-25 21:38:58,Thai Speed Baccarat 1,telecho|telecho|B,0
2026-06-25 22:03:53,Chinese Speed Baccarat 1,telecho|telecho|B,0
2026-06-25 22:06:18,Speed Baccarat 11,telecho|telecho|B,1
2026-06-25 22:29:50,Japanese Speed Baccarat 2,telecho|telecho|B,1
2026-06-25 22:33:02,Indonesian Speed Baccarat 2,telecho|telecho|B,0
2026-06-25 23:15:04,Baccarat 6,telecho|telecho|B,0
2026-06-25 23:19:08,Speed Baccarat 5,telecho|telecho|B,1
2026-06-25 23:19:13,Speed Baccarat 2,telecho|telecho|B,0
2026-06-25 23:31:43,Turbo Baccarat,sansan|telecho|P,0
2026-06-25 23:58:49,Chinese Speed Baccarat 1,telecho|telecho|B,1
2026-06-26 00:08:04,Korean Baccarat 1,telecho|telecho|B,0
2026-06-26 00:09:56,Baccarat 3,telecho|telecho|B,0
2026-06-26 01:17:46,Speed Baccarat 9,telecho|telecho|B,0
2026-06-26 01:36:23,Japanese Speed Baccarat 1,telecho|telecho|B,0
2026-06-26 01:43:54,Baccarat 6,telecho|telecho|B,1
2026-06-26 01:50:14,Speed Baccarat 5,telecho|telecho|B,0
2026-06-26 02:05:22,Amazing Baccarat,telecho|telecho|B,1
2026-06-26 02:25:05,Chinese Speed Baccarat 1,telecho|telecho|B,1
2026-06-26 02:26:29,Speed Baccarat 13,telecho|telecho|B,0
2026-06-26 02:30:47,Chinese Speed Baccarat 3,telecho|telecho|B,1
2026-06-26 02:43:22,Speed Baccarat 1,telecho|telecho|B,1
2026-06-26 02:45:23,Korean Speed Baccarat 1,telecho|telecho|B,0
2026-06-26 02:53:45,Chinese Speed Baccarat 3,telecho|telecho|B,0
2026-06-26 03:16:31,Baccarat 2,telecho|telecho|B,0
2026-06-26 03:25:57,Thai Speed Baccarat 2,telecho|telecho|B,0
2026-06-26 03:34:48,Korean Speed Baccarat 5,sansan|telecho|P,1
2026-06-26 03:50:54,Turbo Baccarat,telecho|telecho|B,1
2026-06-26 04:15:37,Speed Baccarat 18,sansan|telecho|P,0
2026-06-26 04:51:30,Baccarat 5,telecho|telecho|B,0
2026-06-26 04:56:20,Speed Baccarat 11,telecho|telecho|B,0
2026-06-26 05:18:08,Speed Baccarat 6,telecho|telecho|B,0
2026-06-26 05:30:43,Japanese Speed Baccarat 1,telecho|telecho|B,0
2026-06-26 05:32:49,Chinese Speed Baccarat 3,telecho|telecho|B,1
2026-06-26 05:34:33,Korean Speed Baccarat 5,telecho|telecho|B,0
2026-06-26 05:40:19,Korean Speed Baccarat 1,telecho|telecho|B,0
2026-06-26 05:49:20,Korean Baccarat 2,telecho|telecho|B,1
2026-06-26 05:57:44,Speed Baccarat 13,telecho|telecho|B,0
2026-06-26 06:19:44,Baccarat 1,telecho|telecho|B,1
2026-06-26 06:20:15,Baccarat 1,sansan|telecho|P,1
2026-06-26 06:36:04,Japanese Speed Baccarat 1,sansan|telecho|P,0
2026-06-26 06:55:04,Baccarat 2,telecho|telecho|B,0
2026-06-26 06:57:00,Thai Baccarat 1,telecho|telecho|B,0
2026-06-26 06:57:10,Speed Baccarat 15,telecho|telecho|B,0
2026-06-26 07:05:42,Indonesian Speed Baccarat 2,telecho|telecho|B,1
2026-06-26 07:07:39,Speed Baccarat 6,telecho|telecho|B,0
2026-06-26 07:13:33,Speed Baccarat 8,telecho|telecho|B,0
2026-06-26 07:26:52,Baccarat 1,telecho|telecho|B,0
2026-06-26 07:34:27,Japanese Speed Baccarat 2,telecho|telecho|B,1
2026-06-26 07:39:00,Speed Baccarat 12,sansan|telecho|P,1
2026-06-26 07:49:10,Speed Baccarat 5,sansan|telecho|P,0
2026-06-26 07:57:54,Chinese Speed Baccarat 3,telecho|telecho|B,1
2026-06-26 08:05:05,Baccarat 5,telecho|telecho|B,0
2026-06-26 08:42:27,Korean Turbo Baccarat 1,telecho|telecho|B,1
2026-06-26 08:48:01,Super 8 Baccarat,telecho|telecho|B,1
2026-06-26 08:57:55,Indonesian Speed Baccarat 1,telecho|telecho|B,1
2026-06-26 09:10:53,Speed Baccarat 15,telecho|telecho|B,1
2026-06-26 09:21:27,Chinese Speed Baccarat 1,telecho|telecho|B,0
2026-06-26 09:38:14,Speed Baccarat 18,telecho|telecho|B,1
2026-06-26 09:38:39,Turbo Baccarat,telecho|telecho|B,1
2026-06-26 09:39:22,Speed Baccarat 18,sansan|telecho|P,0
2026-06-26 10:04:40,Super 8 Baccarat,telecho|telecho|B,0
2026-06-26 11:40:35,Thai Baccarat 1,telecho|telecho|B,1
2026-06-26 11:49:35,Fortune 6 Baccarat,telecho|telecho|B,0
2026-06-26 11:54:54,Japanese Speed Baccarat 2,telecho|telecho|B,0
2026-06-26 12:01:52,Chinese Speed Baccarat 2,telecho|telecho|B,0
2026-06-26 12:12:18,Korean Speed Baccarat 3,telecho|telecho|B,1
2026-06-26 12:16:18,Korean Speed Baccarat 3,telecho|telecho|B,0
2026-06-26 13:16:22,Korean Speed Baccarat 5,telecho|telecho|B,0
2026-06-26 13:23:14,Baccarat 5,telecho|telecho|B,0
2026-06-26 13:31:00,Speed Baccarat 15,telecho|telecho|B,1
2026-06-26 13:39:55,Baccarat 1,telecho|telecho|B,1
2026-06-26 13:43:25,Speed Baccarat 5,telecho|telecho|B,1
2026-06-26 13:44:22,Speed Baccarat 9,telecho|telecho|B,0
2026-06-26 13:45:06,Korean Turbo Baccarat 1,telecho|telecho|B,1
2026-06-26 13:48:38,Korean Speed Baccarat 2,telecho|telecho|B,0
2026-06-26 14:19:08,Speed Baccarat 13,sansan|telecho|P,0
2026-06-26 14:25:53,Korean Speed Baccarat 1,telecho|telecho|B,0
2026-06-26 14:26:23,Indonesian Speed Baccarat 2,telecho|telecho|B,0
2026-06-26 14:45:53,Speed Baccarat 13,telecho|telecho|B,0
2026-06-26 14:51:01,Vietnamese Speed Baccarat 1,telecho|telecho|B,0
2026-06-26 14:53:09,Indonesian Speed Baccarat 2,telecho|telecho|B,0
2026-06-26 14:53:50,Thai Speed Baccarat 1,telecho|telecho|B,1
2026-06-26 14:56:49,Japanese Speed Baccarat 2,telecho|telecho|B,0
2026-06-26 15:13:29,Korean Baccarat 1,telecho|telecho|B,1
2026-06-26 15:26:59,Speed Baccarat 8,telecho|telecho|B,0
2026-06-26 15:29:04,Chinese Speed Baccarat 2,telecho|telecho|B,1
2026-06-26 16:06:02,Korean Speed Baccarat 1,telecho|telecho|B,1
2026-06-26 16:08:17,Speed Baccarat 11,telecho|telecho|B,0
2026-06-26 16:18:50,Baccarat 6,telecho|telecho|B,0
2026-06-26 16:23:36,Vietnamese Speed Baccarat 2,telecho|telecho|B,1
2026-06-26 16:31:33,MEGA BACCARAT,telecho|telecho|B,1
2026-06-26 16:31:47,Chinese Speed Baccarat 3,telecho|telecho|B,1
2026-06-26 16:32:46,Vietnamese Speed Baccarat 1,telecho|telecho|B,1
2026-06-26 16:46:41,Speed Baccarat 13,sansan|telecho|P,0
2026-06-26 16:51:42,Amazing Baccarat,telecho|telecho|B,1
2026-06-26 16:51:57,Speed Baccarat 10,sansan|telecho|P,0
2026-06-26 17:09:01,Chinese Speed Baccarat 2,telecho|telecho|B,0
2026-06-26 17:37:48,Speed Baccarat 16,telecho|telecho|B,0
2026-06-26 17:42:33,Speed Baccarat 5,sansan|telecho|P,1
2026-06-26 17:48:44,Chinese Speed Baccarat 1,telecho|telecho|B,1
2026-06-26 17:54:26,Speed Baccarat 18,telecho|telecho|B,1
2026-06-26 18:16:09,HI LO BACCARAT,telecho|telecho|B,0
2026-06-26 18:23:17,Speed Baccarat 6,telecho|telecho|B,1
2026-06-26 18:58:17,Baccarat 9,telecho|telecho|B,0
2026-06-26 19:38:47,Speed Baccarat 17,sansan|telecho|P,0
2026-06-26 19:55:38,Speed Baccarat 6,telecho|telecho|B,0
2026-06-26 20:11:46,Turbo Baccarat,telecho|telecho|B,1
2026-06-26 20:18:19,Indonesian Speed Baccarat 2,telecho|telecho|B,1
2026-06-26 20:20:31,Speed Baccarat 13,telecho|telecho|B,0
2026-06-26 20:31:01,Speed Baccarat 11,telecho|telecho|B,0
2026-06-26 20:35:40,Speed Baccarat 5,telecho|telecho|B,0
2026-06-26 20:59:59,Speed Baccarat 15,telecho|telecho|B,1
2026-06-26 21:10:20,Korean Turbo Baccarat 1,telecho|telecho|B,1
2026-06-26 21:20:09,Speed Baccarat 6,telecho|telecho|B,0
2026-06-26 21:26:03,Speed Baccarat 6,telecho|telecho|B,0
2026-06-26 21:26:35,HI LO BACCARAT,telecho|telecho|B,1
2026-06-26 21:31:54,Fortune 6 Baccarat,telecho|telecho|B,1
2026-06-26 22:08:51,STAKE SPEED BACCARAT,telecho|telecho|B,1
2026-06-26 22:35:56,STAKE SPEED BACCARAT,telecho|telecho|B,1
2026-06-26 22:47:22,Amazing Baccarat,telecho|telecho|B,1
2026-06-26 23:17:07,Indonesian Speed Baccarat 2,telecho|telecho|B,1
2026-06-26 23:28:12,Speed Baccarat 8,telecho|telecho|B,1
2026-06-26 23:35:16,Turbo Baccarat,telecho|telecho|B,0
2026-06-26 23:35:27,STAKE SPEED BACCARAT,telecho|telecho|B,0
2026-06-26 23:54:22,Speed Baccarat 8,telecho|telecho|B,0
2026-06-27 00:01:01,Speed Baccarat 16,telecho|telecho|B,0
2026-06-27 00:15:51,Speed Baccarat 2,telecho|telecho|B,0
2026-06-27 00:30:25,Speed Baccarat 12,telecho|telecho|B,0
2026-06-27 00:50:34,Baccarat 9,telecho|telecho|B,1
2026-06-27 00:55:51,Vietnamese Speed Baccarat 3,telecho|telecho|B,1
2026-06-27 01:07:37,Chinese Speed Baccarat 2,sansan|telecho|P,0
2026-06-27 01:09:15,Baccarat 2,telecho|telecho|B,0
2026-06-27 01:12:13,Speed Baccarat 15,telecho|telecho|B,0
2026-06-27 01:18:21,Vietnamese Speed Baccarat 2,telecho|telecho|B,0
2026-06-27 01:18:46,Korean Baccarat 2,telecho|telecho|B,0
2026-06-27 01:29:43,Korean Turbo Baccarat 1,telecho|telecho|B,1
2026-06-27 01:33:11,Vietnamese Speed Baccarat 3,telecho|telecho|B,0
2026-06-27 01:55:04,Vietnamese Speed Baccarat 2,telecho|telecho|B,1
2026-06-27 02:07:53,Korean Speed Baccarat 2,telecho|telecho|B,0
2026-06-27 03:01:37,Speed Baccarat 5,telecho|telecho|B,1
2026-06-27 03:07:23,Speed Baccarat 11,telecho|telecho|B,1
2026-06-27 03:11:45,Japanese Speed Baccarat 1,telecho|telecho|B,1
2026-06-27 04:16:06,Turbo Baccarat,telecho|telecho|B,1
2026-06-27 04:17:16,Japanese Speed Baccarat 1,telecho|telecho|B,0
2026-06-27 04:17:35,Speed Baccarat 18,telecho|telecho|B,0
2026-06-27 04:20:24,Korean Speed Baccarat 1,telecho|telecho|B,1
2026-06-27 04:35:11,Japanese Speed Baccarat 1,telecho|telecho|B,0
2026-06-27 04:49:10,Korean Turbo Baccarat 1,telecho|telecho|B,0
2026-06-27 04:56:53,Vietnamese Speed Baccarat 2,telecho|telecho|B,1
2026-06-27 05:00:34,Japanese Speed Baccarat 3,telecho|telecho|B,1
2026-06-27 05:17:21,Turbo Baccarat,telecho|telecho|B,0
2026-06-27 05:21:07,Speed Baccarat 16,telecho|telecho|B,0
2026-06-27 05:21:23,Speed Baccarat 1,telecho|telecho|B,0
2026-06-27 05:27:53,Baccarat 9,telecho|telecho|B,1
2026-06-27 05:35:21,Chinese Speed Baccarat 2,telecho|telecho|B,0
2026-06-27 05:40:12,Turbo Baccarat,telecho|telecho|B,0
2026-06-27 05:54:27,Thai Baccarat 1,telecho|telecho|B,0
2026-06-27 06:07:03,Amazing Baccarat,telecho|telecho|B,0
2026-06-27 06:19:06,Speed Baccarat 8,telecho|telecho|B,0
2026-06-27 06:19:11,Korean Speed Baccarat 1,telecho|telecho|B,0
2026-06-27 06:26:31,Korean Turbo Baccarat 1,sansan|telecho|P,0
2026-06-27 06:26:55,Chinese Speed Baccarat 1,telecho|telecho|B,0
2026-06-27 06:48:51,Korean Baccarat 2,telecho|telecho|B,0
2026-06-27 06:54:49,Korean Speed Baccarat 1,telecho|telecho|B,0
2026-06-27 06:56:41,Amazing Baccarat,telecho|telecho|B,1
2026-06-27 07:26:20,Speed Baccarat 3,telecho|telecho|B,0
2026-06-27 07:40:25,Baccarat 5,telecho|telecho|B,1
2026-06-27 08:07:20,Korean Baccarat 2,telecho|telecho|B,0
2026-06-27 08:14:51,Super 8 Baccarat,telecho|telecho|B,1
2026-06-27 08:16:12,Indonesian Speed Baccarat 1,telecho|telecho|B,0
2026-06-27 08:16:42,Fortune 6 Baccarat,telecho|telecho|B,1
2026-06-27 08:18:17,Korean Speed Baccarat 5,telecho|telecho|B,0
2026-06-27 08:24:20,Korean Speed Baccarat 1,telecho|telecho|B,1
2026-06-27 08:29:17,Korean Speed Baccarat 1,telecho|telecho|B,0
2026-06-27 08:40:48,HI LO BACCARAT,telecho|telecho|B,1
2026-06-27 09:03:59,Super 8 Baccarat,telecho|telecho|B,1
2026-06-27 09:15:37,HI LO BACCARAT,sansan|telecho|P,1
2026-06-27 09:19:21,Vietnamese Speed Baccarat 1,telecho|telecho|B,1
2026-06-27 09:19:59,STAKE SPEED BACCARAT,telecho|telecho|B,1
2026-06-27 09:20:04,Korean Speed Baccarat 5,telecho|telecho|B,0
2026-06-27 09:21:27,Speed Baccarat 6,telecho|telecho|B,0
2026-06-27 09:33:48,Speed Baccarat 13,telecho|telecho|B,1
2026-06-27 09:41:35,Thai Baccarat 1,telecho|telecho|B,1
2026-06-27 09:51:03,Speed Baccarat 5,telecho|telecho|B,1
2026-06-27 10:17:54,Speed Baccarat 6,telecho|telecho|B,0
2026-06-27 10:32:32,Speed Baccarat 13,telecho|telecho|B,0
2026-06-27 10:41:09,Baccarat 5,telecho|telecho|B,0
2026-06-27 10:53:11,HI LO BACCARAT,telecho|telecho|B,1
2026-06-27 10:57:11,Thai Speed Baccarat 2,telecho|telecho|B,1
2026-06-27 11:02:20,Speed Baccarat 13,telecho|telecho|B,0
2026-06-27 11:04:17,Speed Baccarat 13,telecho|telecho|B,0
2026-06-27 11:05:33,Speed Baccarat 18,telecho|telecho|B,0
2026-06-27 11:08:11,Korean Baccarat 2,telecho|telecho|B,0
2026-06-27 11:12:56,Japanese Speed Baccarat 3,sansan|telecho|P,1
2026-06-27 11:20:54,Speed Baccarat 3,sansan|telecho|P,0
2026-06-27 11:29:24,Baccarat 1,telecho|telecho|B,1
2026-06-27 11:40:50,Speed Baccarat 6,telecho|telecho|B,0
2026-06-27 11:40:58,Baccarat 2,telecho|telecho|B,1
2026-06-27 11:42:35,Super 8 Baccarat,telecho|telecho|B,1
2026-06-27 12:07:02,Thai Baccarat 1,telecho|telecho|B,0
2026-06-27 12:21:49,Chinese Speed Baccarat 3,telecho|telecho|B,0
2026-06-27 12:26:31,Indonesian Speed Baccarat 2,telecho|telecho|B,0
2026-06-27 12:27:43,Speed Baccarat 15,sansan|telecho|P,0
2026-06-27 12:57:57,Super 8 Baccarat,telecho|telecho|B,0
2026-06-27 13:10:47,Korean Speed Baccarat 1,telecho|telecho|B,1
2026-06-27 13:53:14,Speed Baccarat 5,telecho|telecho|B,1
2026-06-27 14:07:58,Vietnamese Speed Baccarat 3,telecho|telecho|B,1
2026-06-27 14:32:43,Baccarat 1,sansan|telecho|P,0
2026-06-27 14:49:59,Baccarat 7,telecho|telecho|B,1
2026-06-27 15:46:51,Baccarat 5,telecho|telecho|B,0
2026-06-27 15:49:55,Korean Baccarat 2,telecho|telecho|B,0
2026-06-27 15:57:35,Vietnamese Speed Baccarat 1,telecho|telecho|B,0
2026-06-27 15:57:41,Korean Baccarat 2,telecho|telecho|B,1
2026-06-27 15:59:13,Korean Baccarat 2,sansan|telecho|P,1
2026-06-27 16:01:43,Vietnamese Speed Baccarat 1,sansan|telecho|P,0
2026-06-27 16:15:09,Thai Speed Baccarat 1,telecho|telecho|B,0
2026-06-27 16:20:59,Speed Baccarat 11,telecho|telecho|B,0
2026-06-27 16:24:09,Turbo Baccarat,telecho|telecho|B,0
2026-06-27 16:33:22,Thai Baccarat 1,telecho|telecho|B,0
2026-06-27 16:48:18,Speed Baccarat 1,telecho|telecho|B,0
2026-06-27 16:54:10,Japanese Speed Baccarat 3,telecho|telecho|B,1
2026-06-27 16:55:14,Speed Baccarat 11,telecho|telecho|B,0
2026-06-27 17:33:58,Japanese Speed Baccarat 2,telecho|telecho|B,1
2026-06-27 18:10:43,Speed Baccarat 9,telecho|telecho|B,1
2026-06-27 18:26:05,MEGA BACCARAT,telecho|telecho|B,1
2026-06-27 18:35:34,Thai Speed Baccarat 1,telecho|telecho|B,0
2026-06-27 18:35:51,Japanese Speed Baccarat 1,telecho|telecho|B,1
2026-06-27 18:36:26,Chinese Speed Baccarat 1,telecho|telecho|B,1
2026-06-27 18:37:46,Speed Baccarat 15,telecho|telecho|B,1
2026-06-27 18:42:36,Speed Baccarat 13,telecho|telecho|B,1
2026-06-27 18:43:10,Baccarat 5,telecho|telecho|B,0
2026-06-27 18:44:36,Turbo Baccarat,sansan|telecho|P,0
2026-06-27 19:07:26,Japanese Speed Baccarat 1,telecho|telecho|B,1
2026-06-27 19:11:45,MEGA BACCARAT,telecho|telecho|B,0
2026-06-27 19:48:05,Speed Baccarat 13,telecho|telecho|B,0
2026-06-27 19:49:29,Fortune 6 Baccarat,telecho|telecho|B,1
2026-06-27 19:53:22,Baccarat 2,telecho|telecho|B,0
2026-06-27 19:59:36,Baccarat 3,telecho|telecho|B,1
2026-06-27 20:10:06,Japanese Speed Baccarat 2,telecho|telecho|B,0
2026-06-27 20:25:40,Speed Baccarat 8,sansan|telecho|P,0
2026-06-27 20:41:37,Amazing Baccarat,telecho|telecho|B,0
2026-06-27 20:43:42,Speed Baccarat 12,telecho|telecho|B,1
2026-06-27 20:51:06,Speed Baccarat 12,telecho|telecho|B,0
2026-06-27 21:01:46,Speed Baccarat 9,telecho|telecho|B,0
2026-06-27 21:02:48,Speed Baccarat 2,telecho|telecho|B,0
2026-06-27 21:22:00,Super 8 Baccarat,sansan|telecho|P,1
2026-06-27 21:42:39,Indonesian Speed Baccarat 2,telecho|telecho|B,1
2026-06-27 21:43:01,Indonesian Speed Baccarat 2,sansan|telecho|P,0
2026-06-27 22:03:07,Speed Baccarat 13,telecho|telecho|B,0
2026-06-27 22:12:58,Japanese Speed Baccarat 3,sansan|telecho|P,0
2026-06-27 22:23:01,Vietnamese Speed Baccarat 3,telecho|telecho|B,0
2026-06-27 22:28:00,Baccarat 5,telecho|telecho|B,0
2026-06-27 23:04:20,Speed Baccarat 13,telecho|telecho|B,0
2026-06-27 23:21:00,Chinese Speed Baccarat 3,telecho|telecho|B,0
2026-06-27 23:55:47,Korean Speed Baccarat 5,telecho|telecho|B,1
2026-06-28 00:42:12,Japanese Speed Baccarat 3,telecho|telecho|B,0
2026-06-28 01:01:23,Korean Speed Baccarat 5,telecho|telecho|B,1
2026-06-28 01:13:35,Korean Baccarat 2,telecho|telecho|B,1
2026-06-28 01:13:50,Vietnamese Speed Baccarat 3,telecho|telecho|B,0
2026-06-28 01:19:10,Speed Baccarat 1,sansan|telecho|P,0
2026-06-28 01:36:48,Thai Speed Baccarat 2,telecho|telecho|B,0
2026-06-28 01:40:43,Speed Baccarat 5,telecho|telecho|B,1
2026-06-28 01:55:10,Japanese Speed Baccarat 3,telecho|telecho|B,0
2026-06-28 01:56:45,Korean Speed Baccarat 5,telecho|telecho|B,0
2026-06-28 02:07:38,Baccarat 9,telecho|telecho|B,1
2026-06-28 02:18:16,Korean Baccarat 2,sansan|telecho|P,0
2026-06-28 02:30:37,Korean Turbo Baccarat 1,telecho|telecho|B,0
2026-06-28 02:31:35,STAKE SPEED BACCARAT,sansan|telecho|P,0
2026-06-28 02:32:40,Korean Baccarat 1,telecho|telecho|B,1
2026-06-28 02:47:37,Korean Baccarat 2,telecho|telecho|B,0
2026-06-28 02:59:04,Speed Baccarat 11,telecho|telecho|B,0
2026-06-28 03:17:00,Baccarat 2,telecho|telecho|B,0
2026-06-28 03:33:58,Speed Baccarat 18,telecho|telecho|B,0
2026-06-28 03:44:26,Speed Baccarat 2,telecho|telecho|B,1
2026-06-28 03:51:50,Speed Baccarat 15,telecho|telecho|B,0
2026-06-28 04:20:08,Korean Speed Baccarat 2,telecho|telecho|B,0
2026-06-28 04:29:38,Baccarat 6,telecho|telecho|B,1
2026-06-28 04:37:24,Indonesian Speed Baccarat 2,telecho|telecho|B,1
2026-06-28 04:53:59,Chinese Speed Baccarat 3,telecho|telecho|B,0
2026-06-28 04:54:49,HI LO BACCARAT,telecho|telecho|B,1
2026-06-28 04:56:15,Thai Speed Baccarat 1,telecho|telecho|B,1
2026-06-28 05:14:36,Speed Baccarat 18,telecho|telecho|B,0
2026-06-28 05:24:45,Japanese Speed Baccarat 1,sansan|telecho|P,1
2026-06-28 05:48:11,Japanese Speed Baccarat 3,telecho|telecho|B,0
2026-06-28 05:56:58,Thai Speed Baccarat 1,sansan|telecho|P,1
2026-06-28 05:59:39,Chinese Speed Baccarat 2,telecho|telecho|B,0
2026-06-28 06:01:57,Indonesian Speed Baccarat 2,telecho|telecho|B,1
2026-06-28 06:29:05,Korean Speed Baccarat 2,telecho|telecho|B,1
2026-06-28 06:35:47,Baccarat 1,telecho|telecho|B,0
2026-06-28 07:13:31,STAKE SPEED BACCARAT,telecho|telecho|B,0
2026-06-28 07:19:04,Speed Baccarat 2,telecho|telecho|B,0
2026-06-28 07:19:26,Indonesian Speed Baccarat 1,telecho|telecho|B,0
2026-06-28 07:19:33,Vietnamese Speed Baccarat 1,telecho|telecho|B,1
2026-06-28 07:23:04,Korean Speed Baccarat 3,telecho|telecho|B,0
2026-06-28 07:23:40,Speed Baccarat 9,telecho|telecho|B,1
2026-06-28 07:39:32,Amazing Baccarat,telecho|telecho|B,1
2026-06-28 09:03:48,Japanese Speed Baccarat 2,telecho|telecho|B,0
2026-06-28 09:04:48,Speed Baccarat 3,sansan|telecho|P,0
2026-06-28 09:08:52,Speed Baccarat 1,telecho|telecho|B,0
2026-06-28 09:13:55,Speed Baccarat 6,telecho|telecho|B,1
2026-06-28 09:37:30,Speed Baccarat 13,telecho|telecho|B,1
2026-06-28 09:42:21,Thai Baccarat 1,telecho|telecho|B,0
2026-06-28 10:36:43,Amazing Baccarat,sansan|telecho|P,0
2026-06-28 10:38:49,Baccarat 2,telecho|telecho|B,0
2026-06-28 10:48:54,Baccarat 1,telecho|telecho|B,1
2026-06-28 10:53:33,Baccarat 5,telecho|telecho|B,0
2026-06-28 11:31:11,Korean Speed Baccarat 3,telecho|telecho|B,0
2026-06-28 11:38:05,Japanese Speed Baccarat 2,telecho|telecho|B,1
2026-06-28 12:13:06,Speed Baccarat 2,telecho|telecho|B,0
2026-06-28 12:13:35,Fortune 6 Baccarat,telecho|telecho|B,0
2026-06-28 12:16:14,Speed Baccarat 9,telecho|telecho|B,1
2026-06-28 12:30:53,Korean Baccarat 2,telecho|telecho|B,0
2026-06-28 12:33:57,Speed Baccarat 8,telecho|telecho|B,1
2026-06-28 12:41:05,Super 8 Baccarat,telecho|telecho|B,0
2026-06-28 12:44:48,Chinese Speed Baccarat 2,telecho|telecho|B,0
2026-06-28 12:47:10,Speed Baccarat 9,telecho|telecho|B,0
2026-06-28 12:51:45,Speed Baccarat 9,telecho|telecho|B,0
2026-06-28 13:00:12,Speed Baccarat 5,telecho|telecho|B,1
2026-06-28 13:03:00,Korean Speed Baccarat 1,telecho|telecho|B,1
2026-06-28 13:10:39,Chinese Speed Baccarat 2,telecho|telecho|B,0
2026-06-28 13:11:10,Vietnamese Speed Baccarat 3,telecho|telecho|B,0
2026-06-28 13:11:16,Japanese Speed Baccarat 1,telecho|telecho|B,0
2026-06-28 13:23:37,HI LO BACCARAT,telecho|telecho|B,0
2026-06-28 13:35:41,Korean Speed Baccarat 1,telecho|telecho|B,1
2026-06-28 14:16:08,Thai Baccarat 1,sansan|telecho|P,1
2026-06-28 14:45:33,Amazing Baccarat,telecho|telecho|B,1
2026-06-28 14:54:28,Vietnamese Speed Baccarat 1,telecho|telecho|B,0
2026-06-28 15:04:02,HI LO BACCARAT,telecho|telecho|B,1
2026-06-28 15:09:31,Speed Baccarat 16,telecho|telecho|B,1
2026-06-28 15:11:21,Speed Baccarat 8,telecho|telecho|B,0
2026-06-28 15:52:16,Baccarat 1,telecho|telecho|B,0
2026-06-28 16:07:01,Speed Baccarat 17,telecho|telecho|B,1
2026-06-28 16:12:21,Super 8 Baccarat,telecho|telecho|B,0
2026-06-28 16:13:28,Speed Baccarat 10,telecho|telecho|B,1
2026-06-28 16:17:13,Korean Speed Baccarat 5,telecho|telecho|B,1
2026-06-28 16:17:18,Speed Baccarat 1,telecho|telecho|B,0
2026-06-28 16:29:30,Korean Speed Baccarat 1,telecho|telecho|B,1
2026-06-28 16:33:57,Speed Baccarat 3,telecho|telecho|B,0
2026-06-28 16:40:45,Speed Baccarat 17,telecho|telecho|B,1
2026-06-28 16:45:58,Speed Baccarat 17,telecho|telecho|B,1
2026-06-28 17:22:46,Thai Baccarat 1,telecho|telecho|B,1
2026-06-28 17:37:40,Japanese Speed Baccarat 1,sansan|telecho|P,0
2026-06-28 18:23:55,Baccarat 1,telecho|telecho|B,0
2026-06-28 18:26:04,STAKE SPEED BACCARAT,telecho|telecho|B,1
2026-06-28 18:35:18,Baccarat 7,telecho|telecho|B,1
2026-06-28 18:37:22,MEGA BACCARAT,telecho|telecho|B,0
2026-06-28 18:39:45,Chinese Speed Baccarat 1,telecho|telecho|B,1
2026-06-28 19:38:32,Speed Baccarat 17,telecho|telecho|B,1
2026-06-28 19:53:54,Fortune 6 Baccarat,sansan|telecho|P,1
2026-06-28 19:55:54,Speed Baccarat 13,telecho|telecho|B,0
2026-06-28 20:10:53,Korean Baccarat 2,telecho|telecho|B,1
2026-06-28 20:11:13,Baccarat 6,sansan|telecho|P,0
2026-06-28 20:12:45,Japanese Speed Baccarat 1,telecho|telecho|B,1
2026-06-28 20:25:13,Speed Baccarat 6,telecho|telecho|B,1
2026-06-28 20:31:02,Korean Speed Baccarat 2,telecho|telecho|B,0
2026-06-28 20:33:35,Korean Turbo Baccarat 1,telecho|telecho|B,0
2026-06-28 20:45:04,Baccarat 6,telecho|telecho|B,0
2026-06-28 20:50:10,Speed Baccarat 9,telecho|telecho|B,1
2026-06-28 21:04:40,Speed Baccarat 17,telecho|telecho|B,0
2026-06-28 21:22:12,Vietnamese Speed Baccarat 2,telecho|telecho|B,1
2026-06-28 21:47:21,Thai Speed Baccarat 1,telecho|telecho|B,0
2026-06-28 22:08:48,Baccarat 5,telecho|telecho|B,1
2026-06-28 22:27:41,Baccarat 3,telecho|telecho|B,1
2026-06-28 23:00:00,Indonesian Speed Baccarat 2,telecho|telecho|B,0
2026-06-28 23:18:56,Speed Baccarat 5,telecho|telecho|B,0
2026-06-28 23:25:44,Speed Baccarat 18,telecho|telecho|B,0
2026-06-28 23:36:51,Baccarat 2,telecho|telecho|B,0
2026-06-28 23:48:17,Baccarat 6,telecho|telecho|B,1
2026-06-28 23:55:59,Speed Baccarat 2,telecho|telecho|B,1
2026-06-29 00:03:17,Speed Baccarat 16,telecho|telecho|B,0
2026-06-29 00:08:27,Vietnamese Speed Baccarat 3,telecho|telecho|B,1
2026-06-29 00:12:59,Thai Baccarat 1,telecho|telecho|B,1
2026-06-29 00:31:09,Korean Turbo Baccarat 1,telecho|telecho|B,1
2026-06-29 00:38:28,Vietnamese Speed Baccarat 1,telecho|telecho|B,0
2026-06-29 00:45:07,Speed Baccarat 1,telecho|telecho|B,0
2026-06-29 00:56:14,Korean Baccarat 1,telecho|telecho|B,0
2026-06-29 01:02:23,Vietnamese Speed Baccarat 3,telecho|telecho|B,0
2026-06-29 01:15:03,Baccarat 2,telecho|telecho|B,0
2026-06-29 01:20:05,Baccarat 5,telecho|telecho|B,0
2026-06-29 01:39:27,Vietnamese Speed Baccarat 1,telecho|telecho|B,0
2026-06-29 01:45:15,Korean Baccarat 1,telecho|telecho|B,0
2026-06-29 01:58:39,Baccarat 2,telecho|telecho|B,0
2026-06-29 02:10:42,Speed Baccarat 18,telecho|telecho|B,0
2026-06-29 02:12:49,MEGA BACCARAT,telecho|telecho|B,1
2026-06-29 02:33:01,Baccarat 9,telecho|telecho|B,1
2026-06-29 02:40:50,Korean Speed Baccarat 5,telecho|telecho|B,0
2026-06-29 02:54:45,Super 8 Baccarat,telecho|telecho|B,0
2026-06-29 03:03:46,Chinese Speed Baccarat 1,telecho|telecho|B,0
2026-06-29 03:13:49,Speed Baccarat 3,telecho|telecho|B,0
2026-06-29 03:13:54,Speed Baccarat 6,telecho|telecho|B,1
2026-06-29 03:28:27,Korean Speed Baccarat 5,telecho|telecho|B,1
2026-06-29 04:04:11,Japanese Speed Baccarat 3,telecho|telecho|B,0
2026-06-29 04:05:04,Speed Baccarat 1,telecho|telecho|B,1
2026-06-29 04:13:59,Vietnamese Speed Baccarat 1,telecho|telecho|B,1
2026-06-29 04:19:06,Speed Baccarat 12,telecho|telecho|B,1
2026-06-29 04:39:58,Speed Baccarat 13,telecho|telecho|B,1
2026-06-29 04:45:53,Baccarat 6,telecho|telecho|B,0
2026-06-29 05:27:09,Baccarat 6,telecho|telecho|B,0
2026-06-29 05:36:45,Speed Baccarat 5,sansan|telecho|P,0
2026-06-29 05:39:39,Speed Baccarat 9,telecho|telecho|B,1
2026-06-29 05:45:54,Baccarat 3,telecho|telecho|B,0
2026-06-29 06:03:43,Indonesian Speed Baccarat 2,telecho|telecho|B,1
2026-06-29 06:04:14,Speed Baccarat 12,telecho|telecho|B,0
2026-06-29 06:05:29,Baccarat 6,telecho|telecho|B,0
2026-06-29 06:06:27,Indonesian Speed Baccarat 1,telecho|telecho|B,0
2026-06-29 06:17:32,Speed Baccarat 2,telecho|telecho|B,0
2026-06-29 06:35:10,Vietnamese Speed Baccarat 3,telecho|telecho|B,1
2026-06-29 06:46:18,Speed Baccarat 15,telecho|telecho|B,1
2026-06-29 07:07:37,Speed Baccarat 9,telecho|telecho|B,0
2026-06-29 07:07:47,Speed Baccarat 3,telecho|telecho|B,1
2026-06-29 07:15:25,Indonesian Speed Baccarat 1,telecho|telecho|B,1
2026-06-29 07:16:44,Korean Speed Baccarat 3,telecho|telecho|B,1
2026-06-29 07:23:57,Indonesian Speed Baccarat 2,telecho|telecho|B,1
2026-06-29 07:48:40,Fortune 6 Baccarat,telecho|telecho|B,1
2026-06-29 07:51:12,Chinese Speed Baccarat 2,telecho|telecho|B,1
2026-06-29 08:18:10,Korean Speed Baccarat 1,telecho|telecho|B,1
2026-06-29 08:29:23,Korean Speed Baccarat 5,telecho|telecho|B,0
2026-06-29 08:36:50,Korean Speed Baccarat 2,telecho|telecho|B,0
2026-06-29 08:39:11,Vietnamese Speed Baccarat 3,telecho|telecho|B,1
2026-06-29 08:51:30,Japanese Speed Baccarat 2,telecho|telecho|B,0
2026-06-29 09:05:29,Thai Baccarat 1,telecho|telecho|B,1
2026-06-29 09:23:25,Speed Baccarat 8,telecho|telecho|B,1
2026-06-29 09:40:19,Speed Baccarat 15,telecho|telecho|B,0
2026-06-29 09:47:53,Thai Speed Baccarat 1,telecho|telecho|B,1
2026-06-29 09:50:28,Speed Baccarat 11,telecho|telecho|B,0
2026-06-29 10:09:16,MEGA BACCARAT,sansan|telecho|P,1
2026-06-29 10:23:37,Thai Baccarat 1,sansan|telecho|P,0
2026-06-29 10:40:23,Baccarat 2,telecho|telecho|B,1
2026-06-29 10:43:10,Amazing Baccarat,telecho|telecho|B,0
2026-06-29 11:12:24,Baccarat 2,telecho|telecho|B,0
2026-06-29 11:13:43,Vietnamese Speed Baccarat 1,telecho|telecho|B,0
2026-06-29 11:22:29,Baccarat 5,telecho|telecho|B,1
2026-06-29 11:24:34,Speed Baccarat 13,telecho|telecho|B,0
2026-06-29 11:58:36,Speed Baccarat 1,telecho|telecho|B,1
2026-06-29 12:03:25,Speed Baccarat 13,telecho|telecho|B,1
2026-06-29 12:11:27,Speed Baccarat 2,sansan|telecho|P,0
2026-06-29 12:19:55,Thai Baccarat 1,telecho|telecho|B,0
2026-06-29 12:26:23,Baccarat 2,telecho|telecho|B,0
2026-06-29 13:08:02,Speed Baccarat 12,telecho|telecho|B,1
2026-06-29 13:08:10,Baccarat 2,telecho|telecho|B,0
2026-06-29 13:16:47,Fortune 6 Baccarat,telecho|telecho|B,0
2026-06-29 13:30:12,Korean Baccarat 2,telecho|telecho|B,1
2026-06-29 13:36:10,Speed Baccarat 8,telecho|telecho|B,1
2026-06-29 13:40:49,Indonesian Speed Baccarat 1,telecho|telecho|B,0
2026-06-29 13:41:15,Thai Speed Baccarat 1,telecho|telecho|B,0
2026-06-29 13:59:33,HI LO BACCARAT,telecho|telecho|B,1
2026-06-29 14:22:53,Baccarat 7,telecho|telecho|B,1
2026-06-29 14:39:51,Speed Baccarat 2,telecho|telecho|B,1
2026-06-29 14:46:40,Japanese Speed Baccarat 3,telecho|telecho|B,1
2026-06-29 14:48:11,Baccarat 6,telecho|telecho|B,1
2026-06-29 14:49:56,Vietnamese Speed Baccarat 1,sansan|telecho|P,1
2026-06-29 14:59:52,Japanese Speed Baccarat 3,telecho|telecho|B,0
2026-06-29 15:07:07,Baccarat 5,sansan|telecho|P,0
2026-06-29 15:07:34,Speed Baccarat 3,telecho|telecho|B,1
2026-06-29 15:09:03,MEGA BACCARAT,sansan|telecho|P,0
2026-06-29 16:06:36,Baccarat 3,telecho|telecho|B,0
2026-06-29 16:32:33,STAKE SPEED BACCARAT,telecho|telecho|B,1
2026-06-29 16:32:42,Baccarat 5,telecho|telecho|B,0
2026-06-29 16:32:49,Vietnamese Speed Baccarat 1,telecho|telecho|B,0
2026-06-29 16:36:13,Speed Baccarat 15,telecho|telecho|B,0
2026-06-29 16:48:29,Korean Turbo Baccarat 1,telecho|telecho|B,0
2026-06-29 17:13:07,Amazing Baccarat,telecho|telecho|B,1
2026-06-29 17:31:56,Speed Baccarat 3,telecho|telecho|B,1
2026-06-29 17:32:25,Korean Baccarat 2,telecho|telecho|B,1
2026-06-29 17:36:50,Speed Baccarat 17,telecho|telecho|B,1
2026-06-29 17:58:16,STAKE SPEED BACCARAT,telecho|telecho|B,1
2026-06-29 18:20:27,Korean Speed Baccarat 3,sansan|telecho|P,1
2026-06-29 18:24:47,Baccarat 5,telecho|telecho|B,0
2026-06-29 18:32:37,Speed Baccarat 1,telecho|telecho|B,0
2026-06-29 18:45:21,Chinese Speed Baccarat 1,telecho|telecho|B,0
2026-06-29 18:52:06,Korean Speed Baccarat 5,telecho|telecho|B,0
2026-06-29 18:52:11,Thai Baccarat 1,telecho|telecho|B,1
2026-06-29 19:07:28,Speed Baccarat 10,telecho|telecho|B,1
2026-06-29 19:41:53,Chinese Speed Baccarat 1,telecho|telecho|B,1
2026-06-29 19:46:53,Japanese Speed Baccarat 3,telecho|telecho|B,1
2026-06-29 20:20:21,Speed Baccarat 12,sansan|telecho|P,1
2026-06-29 20:35:01,Turbo Baccarat,telecho|telecho|B,1
2026-06-29 20:41:11,Indonesian Speed Baccarat 2,telecho|telecho|B,0
2026-06-29 21:01:34,Thai Speed Baccarat 2,telecho|telecho|B,1
2026-06-29 21:08:04,Speed Baccarat 11,telecho|telecho|B,0
2026-06-29 21:21:15,Super 8 Baccarat,telecho|telecho|B,0
2026-06-29 21:27:26,Chinese Speed Baccarat 2,telecho|telecho|B,0
2026-06-29 21:29:28,Speed Baccarat 17,telecho|telecho|B,1
2026-06-29 23:05:29,Speed Baccarat 5,telecho|telecho|B,0
2026-06-29 23:10:03,Korean Speed Baccarat 5,telecho|telecho|B,0
2026-06-29 23:19:19,Japanese Speed Baccarat 3,telecho|telecho|B,0
2026-06-29 23:20:36,Fortune 6 Baccarat,telecho|telecho|B,1
2026-06-29 23:31:35,Speed Baccarat 5,telecho|telecho|B,1
2026-06-29 23:31:58,Speed Baccarat 5,sansan|telecho|P,0
2026-06-29 23:35:31,Turbo Baccarat,sansan|telecho|P,1
2026-06-29 23:38:30,Thai Baccarat 1,telecho|telecho|B,1
2026-06-29 23:39:42,Thai Speed Baccarat 1,telecho|telecho|B,0
2026-06-30 00:03:49,Japanese Speed Baccarat 2,telecho|telecho|B,1
2026-06-30 00:10:37,Vietnamese Speed Baccarat 2,telecho|telecho|B,0
2026-06-30 00:29:45,Amazing Baccarat,telecho|telecho|B,1
2026-06-30 00:36:51,Korean Baccarat 2,telecho|telecho|B,0
2026-06-30 01:00:07,Baccarat 2,telecho|telecho|B,0
2026-06-30 01:06:19,Indonesian Speed Baccarat 2,telecho|telecho|B,0
2026-06-30 01:12:42,Baccarat 5,telecho|telecho|B,1
2026-06-30 01:13:36,Korean Baccarat 2,telecho|telecho|B,1
2026-06-30 01:14:12,Speed Baccarat 2,telecho|telecho|B,1
2026-06-30 01:19:06,Speed Baccarat 16,telecho|telecho|B,1
2026-06-30 01:45:58,Japanese Speed Baccarat 2,telecho|telecho|B,1
2026-06-30 02:06:18,Speed Baccarat 13,telecho|telecho|B,1
2026-06-30 02:07:39,Korean Speed Baccarat 1,telecho|telecho|B,0
2026-06-30 02:09:48,Vietnamese Speed Baccarat 1,telecho|telecho|B,1
2026-06-30 02:47:42,Speed Baccarat 1,telecho|telecho|B,0
2026-06-30 03:08:23,Speed Baccarat 2,telecho|telecho|B,0
2026-06-30 03:19:03,Baccarat 1,telecho|telecho|B,1
2026-06-30 03:19:23,Thai Baccarat 1,telecho|telecho|B,0
2026-06-30 03:37:06,HI LO BACCARAT,telecho|telecho|B,1
2026-06-30 03:43:23,Baccarat 5,telecho|telecho|B,1
2026-06-30 03:45:06,Fortune 6 Baccarat,telecho|telecho|B,0
2026-06-30 03:45:11,Korean Speed Baccarat 3,telecho|telecho|B,0
2026-06-30 03:50:21,Speed Baccarat 3,telecho|telecho|B,0
2026-06-30 04:09:12,Thai Baccarat 1,telecho|telecho|B,0
2026-06-30 04:19:13,Speed Baccarat 6,telecho|telecho|B,1
2026-06-30 04:19:17,Speed Baccarat 3,telecho|telecho|B,0
2026-06-30 04:29:32,Chinese Speed Baccarat 2,telecho|telecho|B,1
2026-06-30 04:31:18,Indonesian Speed Baccarat 2,telecho|telecho|B,0
2026-06-30 04:36:19,Thai Baccarat 1,telecho|telecho|B,1
2026-06-30 04:39:32,Korean Turbo Baccarat 1,telecho|telecho|B,1
2026-06-30 04:41:54,Speed Baccarat 15,sansan|telecho|P,1
2026-06-30 04:43:25,Korean Turbo Baccarat 1,telecho|telecho|B,0
2026-06-30 04:46:00,Speed Baccarat 18,telecho|telecho|B,1
2026-06-30 05:25:22,Korean Speed Baccarat 1,telecho|telecho|B,1
2026-06-30 05:29:09,Turbo Baccarat,telecho|telecho|B,0
2026-06-30 05:31:52,Japanese Speed Baccarat 3,telecho|telecho|B,0
2026-06-30 05:39:33,Vietnamese Speed Baccarat 2,telecho|telecho|B,0
2026-06-30 05:46:37,Korean Speed Baccarat 5,telecho|telecho|B,1
2026-06-30 06:10:33,Speed Baccarat 1,telecho|telecho|B,1
2026-06-30 06:34:55,Thai Baccarat 1,telecho|telecho|B,1
2026-06-30 06:35:25,Thai Baccarat 1,sansan|telecho|P,0
2026-06-30 06:39:26,HI LO BACCARAT,telecho|telecho|B,0
2026-06-30 06:50:28,Speed Baccarat 3,sansan|telecho|P,1
2026-06-30 07:10:16,Speed Baccarat 1,telecho|telecho|B,0
2026-06-30 07:39:09,Speed Baccarat 9,telecho|telecho|B,0
2026-06-30 07:40:38,Korean Speed Baccarat 1,telecho|telecho|B,1
2026-06-30 07:42:15,Baccarat 1,telecho|telecho|B,1
2026-06-30 07:54:07,Korean Speed Baccarat 3,telecho|telecho|B,1
2026-06-30 08:14:20,Japanese Speed Baccarat 2,telecho|telecho|B,1
2026-06-30 08:24:44,Korean Speed Baccarat 1,telecho|telecho|B,0
2026-06-30 08:32:49,Speed Baccarat 18,telecho|telecho|B,0
2026-06-30 08:56:31,Chinese Speed Baccarat 1,telecho|telecho|B,1
2026-06-30 09:22:06,Speed Baccarat 13,telecho|telecho|B,1
2026-06-30 09:45:01,Vietnamese Speed Baccarat 1,telecho|telecho|B,0
2026-06-30 09:46:40,Japanese Speed Baccarat 2,telecho|telecho|B,0
2026-06-30 09:52:03,Amazing Baccarat,telecho|telecho|B,1
2026-06-30 10:09:11,Indonesian Speed Baccarat 1,telecho|telecho|B,0
2026-06-30 10:15:19,Thai Speed Baccarat 1,telecho|telecho|B,0
2026-06-30 10:19:01,Speed Baccarat 3,telecho|telecho|B,1
2026-06-30 10:42:44,Japanese Speed Baccarat 2,telecho|telecho|B,0
2026-06-30 10:50:38,Baccarat 3,telecho|telecho|B,1
2026-06-30 11:06:11,Indonesian Speed Baccarat 1,telecho|telecho|B,0
2026-06-30 11:45:55,Speed Baccarat 5,telecho|telecho|B,0
2026-06-30 11:46:36,Baccarat 3,telecho|telecho|B,1
2026-06-30 11:48:47,Turbo Baccarat,telecho|telecho|B,1
2026-06-30 12:05:36,Japanese Speed Baccarat 3,telecho|telecho|B,0
2026-06-30 12:46:47,Japanese Speed Baccarat 2,telecho|telecho|B,1
2026-06-30 12:49:56,Korean Speed Baccarat 5,telecho|telecho|B,1
2026-06-30 12:57:37,Fortune 6 Baccarat,telecho|telecho|B,1
2026-06-30 12:59:46,Turbo Baccarat,telecho|telecho|B,0
2026-06-30 13:01:42,Thai Speed Baccarat 2,telecho|telecho|B,1
2026-06-30 13:17:26,Speed Baccarat 2,telecho|telecho|B,0
2026-06-30 13:32:11,Korean Speed Baccarat 2,telecho|telecho|B,1
2026-06-30 13:33:49,Korean Baccarat 2,telecho|telecho|B,1
2026-06-30 13:39:40,Vietnamese Speed Baccarat 1,telecho|telecho|B,1
2026-06-30 13:44:27,Baccarat 2,telecho|telecho|B,1
2026-06-30 14:02:19,Speed Baccarat 18,telecho|telecho|B,1
2026-06-30 14:11:42,Chinese Speed Baccarat 3,telecho|telecho|B,0
2026-06-30 14:27:39,Chinese Speed Baccarat 2,sansan|telecho|P,1
2026-06-30 14:54:59,Chinese Speed Baccarat 2,telecho|telecho|B,0
2026-06-30 15:19:48,Speed Baccarat 6,telecho|telecho|B,1
2026-06-30 15:25:48,Chinese Speed Baccarat 1,sansan|telecho|P,1
2026-06-30 16:12:45,Speed Baccarat 9,telecho|telecho|B,1
2026-06-30 16:13:09,Japanese Speed Baccarat 3,telecho|nikoichi|P,0
2026-06-30 16:14:47,Baccarat 9,telecho|telecho|B,1
2026-06-30 16:15:14,Baccarat 5,telecho|nikoichi|P,0
2026-06-30 16:16:54,STAKE SPEED BACCARAT,niconico|nikoichi|B,1
2026-06-30 16:17:09,Fortune 6 Baccarat,niconico|dragon|B,1
2026-06-30 16:42:40,Speed Baccarat 3,niconico|dragon|B,0
2026-06-30 16:49:34,Baccarat 3,telecho|telecho|B,0
2026-06-30 16:53:57,Speed Baccarat 1,telecho|nikoichi|P,0
2026-06-30 17:00:22,Speed Baccarat 17,niconico|nikoichi|B,0
2026-06-30 17:02:18,Speed Baccarat 12,telecho|telecho|B,0
2026-06-30 17:13:11,STAKE SPEED BACCARAT,niconico|dragon|B,0
2026-06-30 17:22:52,Chinese Speed Baccarat 2,telecho|nikoichi|P,0
2026-06-30 17:26:09,Speed Baccarat 17,telecho|telecho|B,1
2026-06-30 17:31:55,Speed Baccarat 16,telecho|telecho|B,1
2026-06-30 17:32:04,Korean Speed Baccarat 3,sansan|telecho|P,1
2026-06-30 17:44:23,Baccarat 5,telecho|nikoichi|P,1
2026-06-30 18:04:57,Baccarat 2,telecho|nikoichi|P,0
2026-06-30 18:26:02,Chinese Speed Baccarat 2,niconico|dragon|B,1
2026-06-30 18:26:39,Speed Baccarat 11,telecho|telecho|B,0
2026-06-30 18:39:20,Chinese Speed Baccarat 3,niconico|nikoichi|P,0
2026-06-30 18:39:55,Turbo Baccarat,telecho|telecho|B,0
2026-06-30 18:55:23,Speed Baccarat 18,niconico|nikoichi|P,1
2026-06-30 19:03:29,Indonesian Speed Baccarat 2,sansan|telecho|P,0
2026-06-30 19:11:05,HI LO BACCARAT,telecho|telecho|B,0
2026-06-30 19:15:02,Korean Speed Baccarat 2,sansan|telecho|P,0
2026-06-30 19:20:19,Baccarat 1,niconico|nikoichi|P,0
2026-06-30 19:27:07,Amazing Baccarat,niconico|dragon|B,1
2026-06-30 19:49:42,STAKE SPEED BACCARAT,telecho|nikoichi|P,1
2026-06-30 19:59:17,Speed Baccarat 11,telecho|telecho|B,1
2026-06-30 19:59:59,Speed Baccarat 5,telecho|nikoichi|P,1
2026-06-30 20:02:48,Baccarat 9,telecho|telecho|B,1
2026-06-30 20:12:53,MEGA BACCARAT,telecho|telecho|B,0
2026-06-30 20:23:31,Speed Baccarat 10,telecho|telecho|B,0
2026-06-30 20:27:17,Baccarat 7,telecho|telecho|B,0
2026-06-30 21:06:29,Baccarat 7,niconico|dragon|B,0
2026-06-30 21:08:47,Speed Baccarat 8,niconico|dragon|B,0
2026-06-30 21:12:46,Korean Speed Baccarat 5,niconico|nikoichi|B,1
2026-06-30 21:20:53,Speed Baccarat 16,telecho|nikoichi|P,0
2026-06-30 21:35:15,Indonesian Speed Baccarat 1,niconico|dragon|B,0
2026-06-30 21:54:41,Speed Baccarat 18,telecho|telecho|B,0
2026-06-30 22:10:57,Vietnamese Speed Baccarat 2,telecho|nikoichi|P,0
2026-06-30 22:18:36,Speed Baccarat 2,niconico|dragon|B,1
2026-06-30 22:26:55,Speed Baccarat 1,sansan|telecho|P,0
2026-06-30 22:34:01,MEGA BACCARAT,niconico|dragon|B,1
2026-06-30 22:40:54,Korean Speed Baccarat 2,telecho|telecho|B,0
2026-06-30 22:41:05,Turbo Baccarat,telecho|nikoichi|P,0
2026-06-30 22:48:48,HI LO BACCARAT,telecho|telecho|B,1
2026-06-30 23:06:38,Japanese Speed Baccarat 3,telecho|telecho|B,0
2026-06-30 23:08:21,STAKE SPEED BACCARAT,niconico|dragon|B,0
2026-06-30 23:11:14,Speed Baccarat 3,telecho|telecho|B,1
2026-06-30 23:15:55,HI LO BACCARAT,telecho|telecho|B,1
2026-06-30 23:16:56,Japanese Speed Baccarat 1,niconico|dragon|B,0
2026-06-30 23:17:21,Speed Baccarat 2,telecho|telecho|B,1
2026-06-30 23:29:59,Indonesian Speed Baccarat 1,telecho|nikoichi|P,0
2026-06-30 23:35:31,Indonesian Speed Baccarat 1,niconico|nikoichi|P,0
2026-06-30 23:43:49,Fortune 6 Baccarat,telecho|telecho|B,0
2026-06-30 23:44:39,Japanese Speed Baccarat 1,telecho|telecho|B,1
2026-06-30 23:45:56,Super 8 Baccarat,telecho|telecho|B,0
2026-06-30 23:48:41,Speed Baccarat 2,niconico|dragon|B,1
2026-06-30 23:52:00,Speed Baccarat 11,telecho|telecho|B,0
2026-06-30 23:57:11,Speed Baccarat 5,niconico|nikoichi|B,1
2026-06-30 23:58:29,Indonesian Speed Baccarat 1,telecho|telecho|B,1
2026-07-01 00:15:40,HI LO BACCARAT,telecho|telecho|B,1
2026-07-01 00:25:44,Baccarat 5,telecho|telecho|B,0
2026-07-01 00:31:20,Korean Turbo Baccarat 1,niconico|dragon|B,0
2026-07-01 00:31:39,Baccarat 3,niconico|dragon|B,1
2026-07-01 00:31:52,Turbo Baccarat,telecho|telecho|B,1
2026-07-01 00:43:25,Korean Speed Baccarat 3,niconico|dragon|B,1
2026-07-01 00:48:38,Korean Speed Baccarat 3,telecho|telecho|B,0
2026-07-01 00:50:57,Vietnamese Speed Baccarat 1,telecho|telecho|B,0
2026-07-01 00:52:49,Baccarat 6,niconico|dragon|B,0
2026-07-01 01:01:57,Vietnamese Speed Baccarat 1,niconico|nikoichi|B,1
2026-07-01 01:20:22,Fortune 6 Baccarat,niconico|nikoichi|P,0
2026-07-01 01:31:19,Indonesian Speed Baccarat 2,telecho|telecho|B,1
2026-07-01 01:33:37,Speed Baccarat 8,niconico|nikoichi|P,0
2026-07-01 01:38:52,Thai Speed Baccarat 2,telecho|telecho|B,0
2026-07-01 01:41:12,Speed Baccarat 11,telecho|telecho|B,1
2026-07-01 01:49:32,Japanese Speed Baccarat 2,telecho|telecho|B,1
2026-07-01 01:50:03,Speed Baccarat 13,telecho|telecho|B,0
2026-07-01 01:51:41,HI LO BACCARAT,telecho|nikoichi|P,0
2026-07-01 02:11:51,Korean Speed Baccarat 3,niconico|dragon|B,1
2026-07-01 02:12:57,Speed Baccarat 9,telecho|telecho|B,1
2026-07-01 02:16:11,Speed Baccarat 13,telecho|telecho|B,1
2026-07-01 02:22:13,HI LO BACCARAT,telecho|telecho|B,0
2026-07-01 02:24:08,Baccarat 9,telecho|telecho|B,1
2026-07-01 02:26:40,Speed Baccarat 15,telecho|nikoichi|P,0
2026-07-01 02:38:48,Chinese Speed Baccarat 2,niconico|dragon|B,1
2026-07-01 02:44:51,Speed Baccarat 12,telecho|telecho|B,1
2026-07-01 02:47:12,Korean Baccarat 1,telecho|telecho|B,0
2026-07-01 02:57:37,Indonesian Speed Baccarat 2,telecho|nikoichi|P,1
2026-07-01 02:58:42,Speed Baccarat 18,niconico|dragon|B,0
2026-07-01 03:32:42,Chinese Speed Baccarat 2,telecho|telecho|B,0
2026-07-01 03:35:48,Baccarat 1,sansan|telecho|P,1
2026-07-01 03:44:24,Speed Baccarat 13,niconico|dragon|B,1
2026-07-01 03:51:27,Japanese Speed Baccarat 1,telecho|nikoichi|P,0
2026-07-01 04:05:36,Baccarat 1,telecho|nikoichi|P,1
2026-07-01 04:13:19,Speed Baccarat 2,telecho|nikoichi|P,1
2026-07-01 04:21:00,Speed Baccarat 11,niconico|nikoichi|P,0
2026-07-01 04:22:01,Chinese Speed Baccarat 2,niconico|dragon|B,1
2026-07-01 04:30:28,Speed Baccarat 3,telecho|telecho|B,1
2026-07-01 04:35:55,Thai Speed Baccarat 1,niconico|dragon|B,1
2026-07-01 04:39:27,Amazing Baccarat,sansan|telecho|P,0
2026-07-01 04:49:34,HI LO BACCARAT,telecho|telecho|B,1
2026-07-01 04:50:28,Chinese Speed Baccarat 3,telecho|nikoichi|P,1
2026-07-01 04:53:04,Speed Baccarat 1,niconico|nikoichi|P,1
2026-07-01 04:57:21,Baccarat 3,telecho|telecho|B,1
2026-07-01 05:09:08,Baccarat 2,telecho|nikoichi|P,1
2026-07-01 05:36:30,Vietnamese Speed Baccarat 3,telecho|telecho|B,1
2026-07-01 05:38:43,Speed Baccarat 9,telecho|telecho|B,0
2026-07-01 05:44:37,Vietnamese Speed Baccarat 1,telecho|telecho|B,1
2026-07-01 05:46:52,Speed Baccarat 1,telecho|nikoichi|P,1
2026-07-01 05:50:43,STAKE SPEED BACCARAT,niconico|dragon|B,1
2026-07-01 05:55:23,Japanese Speed Baccarat 1,niconico|dragon|B,0
2026-07-01 05:55:27,Japanese Speed Baccarat 3,niconico|nikoichi|B,1
2026-07-01 06:08:41,Baccarat 1,niconico|nikoichi|P,1
2026-07-01 06:14:07,Vietnamese Speed Baccarat 3,telecho|nikoichi|P,1
2026-07-01 06:14:34,Baccarat 1,niconico|dragon|B,0
2026-07-01 06:21:18,Speed Baccarat 18,telecho|telecho|B,1
2026-07-01 06:23:49,Thai Speed Baccarat 2,telecho|nikoichi|P,0
2026-07-01 06:30:04,Speed Baccarat 3,niconico|nikoichi|P,1
2026-07-01 06:49:42,Speed Baccarat 15,telecho|nikoichi|P,1
2026-07-01 06:51:17,Turbo Baccarat,niconico|nikoichi|P,0
2026-07-01 07:08:29,Vietnamese Speed Baccarat 3,telecho|nikoichi|P,0
2026-07-01 07:18:28,Speed Baccarat 2,niconico|nikoichi|P,0
2026-07-01 07:34:07,Turbo Baccarat,telecho|nikoichi|P,0
2026-07-01 07:37:48,Thai Baccarat 1,telecho|telecho|B,0
2026-07-01 07:46:30,Korean Speed Baccarat 3,niconico|dragon|B,0
2026-07-01 07:50:44,Baccarat 5,telecho|nikoichi|P,0
2026-07-01 08:00:43,STAKE SPEED BACCARAT,telecho|telecho|B,1
2026-07-01 08:04:39,Speed Baccarat 13,telecho|telecho|B,0
2026-07-01 08:17:10,Turbo Baccarat,telecho|telecho|B,0
2026-07-01 08:21:05,Thai Speed Baccarat 2,niconico|dragon|B,1
2026-07-01 08:21:23,Korean Speed Baccarat 2,telecho|telecho|B,0
2026-07-01 08:22:07,Thai Speed Baccarat 1,niconico|nikoichi|B,0
2026-07-01 08:30:46,Speed Baccarat 11,niconico|dragon|B,0
2026-07-01 08:44:23,Korean Speed Baccarat 3,telecho|telecho|B,1
2026-07-01 08:45:37,Korean Speed Baccarat 3,telecho|telecho|B,0
2026-07-01 08:46:43,Vietnamese Speed Baccarat 2,telecho|telecho|B,0
2026-07-01 08:47:49,Thai Speed Baccarat 2,telecho|telecho|B,0
2026-07-01 09:20:48,Korean Speed Baccarat 2,telecho|telecho|B,1
2026-07-01 09:22:51,Japanese Speed Baccarat 1,telecho|telecho|B,1
2026-07-01 09:31:59,Korean Turbo Baccarat 1,niconico|nikoichi|B,0
2026-07-01 09:37:11,Chinese Speed Baccarat 1,telecho|telecho|B,1
2026-07-01 09:45:26,Speed Baccarat 6,telecho|nikoichi|P,1
2026-07-01 09:46:33,Speed Baccarat 6,niconico|nikoichi|P,0
2026-07-01 09:48:50,Speed Baccarat 18,niconico|dragon|B,1
2026-07-01 10:30:59,Speed Baccarat 13,telecho|nikoichi|P,1
2026-07-01 10:48:51,Japanese Speed Baccarat 3,telecho|nikoichi|P,1
2026-07-01 10:49:57,Japanese Speed Baccarat 3,telecho|nikoichi|P,1
2026-07-01 10:51:38,Korean Speed Baccarat 2,niconico|dragon|B,0
2026-07-01 10:55:13,Indonesian Speed Baccarat 2,telecho|telecho|B,0
2026-07-01 11:18:40,Turbo Baccarat,telecho|nikoichi|P,0
2026-07-01 11:24:25,Vietnamese Speed Baccarat 2,niconico|nikoichi|P,0
2026-07-01 12:01:43,Baccarat 2,niconico|dragon|B,0
2026-07-01 12:04:33,Thai Speed Baccarat 2,niconico|dragon|B,0
2026-07-01 12:05:00,Japanese Speed Baccarat 2,telecho|telecho|B,1
2026-07-01 12:18:07,Japanese Speed Baccarat 3,telecho|telecho|B,0
2026-07-01 12:24:01,Baccarat 3,niconico|dragon|B,1
2026-07-01 12:29:10,Speed Baccarat 15,telecho|nikoichi|P,1
2026-07-01 12:30:53,Speed Baccarat 11,niconico|nikoichi|B,0
2026-07-01 12:37:41,Korean Turbo Baccarat 1,niconico|nikoichi|B,0
2026-07-01 12:54:58,Chinese Speed Baccarat 3,niconico|dragon|B,1
2026-07-01 12:55:51,Super 8 Baccarat,telecho|telecho|B,1
2026-07-01 12:58:05,Super 8 Baccarat,telecho|nikoichi|P,1
2026-07-01 12:58:26,Korean Speed Baccarat 2,telecho|telecho|B,1
2026-07-01 13:00:41,Speed Baccarat 11,niconico|nikoichi|B,1
2026-07-01 13:16:30,Korean Speed Baccarat 3,telecho|telecho|B,1
2026-07-01 13:19:20,HI LO BACCARAT,telecho|telecho|B,0
2026-07-01 13:32:26,Speed Baccarat 12,telecho|nikoichi|P,1
2026-07-01 13:36:23,Baccarat 7,sansan|telecho|P,0
2026-07-01 13:41:07,Chinese Speed Baccarat 1,niconico|nikoichi|B,1
2026-07-01 13:48:00,Fortune 6 Baccarat,telecho|nikoichi|P,0
2026-07-01 14:01:50,Speed Baccarat 11,niconico|nikoichi|P,1
2026-07-01 14:16:30,Korean Turbo Baccarat 1,telecho|nikoichi|P,0
2026-07-01 14:17:52,Baccarat 2,niconico|dragon|B,0
2026-07-01 14:23:49,Speed Baccarat 1,niconico|dragon|B,0
2026-07-01 14:42:09,Japanese Speed Baccarat 2,niconico|nikoichi|P,1
2026-07-01 14:45:44,Korean Speed Baccarat 3,niconico|nikoichi|B,0
2026-07-01 14:52:23,Vietnamese Speed Baccarat 1,telecho|nikoichi|P,0
2026-07-01 15:20:29,Speed Baccarat 18,telecho|nikoichi|P,0
2026-07-01 15:24:43,Baccarat 5,telecho|telecho|B,0
2026-07-01 15:53:40,Korean Speed Baccarat 1,telecho|nikoichi|P,1
2026-07-01 16:05:00,Indonesian Speed Baccarat 1,niconico|dragon|B,0
2026-07-01 16:29:48,Thai Baccarat 1,telecho|telecho|B,1
2026-07-01 16:36:32,Baccarat 6,telecho|nikoichi|P,1
2026-07-01 16:39:15,Korean Turbo Baccarat 1,niconico|dragon|B,0
2026-07-01 16:53:21,Thai Speed Baccarat 2,telecho|telecho|B,1
2026-07-01 17:04:28,Baccarat 2,niconico|nikoichi|P,0
2026-07-01 17:06:57,Speed Baccarat 3,telecho|nikoichi|P,1
2026-07-01 17:07:36,Speed Baccarat 17,niconico|nikoichi|P,0
2026-07-01 17:15:28,Speed Baccarat 8,telecho|telecho|B,0
2026-07-01 17:19:19,Super 8 Baccarat,telecho|telecho|B,0
2026-07-01 17:27:33,MEGA BACCARAT,telecho|telecho|B,0
2026-07-01 17:28:34,Amazing Baccarat,niconico|dragon|B,0
2026-07-01 17:34:59,Indonesian Speed Baccarat 1,telecho|nikoichi|P,1
2026-07-01 17:44:24,HI LO BACCARAT,telecho|telecho|B,1
2026-07-01 17:46:07,Korean Speed Baccarat 2,niconico|dragon|B,0
2026-07-01 17:46:18,Korean Baccarat 1,niconico|nikoichi|B,0
2026-07-01 18:02:53,Vietnamese Speed Baccarat 1,telecho|telecho|B,1
2026-07-01 18:24:41,Thai Speed Baccarat 1,niconico|nikoichi|P,1
2026-07-01 18:31:04,Fortune 6 Baccarat,niconico|dragon|B,0
2026-07-01 18:31:10,Indonesian Speed Baccarat 1,niconico|nikoichi|P,1
2026-07-01 18:34:31,Vietnamese Speed Baccarat 1,niconico|dragon|B,1
2026-07-01 18:40:30,Korean Speed Baccarat 2,telecho|telecho|B,0
2026-07-01 18:58:19,Thai Baccarat 1,telecho|nikoichi|P,0
2026-07-01 19:03:19,Baccarat 2,telecho|nikoichi|P,0
2026-07-01 19:04:37,Turbo Baccarat,niconico|nikoichi|B,0
2026-07-01 19:05:45,Amazing Baccarat,niconico|dragon|B,0
2026-07-01 19:05:52,Speed Baccarat 5,niconico|nikoichi|B,1
2026-07-01 19:21:46,Super 8 Baccarat,telecho|telecho|B,1
2026-07-01 19:23:06,Korean Speed Baccarat 5,telecho|telecho|B,1
2026-07-01 19:24:14,Baccarat 7,telecho|telecho|B,1
2026-07-01 19:30:30,Japanese Speed Baccarat 1,niconico|dragon|B,0
2026-07-01 19:31:27,Baccarat 7,telecho|nikoichi|P,1
2026-07-01 19:39:57,STAKE SPEED BACCARAT,niconico|nikoichi|B,0
2026-07-01 19:40:18,HI LO BACCARAT,telecho|telecho|B,1
2026-07-01 19:50:42,Japanese Speed Baccarat 3,telecho|nikoichi|P,1
2026-07-01 19:51:20,Speed Baccarat 12,telecho|nikoichi|P,1
2026-07-01 20:05:31,Japanese Speed Baccarat 1,sansan|telecho|P,0
2026-07-01 20:16:35,Korean Speed Baccarat 2,telecho|nikoichi|P,1
2026-07-01 20:21:27,Korean Speed Baccarat 5,telecho|telecho|B,1
2026-07-01 20:24:33,Baccarat 5,telecho|telecho|B,0
2026-07-01 20:29:56,Speed Baccarat 5,telecho|nikoichi|P,0
2026-07-01 20:42:51,Thai Speed Baccarat 2,niconico|dragon|B,0
2026-07-01 20:54:51,Baccarat 2,sansan|telecho|P,0
2026-07-01 20:54:57,Speed Baccarat 13,telecho|telecho|B,0
2026-07-01 20:55:22,Speed Baccarat 5,niconico|dragon|B,1
2026-07-01 20:59:30,Speed Baccarat 6,telecho|telecho|B,0
2026-07-01 21:01:45,Speed Baccarat 5,niconico|dragon|B,0
2026-07-01 21:13:16,Speed Baccarat 10,niconico|dragon|B,1
2026-07-01 21:23:01,Thai Speed Baccarat 1,telecho|telecho|B,1
2026-07-01 21:25:09,Baccarat 9,niconico|dragon|B,1
2026-07-01 21:29:15,STAKE SPEED BACCARAT,telecho|nikoichi|P,1
2026-07-01 21:30:13,Korean Baccarat 1,telecho|telecho|B,0
2026-07-01 21:39:31,Speed Baccarat 18,telecho|telecho|B,1
2026-07-01 21:39:52,Indonesian Speed Baccarat 2,niconico|dragon|B,0
2026-07-01 21:42:38,Korean Speed Baccarat 2,telecho|nikoichi|P,0
2026-07-01 21:52:17,Speed Baccarat 15,telecho|telecho|B,1
2026-07-01 21:53:33,Indonesian Speed Baccarat 1,telecho|nikoichi|P,0
2026-07-01 21:54:48,Speed Baccarat 16,niconico|dragon|B,0
2026-07-01 21:56:05,Speed Baccarat 6,telecho|telecho|B,0
2026-07-01 21:59:44,Speed Baccarat 13,sansan|telecho|P,1
2026-07-01 22:02:15,Baccarat 2,telecho|nikoichi|P,0
2026-07-01 22:06:01,Vietnamese Speed Baccarat 1,telecho|telecho|B,0
2026-07-01 22:13:12,Fortune 6 Baccarat,sansan|telecho|P,0
2026-07-01 22:17:28,Speed Baccarat 2,telecho|telecho|B,0
2026-07-01 22:21:14,Chinese Speed Baccarat 3,telecho|nikoichi|P,1
2026-07-01 22:30:12,MEGA BACCARAT,niconico|nikoichi|P,1
2026-07-01 22:39:11,Vietnamese Speed Baccarat 1,niconico|dragon|B,1
2026-07-01 22:46:14,Baccarat 1,telecho|nikoichi|P,0
2026-07-01 22:53:43,Speed Baccarat 6,niconico|nikoichi|P,0
2026-07-01 23:00:20,Indonesian Speed Baccarat 1,niconico|nikoichi|P,1
2026-07-01 23:09:11,Fortune 6 Baccarat,telecho|nikoichi|P,1
2026-07-01 23:19:32,Speed Baccarat 12,telecho|telecho|B,1
2026-07-01 23:25:41,Turbo Baccarat,telecho|nikoichi|P,0
2026-07-01 23:43:10,HI LO BACCARAT,telecho|telecho|B,0
2026-07-01 23:51:18,Vietnamese Speed Baccarat 2,telecho|nikoichi|P,1
2026-07-01 23:54:48,Chinese Speed Baccarat 3,telecho|telecho|B,1
2026-07-02 00:15:50,Speed Baccarat 1,telecho|telecho|B,1
2026-07-02 00:16:15,Baccarat 1,niconico|nikoichi|B,1
2026-07-02 00:16:38,STAKE SPEED BACCARAT,niconico|nikoichi|P,1
2026-07-02 00:20:03,Indonesian Speed Baccarat 2,niconico|dragon|B,0
2026-07-02 00:29:07,Speed Baccarat 5,niconico|dragon|B,0
2026-07-02 00:44:42,Speed Baccarat 11,niconico|dragon|B,1
2026-07-02 00:45:33,Super 8 Baccarat,telecho|telecho|B,1
2026-07-02 00:46:22,Japanese Speed Baccarat 3,telecho|nikoichi|P,0
2026-07-02 00:46:35,Speed Baccarat 12,telecho|nikoichi|P,0
2026-07-02 00:50:11,Korean Speed Baccarat 5,niconico|nikoichi|B,0
2026-07-02 01:07:51,Thai Speed Baccarat 2,telecho|nikoichi|P,0
2026-07-02 01:16:30,Speed Baccarat 12,telecho|nikoichi|P,1
2026-07-02 01:18:47,Speed Baccarat 12,telecho|telecho|B,0
2026-07-02 01:46:40,Speed Baccarat 6,telecho|telecho|B,0
2026-07-02 01:47:09,Korean Speed Baccarat 3,telecho|nikoichi|P,1
2026-07-02 01:53:11,Chinese Speed Baccarat 3,telecho|telecho|B,0
2026-07-02 02:01:37,Fortune 6 Baccarat,telecho|telecho|B,0
2026-07-02 02:04:37,Baccarat 9,telecho|telecho|B,0
2026-07-02 02:09:24,Vietnamese Speed Baccarat 3,telecho|nikoichi|P,0
2026-07-02 02:11:46,Vietnamese Speed Baccarat 1,telecho|telecho|B,1
2026-07-02 02:18:15,Thai Speed Baccarat 1,telecho|telecho|B,1
2026-07-02 02:28:43,Baccarat 6,telecho|telecho|B,0
2026-07-02 02:30:25,Baccarat 9,telecho|nikoichi|P,1
2026-07-02 02:33:05,Speed Baccarat 18,niconico|nikoichi|P,0
2026-07-02 02:33:20,Baccarat 5,telecho|nikoichi|P,1
2026-07-02 02:34:00,Indonesian Speed Baccarat 2,telecho|telecho|B,1
2026-07-02 02:34:12,Thai Baccarat 1,telecho|nikoichi|P,0
2026-07-02 02:48:17,Japanese Speed Baccarat 3,telecho|telecho|B,0
2026-07-02 03:04:34,Korean Baccarat 2,telecho|telecho|B,0
2026-07-02 03:04:44,Baccarat 2,niconico|dragon|B,1
2026-07-02 03:05:56,Baccarat 6,telecho|telecho|B,0
2026-07-02 03:10:32,Baccarat 6,niconico|dragon|B,0
2026-07-02 03:38:04,Vietnamese Speed Baccarat 3,telecho|nikoichi|P,0
2026-07-02 03:39:22,Turbo Baccarat,telecho|telecho|B,1
2026-07-02 03:41:22,Korean Speed Baccarat 2,telecho|telecho|B,0
2026-07-02 03:43:04,Speed Baccarat 5,telecho|telecho|B,0
2026-07-02 03:44:50,Korean Turbo Baccarat 1,niconico|nikoichi|P,0
2026-07-02 03:45:02,Vietnamese Speed Baccarat 3,telecho|nikoichi|P,0
2026-07-02 03:45:26,Thai Baccarat 1,telecho|telecho|B,1
2026-07-02 03:46:24,Vietnamese Speed Baccarat 1,telecho|nikoichi|P,1
2026-07-02 03:57:56,Korean Speed Baccarat 3,telecho|telecho|B,0
2026-07-02 04:10:59,Baccarat 9,telecho|nikoichi|P,0
2026-07-02 04:23:04,Speed Baccarat 3,niconico|dragon|B,1
2026-07-02 04:30:19,Fortune 6 Baccarat,sansan|telecho|P,1
2026-07-02 04:32:09,Thai Speed Baccarat 2,niconico|dragon|B,1
2026-07-02 04:37:04,Thai Speed Baccarat 2,niconico|dragon|B,1
2026-07-02 04:53:35,Chinese Speed Baccarat 3,niconico|dragon|B,0
2026-07-02 04:55:12,Amazing Baccarat,telecho|telecho|B,1
2026-07-02 04:55:40,Korean Turbo Baccarat 1,niconico|nikoichi|B,0
2026-07-02 04:58:41,Fortune 6 Baccarat,niconico|nikoichi|B,1
2026-07-02 05:00:41,Thai Speed Baccarat 2,niconico|nikoichi|P,1
2026-07-02 05:10:29,Korean Speed Baccarat 2,telecho|nikoichi|P,1
2026-07-02 05:10:52,Speed Baccarat 1,sansan|telecho|P,0
2026-07-02 05:14:41,Baccarat 1,niconico|dragon|B,0
2026-07-02 05:22:00,Speed Baccarat 3,telecho|telecho|B,0
2026-07-02 05:25:54,Fortune 6 Baccarat,niconico|dragon|B,1
2026-07-02 05:31:23,Indonesian Speed Baccarat 2,telecho|nikoichi|P,0
2026-07-02 05:41:25,Japanese Speed Baccarat 1,telecho|telecho|B,0
2026-07-02 05:41:39,Korean Speed Baccarat 1,telecho|nikoichi|P,0
2026-07-02 05:43:24,Vietnamese Speed Baccarat 3,niconico|nikoichi|P,0
2026-07-02 05:53:42,Speed Baccarat 15,telecho|nikoichi|P,1
2026-07-02 05:55:54,Korean Speed Baccarat 3,telecho|nikoichi|P,1
2026-07-02 06:06:06,Turbo Baccarat,telecho|telecho|B,0
2026-07-02 06:25:12,Japanese Speed Baccarat 1,telecho|nikoichi|P,1
2026-07-02 06:38:51,Speed Baccarat 5,telecho|telecho|B,0
2026-07-02 06:39:00,Speed Baccarat 13,telecho|telecho|B,0
2026-07-02 06:48:12,Baccarat 3,telecho|nikoichi|P,1
2026-07-02 06:49:33,Baccarat 3,niconico|nikoichi|P,1
2026-07-02 06:50:07,Korean Baccarat 2,niconico|nikoichi|B,1
2026-07-02 06:52:14,Speed Baccarat 15,telecho|telecho|B,1
2026-07-02 07:08:18,Baccarat 2,telecho|telecho|B,0
2026-07-02 07:11:34,Indonesian Speed Baccarat 1,niconico|dragon|B,1
2026-07-02 07:15:24,Speed Baccarat 9,telecho|telecho|B,0
2026-07-02 07:22:03,Speed Baccarat 3,telecho|telecho|B,1
2026-07-02 07:23:39,Chinese Speed Baccarat 2,niconico|nikoichi|P,0
2026-07-02 07:26:40,Baccarat 3,niconico|dragon|B,1
2026-07-02 07:38:10,Korean Speed Baccarat 2,telecho|nikoichi|P,0
2026-07-02 07:59:57,Turbo Baccarat,niconico|dragon|B,1
2026-07-02 08:02:41,Super 8 Baccarat,niconico|nikoichi|B,0
2026-07-02 08:06:19,Speed Baccarat 5,telecho|nikoichi|P,0
2026-07-02 08:07:17,Korean Speed Baccarat 2,telecho|telecho|B,0
2026-07-02 08:14:17,Vietnamese Speed Baccarat 1,niconico|dragon|B,1
2026-07-02 08:16:46,Fortune 6 Baccarat,telecho|telecho|B,0
2026-07-02 08:18:21,Thai Speed Baccarat 2,niconico|nikoichi|B,1
2026-07-02 08:20:35,Vietnamese Speed Baccarat 2,telecho|nikoichi|P,0
2026-07-02 08:22:40,Thai Speed Baccarat 2,niconico|nikoichi|P,0
2026-07-02 08:23:55,Speed Baccarat 3,niconico|nikoichi|B,1
2026-07-02 08:28:11,Speed Baccarat 18,niconico|nikoichi|B,1
2026-07-02 08:32:25,Speed Baccarat 11,niconico|nikoichi|B,0
2026-07-02 08:34:11,Korean Speed Baccarat 5,telecho|telecho|B,1
2026-07-02 08:37:36,STAKE SPEED BACCARAT,niconico|nikoichi|P,1
2026-07-02 08:52:59,Speed Baccarat 3,niconico|dragon|B,0
2026-07-02 08:55:26,Vietnamese Speed Baccarat 2,sansan|telecho|P,0
2026-07-02 08:57:22,Super 8 Baccarat,niconico|nikoichi|B,1
2026-07-02 08:57:43,Super 8 Baccarat,niconico|nikoichi|P,0
2026-07-02 09:08:50,Speed Baccarat 5,telecho|telecho|B,1
2026-07-02 09:09:27,Chinese Speed Baccarat 1,telecho|nikoichi|P,1
2026-07-02 09:23:50,Vietnamese Speed Baccarat 2,telecho|nikoichi|P,0
2026-07-02 09:27:51,Thai Baccarat 1,niconico|dragon|B,1
2026-07-02 09:29:41,Chinese Speed Baccarat 3,telecho|nikoichi|P,1
2026-07-02 10:33:07,Vietnamese Speed Baccarat 1,niconico|dragon|B,0
2026-07-02 10:34:35,Amazing Baccarat,telecho|nikoichi|P,0
2026-07-02 10:39:17,Speed Baccarat 5,telecho|telecho|B,1
2026-07-02 10:46:03,Speed Baccarat 15,niconico|nikoichi|B,1
2026-07-02 10:50:29,Korean Speed Baccarat 2,telecho|nikoichi|P,1
2026-07-02 10:55:40,Speed Baccarat 6,telecho|telecho|B,0
2026-07-02 10:57:34,HI LO BACCARAT,telecho|telecho|B,0
2026-07-02 11:02:22,Speed Baccarat 12,telecho|telecho|B,1
2026-07-02 11:14:07,Fortune 6 Baccarat,niconico|dragon|B,1
2026-07-02 11:14:13,Korean Turbo Baccarat 1,telecho|telecho|B,0
2026-07-02 11:29:52,Baccarat 2,niconico|nikoichi|B,0
2026-07-02 11:30:35,Speed Baccarat 3,telecho|telecho|B,1
2026-07-02 11:49:53,Speed Baccarat 8,telecho|nikoichi|P,1
2026-07-02 11:59:58,Korean Speed Baccarat 5,telecho|telecho|B,0
2026-07-02 12:04:05,Korean Turbo Baccarat 1,telecho|nikoichi|P,0
2026-07-02 12:31:43,Speed Baccarat 2,telecho|telecho|B,0
2026-07-02 12:40:47,Korean Speed Baccarat 3,niconico|dragon|B,0
2026-07-02 12:43:18,Fortune 6 Baccarat,niconico|nikoichi|P,0
2026-07-02 12:46:06,Indonesian Speed Baccarat 2,telecho|telecho|B,0
2026-07-02 12:54:35,Thai Speed Baccarat 2,niconico|nikoichi|P,0
2026-07-02 12:55:18,Thai Speed Baccarat 2,telecho|telecho|B,1
2026-07-02 13:00:49,Korean Speed Baccarat 1,telecho|nikoichi|P,1
2026-07-02 13:03:23,Korean Speed Baccarat 1,telecho|telecho|B,0
2026-07-02 13:06:46,Speed Baccarat 11,niconico|nikoichi|P,1
2026-07-02 13:07:48,Japanese Speed Baccarat 2,telecho|telecho|B,0
2026-07-02 13:09:52,Vietnamese Speed Baccarat 3,telecho|telecho|B,0
2026-07-02 13:13:05,Thai Baccarat 1,telecho|telecho|B,1
2026-07-02 13:21:31,Super 8 Baccarat,niconico|nikoichi|P,0
2026-07-02 13:49:04,Vietnamese Speed Baccarat 3,telecho|nikoichi|P,0
2026-07-02 13:49:48,Vietnamese Speed Baccarat 1,niconico|dragon|B,0
2026-07-02 13:51:17,Thai Speed Baccarat 2,telecho|telecho|B,0
2026-07-02 13:54:28,Speed Baccarat 18,telecho|telecho|B,0
2026-07-02 13:55:24,Thai Speed Baccarat 2,niconico|nikoichi|B,0
2026-07-02 13:58:00,Japanese Speed Baccarat 1,telecho|nikoichi|P,1
2026-07-02 13:59:58,Japanese Speed Baccarat 1,niconico|nikoichi|P,1
2026-07-02 14:01:04,Chinese Speed Baccarat 2,niconico|nikoichi|B,1
2026-07-02 14:19:36,Baccarat 6,niconico|dragon|B,1
2026-07-02 14:24:44,Speed Baccarat 3,telecho|nikoichi|P,0
2026-07-02 14:27:17,Speed Baccarat 13,telecho|telecho|B,0
2026-07-02 14:33:05,Korean Speed Baccarat 5,telecho|nikoichi|P,0
2026-07-02 14:38:05,Japanese Speed Baccarat 2,telecho|nikoichi|P,0
2026-07-02 14:38:35,Chinese Speed Baccarat 1,telecho|nikoichi|P,1
2026-07-02 14:39:49,Speed Baccarat 17,telecho|telecho|B,0
2026-07-02 14:45:27,MEGA BACCARAT,telecho|nikoichi|P,1
2026-07-02 14:50:55,Speed Baccarat 3,telecho|telecho|B,1
2026-07-02 14:53:01,Speed Baccarat 3,telecho|nikoichi|P,0
2026-07-02 15:01:47,Big Small Baccarat,telecho|telecho|B,0
2026-07-02 15:13:24,Speed Baccarat 6,telecho|nikoichi|P,1
2026-07-02 15:21:19,Vietnamese Speed Baccarat 3,telecho|nikoichi|P,1
2026-07-02 15:35:01,Korean Baccarat 2,telecho|nikoichi|P,0
2026-07-02 15:35:48,Korean Speed Baccarat 3,telecho|telecho|B,1
2026-07-02 15:37:05,Amazing Baccarat,telecho|telecho|B,0
2026-07-02 15:43:18,Speed Baccarat 15,niconico|nikoichi|B,0
2026-07-02 15:43:30,Thai Baccarat 1,telecho|nikoichi|P,0
2026-07-02 15:49:15,Speed Baccarat 3,telecho|telecho|B,0
2026-07-02 15:50:40,Speed Baccarat 13,telecho|telecho|B,1
2026-07-02 15:53:02,Korean Baccarat 2,sansan|telecho|P,0
2026-07-02 16:06:21,STAKE SPEED BACCARAT,niconico|dragon|B,1
2026-07-02 16:36:30,Korean Turbo Baccarat 1,telecho|telecho|B,0
2026-07-02 16:44:39,Indonesian Speed Baccarat 1,telecho|telecho|B,1
2026-07-02 16:48:31,Korean Speed Baccarat 3,telecho|telecho|B,0
2026-07-02 16:53:33,Japanese Speed Baccarat 3,niconico|dragon|B,1
2026-07-02 16:54:23,Speed Baccarat 3,telecho|telecho|B,0
2026-07-02 16:57:45,Korean Baccarat 1,niconico|nikoichi|P,1
2026-07-02 16:57:55,Amazing Baccarat,telecho|telecho|B,1
2026-07-02 17:28:04,Speed Baccarat 13,niconico|dragon|B,0
2026-07-02 17:44:55,Indonesian Speed Baccarat 1,niconico|dragon|B,0
2026-07-02 17:50:51,Speed Baccarat 3,niconico|dragon|B,0
2026-07-02 17:51:09,Speed Baccarat 12,telecho|nikoichi|P,1
2026-07-02 17:53:22,Japanese Speed Baccarat 3,telecho|telecho|B,0
2026-07-02 18:06:21,Big Small Baccarat,telecho|telecho|B,1
2026-07-02 18:10:31,Baccarat 5,sansan|telecho|P,0
2026-07-02 18:16:05,Korean Speed Baccarat 1,telecho|telecho|B,1
2026-07-02 18:17:10,Speed Baccarat 9,niconico|dragon|B,0
2026-07-02 18:30:47,Turbo Baccarat,sansan|telecho|P,1
2026-07-02 18:33:44,Japanese Speed Baccarat 1,telecho|telecho|B,0
2026-07-02 18:37:35,Speed Baccarat 6,telecho|nikoichi|P,0
2026-07-02 18:48:35,Speed Baccarat 13,niconico|nikoichi|B,0
2026-07-02 19:20:19,Speed Baccarat 12,telecho|telecho|B,1
2026-07-02 19:23:25,Chinese Speed Baccarat 3,telecho|nikoichi|P,1
2026-07-02 19:23:59,Speed Baccarat 1,niconico|dragon|B,1
2026-07-02 19:25:52,Chinese Speed Baccarat 3,telecho|telecho|B,1
2026-07-02 19:33:47,Thai Baccarat 1,telecho|telecho|B,1
2026-07-02 19:36:12,Speed Baccarat 3,niconico|dragon|B,1
2026-07-02 19:37:29,Thai Speed Baccarat 2,telecho|telecho|B,1
2026-07-02 19:41:04,Indonesian Speed Baccarat 2,telecho|telecho|B,1
2026-07-02 19:43:47,Chinese Speed Baccarat 2,sansan|telecho|P,1
2026-07-02 19:51:18,Japanese Speed Baccarat 2,telecho|nikoichi|P,1
2026-07-02 19:52:39,MEGA BACCARAT,sansan|telecho|P,1
2026-07-02 19:56:45,Speed Baccarat 1,telecho|telecho|B,0
2026-07-02 20:11:13,Indonesian Speed Baccarat 2,niconico|nikoichi|P,0
2026-07-02 20:22:22,Baccarat 1,telecho|telecho|B,1
2026-07-02 20:35:08,Thai Speed Baccarat 2,telecho|nikoichi|P,1
2026-07-02 20:37:22,Thai Speed Baccarat 2,telecho|telecho|B,0
2026-07-02 20:54:34,Speed Baccarat 2,niconico|nikoichi|P,1
2026-07-02 20:55:35,Japanese Speed Baccarat 3,telecho|telecho|B,0
2026-07-02 21:00:56,Speed Baccarat 17,telecho|nikoichi|P,1
2026-07-02 21:04:03,Thai Speed Baccarat 2,niconico|nikoichi|B,0
2026-07-02 21:12:08,Chinese Speed Baccarat 2,niconico|nikoichi|P,1
2026-07-02 21:25:26,Korean Speed Baccarat 2,niconico|nikoichi|B,0
2026-07-02 21:32:41,Thai Speed Baccarat 1,telecho|nikoichi|P,0
2026-07-02 21:35:58,Big Small Baccarat,telecho|nikoichi|P,1
2026-07-02 21:40:56,Speed Baccarat 11,telecho|telecho|B,1
2026-07-02 21:43:01,Big Small Baccarat,sansan|telecho|P,1
2026-07-02 21:43:51,Big Small Baccarat,telecho|telecho|B,1
2026-07-02 21:46:57,Speed Baccarat 13,telecho|telecho|B,1
2026-07-02 21:47:15,Speed Baccarat 13,sansan|telecho|P,0
2026-07-02 21:54:55,Korean Speed Baccarat 1,telecho|telecho|B,1
2026-07-02 22:02:22,Speed Baccarat 15,telecho|telecho|B,0
2026-07-02 22:06:01,Chinese Speed Baccarat 1,telecho|telecho|B,0
2026-07-02 22:12:24,Korean Speed Baccarat 5,telecho|telecho|B,0
2026-07-02 22:31:45,Thai Speed Baccarat 1,telecho|telecho|B,1
2026-07-02 22:39:44,Chinese Speed Baccarat 2,telecho|nikoichi|P,0
2026-07-02 22:47:34,Speed Baccarat 3,telecho|telecho|B,1
2026-07-02 22:53:47,Speed Baccarat 18,telecho|nikoichi|P,1
2026-07-02 22:59:20,Baccarat 1,niconico|nikoichi|B,1
2026-07-02 23:18:09,Speed Baccarat 3,telecho|nikoichi|P,1
2026-07-02 23:19:18,Korean Speed Baccarat 1,telecho|nikoichi|P,1
2026-07-02 23:28:14,Indonesian Speed Baccarat 2,telecho|nikoichi|P,1
2026-07-03 00:02:51,Chinese Speed Baccarat 3,niconico|dragon|B,1
2026-07-03 00:38:19,Chinese Speed Baccarat 1,telecho|telecho|B,0
2026-07-03 00:43:26,Thai Baccarat 1,telecho|telecho|B,0
2026-07-03 00:44:53,Japanese Speed Baccarat 1,telecho|nikoichi|P,1
2026-07-03 00:50:15,STAKE SPEED BACCARAT,niconico|dragon|B,0
2026-07-03 00:56:12,Korean Turbo Baccarat 1,telecho|telecho|B,0
2026-07-03 00:57:57,Japanese Speed Baccarat 3,telecho|telecho|B,1
2026-07-03 01:01:21,Vietnamese Speed Baccarat 3,niconico|dragon|B,1
2026-07-03 01:05:51,Japanese Speed Baccarat 3,telecho|nikoichi|P,1
2026-07-03 01:07:26,Speed Baccarat 8,telecho|nikoichi|P,1
2026-07-03 01:10:55,Japanese Speed Baccarat 3,telecho|nikoichi|P,0
2026-07-03 01:17:59,Amazing Baccarat,telecho|nikoichi|P,1
2026-07-03 01:21:13,Amazing Baccarat,telecho|telecho|B,1
2026-07-03 01:27:23,Speed Baccarat 9,telecho|telecho|B,0
2026-07-03 01:39:05,Speed Baccarat 18,niconico|dragon|B,0
2026-07-03 01:48:45,Baccarat 3,telecho|telecho|B,0
2026-07-03 01:50:56,Super 8 Baccarat,niconico|dragon|B,0
2026-07-03 01:51:07,Korean Speed Baccarat 3,telecho|telecho|B,1
2026-07-03 01:51:50,Indonesian Speed Baccarat 2,telecho|nikoichi|P,1
2026-07-03 02:04:55,Korean Turbo Baccarat 1,telecho|telecho|B,1
2026-07-03 02:07:34,Speed Baccarat 13,telecho|telecho|B,1
2026-07-03 02:13:07,Vietnamese Speed Baccarat 1,telecho|telecho|B,0
2026-07-03 02:16:50,Turbo Baccarat,telecho|telecho|B,0
2026-07-03 02:17:52,Vietnamese Speed Baccarat 2,telecho|nikoichi|P,0
2026-07-03 02:22:12,Speed Baccarat 1,niconico|nikoichi|B,0
2026-07-03 02:33:06,Speed Baccarat 11,telecho|nikoichi|P,0
2026-07-03 02:45:11,Big Small Baccarat,telecho|telecho|B,1
2026-07-03 02:49:02,Vietnamese Speed Baccarat 2,telecho|nikoichi|P,0
2026-07-03 02:55:21,Speed Baccarat 16,telecho|nikoichi|P,1
2026-07-03 02:55:44,Speed Baccarat 16,niconico|nikoichi|B,0
2026-07-03 03:02:11,Speed Baccarat 1,niconico|dragon|B,1
2026-07-03 03:39:41,Speed Baccarat 8,niconico|dragon|B,1
2026-07-03 04:00:24,Speed Baccarat 13,niconico|dragon|B,0
2026-07-03 04:07:39,STAKE SPEED BACCARAT,niconico|nikoichi|B,0
2026-07-03 04:15:11,Japanese Speed Baccarat 1,telecho|telecho|B,0
2026-07-03 04:20:37,Chinese Speed Baccarat 3,telecho|telecho|B,0
2026-07-03 04:23:06,Speed Baccarat 18,niconico|nikoichi|B,1
2026-07-03 04:23:14,Korean Turbo Baccarat 1,niconico|dragon|B,0
2026-07-03 04:50:57,Super 8 Baccarat,telecho|telecho|B,1
2026-07-03 04:52:18,Turbo Baccarat,telecho|telecho|B,0
2026-07-03 04:58:06,Baccarat 3,niconico|dragon|B,0
2026-07-03 04:58:15,Korean Speed Baccarat 3,niconico|dragon|B,0
2026-07-03 05:03:07,Korean Baccarat 2,telecho|nikoichi|P,1
2026-07-03 05:10:10,Speed Baccarat 15,telecho|telecho|B,0
2026-07-03 05:17:12,Indonesian Speed Baccarat 2,niconico|dragon|B,0
2026-07-03 05:22:41,Speed Baccarat 6,telecho|telecho|B,0
2026-07-03 05:29:10,Korean Speed Baccarat 3,niconico|nikoichi|B,0
2026-07-03 05:29:56,Japanese Speed Baccarat 1,telecho|telecho|B,0
2026-07-03 05:33:08,Korean Speed Baccarat 2,telecho|telecho|B,0
2026-07-03 05:42:31,Speed Baccarat 3,niconico|nikoichi|B,0
2026-07-03 05:44:05,Speed Baccarat 15,telecho|nikoichi|P,0
2026-07-03 05:44:37,Chinese Speed Baccarat 2,telecho|nikoichi|P,0
2026-07-03 05:48:24,Baccarat 2,niconico|nikoichi|B,1
2026-07-03 06:16:24,Thai Speed Baccarat 1,telecho|telecho|B,0
2026-07-03 06:32:22,Korean Baccarat 1,niconico|dragon|B,1
2026-07-03 06:51:25,Speed Baccarat 18,niconico|nikoichi|P,1
2026-07-03 06:52:44,Speed Baccarat 1,telecho|telecho|B,0
2026-07-03 06:54:00,Speed Baccarat 6,telecho|telecho|B,0
2026-07-03 06:57:48,Turbo Baccarat,niconico|nikoichi|B,0
2026-07-03 07:11:18,Turbo Baccarat,telecho|nikoichi|P,1
2026-07-03 07:20:23,Japanese Speed Baccarat 3,niconico|dragon|B,1
2026-07-03 07:24:40,Korean Speed Baccarat 3,telecho|nikoichi|P,0
2026-07-03 07:28:44,Speed Baccarat 13,telecho|nikoichi|P,0
2026-07-03 07:52:52,Speed Baccarat 13,telecho|telecho|B,0
2026-07-03 07:53:01,Speed Baccarat 11,telecho|telecho|B,1
2026-07-03 07:58:02,Speed Baccarat 8,niconico|dragon|B,0
2026-07-03 08:00:53,Baccarat 3,niconico|dragon|B,1
2026-07-03 08:01:21,Japanese Speed Baccarat 2,niconico|nikoichi|P,1
2026-07-03 08:08:56,Thai Speed Baccarat 1,telecho|nikoichi|P,1
2026-07-03 08:23:25,Indonesian Speed Baccarat 1,niconico|dragon|B,1
2026-07-03 08:30:58,Big Small Baccarat,telecho|telecho|B,1
2026-07-03 08:32:55,Fortune 6 Baccarat,sansan|telecho|P,1
2026-07-03 08:36:54,Chinese Speed Baccarat 3,niconico|dragon|B,1
2026-07-03 08:39:21,Korean Speed Baccarat 2,telecho|nikoichi|P,0
2026-07-03 08:49:48,Vietnamese Speed Baccarat 2,telecho|telecho|B,1
2026-07-03 08:54:27,Vietnamese Speed Baccarat 2,telecho|telecho|B,1
2026-07-03 09:00:08,Fortune 6 Baccarat,niconico|dragon|B,0
2026-07-03 09:00:33,Speed Baccarat 15,telecho|telecho|B,0
2026-07-03 09:02:49,Baccarat 6,niconico|dragon|B,0
2026-07-03 09:02:56,Chinese Speed Baccarat 3,telecho|telecho|B,1
2026-07-03 09:20:01,Vietnamese Speed Baccarat 3,telecho|telecho|B,1
2026-07-03 09:33:53,MEGA BACCARAT,niconico|nikoichi|P,1
2026-07-03 09:49:14,Speed Baccarat 2,niconico|nikoichi|B,1
2026-07-03 09:49:56,Speed Baccarat 2,telecho|nikoichi|P,1
2026-07-03 09:53:42,Japanese Speed Baccarat 1,telecho|nikoichi|P,0
2026-07-03 09:58:43,Baccarat 1,telecho|telecho|B,1
2026-07-03 10:04:48,Baccarat 1,telecho|telecho|B,0
2026-07-03 10:16:46,STAKE SPEED BACCARAT,telecho|telecho|B,1
2026-07-03 10:35:58,Chinese Speed Baccarat 1,telecho|nikoichi|P,1
2026-07-03 10:36:21,Thai Speed Baccarat 1,telecho|telecho|B,1
2026-07-03 10:38:55,MEGA BACCARAT,telecho|nikoichi|P,0
2026-07-03 10:42:16,Indonesian Speed Baccarat 2,telecho|telecho|B,0
2026-07-03 10:43:13,Speed Baccarat 9,telecho|telecho|B,1
2026-07-03 10:44:10,Vietnamese Speed Baccarat 3,telecho|nikoichi|P,1
2026-07-03 10:48:53,Speed Baccarat 9,telecho|telecho|B,0
2026-07-03 10:54:09,Speed Baccarat 13,telecho|telecho|B,0
2026-07-03 11:15:45,Vietnamese Speed Baccarat 3,niconico|dragon|B,0
2026-07-03 11:15:52,Baccarat 1,niconico|dragon|B,0
2026-07-03 11:24:16,Thai Baccarat 1,telecho|telecho|B,1
2026-07-03 11:24:47,Turbo Baccarat,sansan|telecho|P,1
2026-07-03 11:28:03,Japanese Speed Baccarat 2,telecho|telecho|B,1
2026-07-03 11:33:05,Chinese Speed Baccarat 3,telecho|telecho|B,1
2026-07-03 11:33:57,Amazing Baccarat,telecho|nikoichi|P,0
2026-07-03 11:35:01,Baccarat 5,telecho|nikoichi|P,0
2026-07-03 11:37:35,Chinese Speed Baccarat 3,sansan|telecho|P,0
2026-07-03 11:39:39,MEGA BACCARAT,telecho|nikoichi|P,0
2026-07-03 11:46:19,Big Small Baccarat,telecho|nikoichi|P,0
2026-07-03 12:18:03,Baccarat 3,telecho|telecho|B,0
2026-07-03 12:21:03,Speed Baccarat 15,telecho|telecho|B,0
2026-07-03 12:23:19,Thai Speed Baccarat 1,telecho|telecho|B,1
2026-07-03 12:24:27,Speed Baccarat 2,telecho|telecho|B,1
2026-07-03 12:24:53,Thai Speed Baccarat 1,telecho|telecho|B,0
2026-07-03 12:27:35,Turbo Baccarat,telecho|nikoichi|P,0
2026-07-03 12:32:41,Korean Turbo Baccarat 1,telecho|telecho|B,1
2026-07-03 12:34:40,Korean Turbo Baccarat 1,telecho|nikoichi|P,0
2026-07-03 12:48:26,Chinese Speed Baccarat 1,telecho|telecho|B,0
2026-07-03 12:52:18,Amazing Baccarat,telecho|telecho|B,0
2026-07-03 13:01:23,Thai Speed Baccarat 2,niconico|dragon|B,0
2026-07-03 13:05:02,Korean Speed Baccarat 5,telecho|telecho|B,1
2026-07-03 13:14:57,Speed Baccarat 2,telecho|nikoichi|P,0
2026-07-03 13:31:06,Speed Baccarat 16,telecho|nikoichi|P,1
2026-07-03 13:36:24,Speed Baccarat 12,telecho|nikoichi|P,0
2026-07-03 13:41:19,Turbo Baccarat,telecho|telecho|B,0
2026-07-03 13:41:54,Amazing Baccarat,telecho|nikoichi|P,1
2026-07-03 13:52:21,Vietnamese Speed Baccarat 3,telecho|telecho|B,1
2026-07-03 14:02:35,Thai Baccarat 1,telecho|telecho|B,0
2026-07-03 14:03:46,Speed Baccarat 12,telecho|telecho|B,1
2026-07-03 14:09:45,Speed Baccarat 5,niconico|dragon|B,0
2026-07-03 14:09:53,Japanese Speed Baccarat 2,telecho|telecho|B,0
2026-07-03 14:16:09,Amazing Baccarat,niconico|dragon|B,1
2026-07-03 14:20:45,Chinese Speed Baccarat 1,niconico|nikoichi|P,1
2026-07-03 14:35:41,Speed Baccarat 16,telecho|telecho|B,1
2026-07-03 14:41:41,Turbo Baccarat,niconico|nikoichi|B,0
2026-07-03 14:46:17,Baccarat 3,telecho|telecho|B,0
2026-07-03 14:47:57,Speed Baccarat 18,niconico|dragon|B,0
2026-07-03 14:48:28,HI LO BACCARAT,telecho|telecho|B,1
2026-07-03 15:27:29,Speed Baccarat 9,telecho|nikoichi|P,0
2026-07-03 15:30:20,Speed Baccarat 1,telecho|nikoichi|P,0
2026-07-03 15:32:56,Speed Baccarat 12,niconico|dragon|B,0
2026-07-03 15:38:13,Speed Baccarat 5,niconico|dragon|B,1
2026-07-03 15:42:17,Speed Baccarat 11,sansan|telecho|P,1
2026-07-03 15:48:26,Fortune 6 Baccarat,telecho|telecho|B,0
2026-07-03 15:52:34,Vietnamese Speed Baccarat 1,niconico|nikoichi|P,0
2026-07-03 16:04:16,Baccarat 3,telecho|nikoichi|P,0
2026-07-03 16:19:37,Korean Baccarat 2,sansan|telecho|P,1
2026-07-03 16:32:27,Speed Baccarat 9,telecho|nikoichi|P,0
2026-07-03 16:32:43,Amazing Baccarat,telecho|nikoichi|P,1
2026-07-03 16:35:11,Indonesian Speed Baccarat 2,niconico|dragon|B,1
2026-07-03 16:41:57,Baccarat 6,telecho|nikoichi|P,0
2026-07-03 16:48:11,Korean Baccarat 1,telecho|nikoichi|P,1
2026-07-03 16:50:32,Speed Baccarat 15,telecho|telecho|B,1
2026-07-03 17:03:16,Speed Baccarat 17,niconico|dragon|B,0
2026-07-03 17:21:27,Korean Speed Baccarat 2,telecho|nikoichi|P,0
2026-07-03 17:27:07,Speed Baccarat 9,niconico|dragon|B,0
2026-07-03 17:31:50,Thai Baccarat 1,telecho|nikoichi|P,0
2026-07-03 17:32:03,Vietnamese Speed Baccarat 1,niconico|dragon|B,0
2026-07-03 17:39:46,Speed Baccarat 13,telecho|nikoichi|P,0
2026-07-03 17:42:36,Speed Baccarat 18,telecho|nikoichi|P,0
2026-07-03 17:48:22,Korean Speed Baccarat 5,niconico|nikoichi|P,1
2026-07-03 17:56:33,Korean Speed Baccarat 2,telecho|nikoichi|P,0
2026-07-03 18:02:30,Speed Baccarat 3,niconico|dragon|B,1
2026-07-03 18:08:02,Vietnamese Speed Baccarat 2,telecho|telecho|B,1
2026-07-03 18:30:24,Speed Baccarat 1,telecho|telecho|B,0
2026-07-03 18:55:42,Thai Speed Baccarat 2,telecho|nikoichi|P,1
2026-07-03 19:00:07,Korean Turbo Baccarat 1,telecho|nikoichi|P,1
2026-07-03 19:20:14,Japanese Speed Baccarat 3,niconico|dragon|B,0
2026-07-03 19:48:15,Amazing Baccarat,telecho|telecho|B,1
2026-07-03 19:51:42,Japanese Speed Baccarat 3,telecho|telecho|B,0
2026-07-03 19:59:07,Speed Baccarat 12,niconico|dragon|B,1
2026-07-03 19:59:15,Baccarat 5,telecho|telecho|B,1
2026-07-03 20:05:03,Baccarat 5,telecho|telecho|B,0
2026-07-03 20:11:27,Indonesian Speed Baccarat 1,telecho|nikoichi|P,1
2026-07-03 20:19:21,Big Small Baccarat,niconico|dragon|B,0
2026-07-03 20:31:07,Speed Baccarat 6,niconico|nikoichi|P,1
2026-07-03 20:34:07,Speed Baccarat 3,niconico|dragon|B,0
2026-07-03 20:34:38,Amazing Baccarat,niconico|dragon|B,1
2026-07-03 20:38:55,Amazing Baccarat,telecho|telecho|B,0
2026-07-03 20:41:05,Amazing Baccarat,niconico|nikoichi|P,1
2026-07-03 20:55:38,Chinese Speed Baccarat 2,niconico|nikoichi|P,0
2026-07-03 21:09:26,MEGA BACCARAT,telecho|telecho|B,0
2026-07-03 21:26:32,Indonesian Speed Baccarat 2,telecho|nikoichi|P,0
2026-07-03 21:27:01,Speed Baccarat 17,telecho|telecho|B,0
2026-07-03 21:27:47,Baccarat 9,niconico|nikoichi|B,0
2026-07-03 21:29:23,Japanese Speed Baccarat 2,niconico|dragon|B,0
2026-07-03 21:32:13,Vietnamese Speed Baccarat 3,telecho|nikoichi|P,0
2026-07-03 21:33:35,Speed Baccarat 12,niconico|nikoichi|B,1
2026-07-03 21:46:08,MEGA BACCARAT,telecho|telecho|B,1
2026-07-03 21:51:42,Japanese Speed Baccarat 1,telecho|telecho|B,0
2026-07-03 21:59:52,Speed Baccarat 5,niconico|nikoichi|P,1
2026-07-03 22:04:28,Speed Baccarat 11,telecho|telecho|B,0
2026-07-03 22:19:09,Baccarat 6,telecho|nikoichi|P,0
2026-07-03 22:24:53,Speed Baccarat 6,telecho|telecho|B,1
2026-07-03 22:25:48,Turbo Baccarat,niconico|dragon|B,0
2026-07-03 22:36:03,Speed Baccarat 12,telecho|telecho|B,1
2026-07-03 22:41:27,Speed Baccarat 15,niconico|nikoichi|B,0
2026-07-03 22:43:28,STAKE SPEED BACCARAT,telecho|nikoichi|P,0
2026-07-03 22:49:37,Turbo Baccarat,niconico|dragon|B,1
2026-07-03 22:50:20,Korean Speed Baccarat 1,niconico|dragon|B,0
2026-07-03 22:52:19,Speed Baccarat 6,telecho|telecho|B,0
2026-07-03 22:58:33,Korean Speed Baccarat 3,telecho|telecho|B,0
2026-07-03 23:15:05,Korean Baccarat 2,niconico|nikoichi|B,1
2026-07-03 23:26:30,Japanese Speed Baccarat 1,telecho|telecho|B,0
2026-07-03 23:28:16,Indonesian Speed Baccarat 1,telecho|nikoichi|P,0
2026-07-03 23:33:59,Speed Baccarat 15,telecho|telecho|B,0
2026-07-03 23:47:07,Korean Speed Baccarat 1,niconico|nikoichi|B,0
2026-07-03 23:51:38,Super 8 Baccarat,niconico|nikoichi|P,0
2026-07-03 23:54:17,Speed Baccarat 16,niconico|dragon|B,1
2026-07-04 00:10:33,Baccarat 9,telecho|telecho|B,0
2026-07-04 00:27:49,Speed Baccarat 16,telecho|telecho|B,0
2026-07-04 00:34:26,Speed Baccarat 15,sansan|telecho|P,1
2026-07-04 00:35:57,STAKE SPEED BACCARAT,telecho|telecho|B,1
2026-07-04 00:45:14,Fortune 6 Baccarat,telecho|telecho|B,1
2026-07-04 00:54:51,Chinese Speed Baccarat 2,niconico|nikoichi|B,0
2026-07-04 00:58:42,Thai Speed Baccarat 1,telecho|telecho|B,0
2026-07-04 01:03:44,Speed Baccarat 2,telecho|telecho|B,0
2026-07-04 01:07:58,Chinese Speed Baccarat 3,telecho|telecho|B,0
2026-07-04 01:10:21,MEGA BACCARAT,telecho|telecho|B,0
2026-07-04 01:19:15,Baccarat 9,niconico|dragon|B,0
2026-07-04 01:22:30,Vietnamese Speed Baccarat 2,telecho|telecho|B,1
2026-07-04 01:47:16,Fortune 6 Baccarat,telecho|telecho|B,1
2026-07-04 01:47:52,Korean Baccarat 2,telecho|telecho|B,0
2026-07-04 01:51:17,Indonesian Speed Baccarat 2,telecho|telecho|B,0
2026-07-04 01:54:40,Vietnamese Speed Baccarat 1,telecho|telecho|B,0
2026-07-04 01:58:07,Thai Speed Baccarat 1,niconico|nikoichi|B,0
2026-07-04 02:00:32,Speed Baccarat 1,telecho|telecho|B,1
2026-07-04 02:12:31,Amazing Baccarat,niconico|nikoichi|P,1
2026-07-04 02:14:58,Speed Baccarat 8,niconico|dragon|B,0
2026-07-04 02:27:30,Baccarat 9,telecho|nikoichi|P,0
2026-07-04 02:48:21,Korean Speed Baccarat 1,telecho|telecho|B,1
2026-07-04 02:49:16,Amazing Baccarat,telecho|telecho|B,1
2026-07-04 02:54:02,Korean Turbo Baccarat 1,telecho|nikoichi|P,0
2026-07-04 03:01:45,Speed Baccarat 8,telecho|telecho|B,0
2026-07-04 03:02:21,Chinese Speed Baccarat 1,telecho|telecho|B,1
2026-07-04 03:03:15,Chinese Speed Baccarat 1,telecho|telecho|B,1
2026-07-04 03:04:18,Vietnamese Speed Baccarat 2,niconico|dragon|B,0
2026-07-04 03:04:25,Baccarat 1,telecho|nikoichi|P,1
2026-07-04 03:07:39,Vietnamese Speed Baccarat 2,telecho|telecho|B,0
2026-07-04 03:08:40,Speed Baccarat 16,niconico|nikoichi|B,0
2026-07-04 03:08:50,Big Small Baccarat,niconico|dragon|B,0
2026-07-04 03:09:53,Speed Baccarat 18,telecho|telecho|B,1
2026-07-04 03:22:05,Big Small Baccarat,niconico|dragon|B,0
2026-07-04 03:35:43,Vietnamese Speed Baccarat 2,telecho|telecho|B,0
2026-07-04 03:39:29,Speed Baccarat 5,telecho|telecho|B,0
2026-07-04 04:01:34,Baccarat 3,telecho|nikoichi|P,1
2026-07-04 04:03:40,Korean Turbo Baccarat 1,telecho|nikoichi|P,1
2026-07-04 04:06:00,Speed Baccarat 6,telecho|nikoichi|P,0
2026-07-04 04:06:08,Japanese Speed Baccarat 1,sansan|telecho|P,1
2026-07-04 04:06:47,Turbo Baccarat,telecho|telecho|B,1
2026-07-04 04:10:02,Baccarat 5,telecho|telecho|B,0
2026-07-04 04:20:15,Thai Speed Baccarat 1,telecho|nikoichi|P,0
2026-07-04 04:22:39,Thai Speed Baccarat 2,telecho|nikoichi|P,1
2026-07-04 04:25:06,Thai Speed Baccarat 1,telecho|nikoichi|P,0
2026-07-04 04:34:23,Japanese Speed Baccarat 1,telecho|telecho|B,1
2026-07-04 04:36:45,Speed Baccarat 1,niconico|dragon|B,1
2026-07-04 04:56:46,Big Small Baccarat,niconico|dragon|B,0
2026-07-04 04:59:37,Vietnamese Speed Baccarat 2,telecho|telecho|B,0
2026-07-04 05:00:41,Vietnamese Speed Baccarat 1,telecho|nikoichi|P,0
2026-07-04 05:19:53,Chinese Speed Baccarat 3,telecho|telecho|B,0
2026-07-04 05:27:46,Vietnamese Speed Baccarat 2,telecho|telecho|B,0
2026-07-04 05:32:56,Fortune 6 Baccarat,niconico|nikoichi|B,0
2026-07-04 05:45:01,Speed Baccarat 15,telecho|telecho|B,1
2026-07-04 05:49:26,Speed Baccarat 15,telecho|telecho|B,1
2026-07-04 05:51:05,Speed Baccarat 8,telecho|nikoichi|P,1
2026-07-04 05:51:11,Chinese Speed Baccarat 1,telecho|telecho|B,0
2026-07-04 06:03:52,Super 8 Baccarat,telecho|nikoichi|P,1
2026-07-04 06:08:30,Baccarat 1,telecho|telecho|B,1
2026-07-04 06:18:58,HI LO BACCARAT,niconico|nikoichi|B,0
2026-07-04 06:28:26,Thai Baccarat 1,telecho|nikoichi|P,0
2026-07-04 06:37:05,Baccarat 2,telecho|telecho|B,0
2026-07-04 06:48:54,HI LO BACCARAT,telecho|telecho|B,0
2026-07-04 07:25:01,Japanese Speed Baccarat 2,niconico|dragon|B,0
2026-07-04 07:34:25,MEGA BACCARAT,telecho|telecho|B,0
2026-07-04 07:46:18,Indonesian Speed Baccarat 1,niconico|dragon|B,0
2026-07-04 07:47:19,Baccarat 5,telecho|telecho|B,0
2026-07-04 07:48:18,Baccarat 2,telecho|nikoichi|P,1
2026-07-04 07:53:59,Speed Baccarat 13,niconico|dragon|B,1
2026-07-04 08:11:01,Korean Speed Baccarat 3,niconico|nikoichi|B,0
2026-07-04 08:18:31,Baccarat 3,telecho|telecho|B,1
2026-07-04 08:18:54,Baccarat 6,telecho|nikoichi|P,1
2026-07-04 08:23:31,Vietnamese Speed Baccarat 1,telecho|nikoichi|P,0
2026-07-04 08:30:07,Speed Baccarat 18,telecho|nikoichi|P,1
2026-07-04 08:32:14,Speed Baccarat 18,telecho|telecho|B,0
2026-07-04 08:32:43,Speed Baccarat 2,niconico|nikoichi|P,1
2026-07-04 08:33:33,STAKE SPEED BACCARAT,telecho|nikoichi|P,0
2026-07-04 08:46:15,Korean Speed Baccarat 2,telecho|telecho|B,1
2026-07-04 08:51:59,Speed Baccarat 13,niconico|dragon|B,1
2026-07-04 09:05:49,Korean Speed Baccarat 1,telecho|telecho|B,1
2026-07-04 09:17:51,Speed Baccarat 5,telecho|telecho|B,1
2026-07-04 09:24:08,Chinese Speed Baccarat 1,telecho|nikoichi|P,0
2026-07-04 09:32:48,Korean Speed Baccarat 1,niconico|nikoichi|B,1
2026-07-04 09:32:56,Japanese Speed Baccarat 1,telecho|telecho|B,0
2026-07-04 09:34:07,Korean Baccarat 1,niconico|dragon|B,1
2026-07-04 09:40:28,Korean Speed Baccarat 2,telecho|telecho|B,0
2026-07-04 09:51:25,Amazing Baccarat,telecho|telecho|B,1
2026-07-04 09:51:54,Vietnamese Speed Baccarat 1,telecho|telecho|B,1
2026-07-04 10:09:58,Chinese Speed Baccarat 1,niconico|dragon|B,0
2026-07-04 10:20:41,Speed Baccarat 9,telecho|nikoichi|P,1
2026-07-04 10:29:04,Thai Speed Baccarat 1,niconico|nikoichi|B,0
2026-07-04 10:39:41,Japanese Speed Baccarat 1,telecho|telecho|B,0
2026-07-04 10:40:18,Thai Speed Baccarat 2,telecho|telecho|B,1
2026-07-04 10:43:28,Amazing Baccarat,niconico|dragon|B,0
2026-07-04 11:09:01,Indonesian Speed Baccarat 1,telecho|telecho|B,0
2026-07-04 11:24:43,Korean Baccarat 2,niconico|nikoichi|P,1
2026-07-04 11:36:04,Baccarat 1,telecho|telecho|B,0
2026-07-04 11:48:44,Vietnamese Speed Baccarat 1,telecho|nikoichi|P,0
2026-07-04 12:03:06,Vietnamese Speed Baccarat 3,telecho|telecho|B,0
2026-07-04 12:08:42,Korean Turbo Baccarat 1,telecho|nikoichi|P,0
2026-07-04 12:30:53,Vietnamese Speed Baccarat 1,niconico|nikoichi|P,0
2026-07-04 12:32:51,Korean Turbo Baccarat 1,telecho|telecho|B,0
2026-07-04 12:41:50,Indonesian Speed Baccarat 1,niconico|dragon|B,0
2026-07-04 12:43:49,Speed Baccarat 13,telecho|nikoichi|P,0
2026-07-04 12:48:25,Chinese Speed Baccarat 3,telecho|telecho|B,0
2026-07-04 12:53:31,Indonesian Speed Baccarat 2,telecho|telecho|B,0
2026-07-04 12:57:40,Turbo Baccarat,niconico|dragon|B,0
2026-07-04 13:10:54,Korean Speed Baccarat 5,telecho|telecho|B,0
2026-07-04 13:15:19,Speed Baccarat 5,telecho|telecho|B,0
2026-07-04 13:26:28,Speed Baccarat 18,telecho|telecho|B,1
2026-07-04 13:49:51,Japanese Speed Baccarat 2,telecho|nikoichi|P,1
2026-07-04 13:55:05,Fortune 6 Baccarat,niconico|dragon|B,0
2026-07-04 13:55:48,Baccarat 1,telecho|nikoichi|P,1
2026-07-04 14:02:15,Speed Baccarat 9,telecho|telecho|B,0
2026-07-04 14:06:05,Big Small Baccarat,telecho|telecho|B,1
2026-07-04 14:07:17,Speed Baccarat 11,telecho|telecho|B,0
2026-07-04 14:08:08,Vietnamese Speed Baccarat 3,niconico|nikoichi|P,1
2026-07-04 14:27:02,Baccarat 9,telecho|nikoichi|P,0
2026-07-04 14:28:13,Vietnamese Speed Baccarat 2,niconico|nikoichi|P,0
2026-07-04 14:40:50,Big Small Baccarat,niconico|dragon|B,1
2026-07-04 14:46:05,Chinese Speed Baccarat 3,niconico|nikoichi|P,0
2026-07-04 14:49:18,Baccarat 7,telecho|telecho|B,0
2026-07-04 15:06:31,Speed Baccarat 16,telecho|telecho|B,1
2026-07-04 15:36:04,Vietnamese Speed Baccarat 2,telecho|telecho|B,0
2026-07-04 16:06:56,Baccarat 1,niconico|dragon|B,1
2026-07-04 16:07:10,Thai Speed Baccarat 1,niconico|nikoichi|B,1
2026-07-04 16:07:27,Baccarat 1,niconico|dragon|B,0
2026-07-04 16:07:48,Baccarat 2,telecho|telecho|B,1
2026-07-04 16:10:00,Chinese Speed Baccarat 2,niconico|dragon|B,1
2026-07-04 16:10:23,Amazing Baccarat,telecho|nikoichi|P,0
2026-07-04 16:14:18,Big Small Baccarat,niconico|dragon|B,0
2026-07-04 16:15:05,Korean Speed Baccarat 5,niconico|dragon|B,1
2026-07-04 16:16:17,Super 8 Baccarat,telecho|nikoichi|P,0
2026-07-04 16:18:55,Speed Baccarat 6,telecho|telecho|B,0
2026-07-04 16:20:12,Thai Baccarat 1,telecho|telecho|B,1
2026-07-04 16:24:25,Speed Baccarat 12,telecho|telecho|B,1
2026-07-04 16:30:53,Baccarat 6,telecho|telecho|B,1
2026-07-04 16:33:27,Vietnamese Speed Baccarat 1,sansan|telecho|P,1
2026-07-04 16:37:03,Vietnamese Speed Baccarat 2,niconico|dragon|B,0
2026-07-04 16:38:39,Thai Speed Baccarat 1,niconico|dragon|B,0
2026-07-04 16:43:17,Speed Baccarat 13,telecho|telecho|B,1
2026-07-04 16:47:57,Speed Baccarat 13,telecho|telecho|B,1
2026-07-04 16:49:58,Fortune 6 Baccarat,telecho|telecho|B,1
2026-07-04 16:59:02,Speed Baccarat 18,telecho|telecho|B,0
2026-07-04 17:14:27,Japanese Speed Baccarat 2,telecho|nikoichi|P,0
2026-07-04 17:14:43,Big Small Baccarat,niconico|dragon|B,0
2026-07-04 17:15:37,Korean Speed Baccarat 2,telecho|nikoichi|P,0
2026-07-04 17:19:15,Japanese Speed Baccarat 2,telecho|nikoichi|P,0
2026-07-04 17:20:44,Speed Baccarat 6,sansan|telecho|P,1
2026-07-04 17:40:37,Fortune 6 Baccarat,telecho|nikoichi|P,0
2026-07-04 18:04:56,Speed Baccarat 5,telecho|nikoichi|P,0
2026-07-04 18:10:22,Thai Speed Baccarat 2,telecho|telecho|B,1
2026-07-04 18:13:59,Korean Speed Baccarat 5,telecho|nikoichi|P,0
2026-07-04 18:23:35,Super 8 Baccarat,telecho|telecho|B,1
2026-07-04 18:24:01,Baccarat 9,telecho|nikoichi|P,1
2026-07-04 18:25:54,Baccarat 9,niconico|nikoichi|P,0
2026-07-04 18:27:24,Speed Baccarat 13,telecho|telecho|B,1
2026-07-04 18:29:49,HI LO BACCARAT,telecho|telecho|B,0
2026-07-04 18:37:42,Thai Speed Baccarat 2,telecho|telecho|B,0
2026-07-04 18:53:55,Korean Turbo Baccarat 1,niconico|dragon|B,1
2026-07-04 19:07:59,Baccarat 7,niconico|nikoichi|P,1
2026-07-04 19:15:59,Vietnamese Speed Baccarat 1,niconico|dragon|B,1
2026-07-04 19:41:37,Baccarat 5,telecho|telecho|B,1
2026-07-04 19:43:08,Baccarat 5,telecho|telecho|B,0
2026-07-04 19:47:01,STAKE SPEED BACCARAT,telecho|nikoichi|P,1
2026-07-04 19:48:28,Chinese Speed Baccarat 2,niconico|nikoichi|B,0
2026-07-04 20:06:31,Turbo Baccarat,niconico|nikoichi|P,1
2026-07-04 20:09:49,Chinese Speed Baccarat 1,telecho|telecho|B,1
2026-07-04 20:11:38,Indonesian Speed Baccarat 2,niconico|nikoichi|B,0
2026-07-04 20:19:12,Japanese Speed Baccarat 2,telecho|telecho|B,1
2026-07-04 20:19:22,Baccarat 7,telecho|nikoichi|P,1
2026-07-04 20:28:54,Korean Turbo Baccarat 1,niconico|nikoichi|P,1
2026-07-04 20:35:49,Speed Baccarat 11,telecho|telecho|B,0
2026-07-04 20:40:10,Korean Baccarat 1,niconico|nikoichi|P,0
2026-07-04 20:47:00,Turbo Baccarat,telecho|nikoichi|P,0
2026-07-04 20:52:19,Korean Turbo Baccarat 1,telecho|telecho|B,0
2026-07-04 21:11:33,Korean Baccarat 2,telecho|nikoichi|P,1
2026-07-04 21:12:31,Turbo Baccarat,telecho|nikoichi|P,1
2026-07-04 21:12:54,Korean Speed Baccarat 1,niconico|nikoichi|P,0
2026-07-04 21:24:18,Vietnamese Speed Baccarat 2,niconico|dragon|B,0
2026-07-04 21:47:41,Chinese Speed Baccarat 3,telecho|telecho|B,0
2026-07-04 21:47:52,STAKE SPEED BACCARAT,niconico|dragon|B,1
2026-07-04 21:47:59,Vietnamese Speed Baccarat 2,telecho|telecho|B,0
2026-07-04 21:55:54,Korean Speed Baccarat 2,niconico|dragon|B,0
2026-07-04 21:56:59,Speed Baccarat 3,telecho|telecho|B,0
2026-07-04 21:57:23,Vietnamese Speed Baccarat 3,telecho|telecho|B,0
2026-07-04 22:00:25,Speed Baccarat 3,niconico|nikoichi|B,0
2026-07-04 22:26:53,Speed Baccarat 15,niconico|dragon|B,0
2026-07-04 22:43:33,Korean Speed Baccarat 1,niconico|nikoichi|P,1
2026-07-04 22:56:16,Super 8 Baccarat,telecho|telecho|B,1
2026-07-04 23:03:20,Korean Baccarat 2,telecho|telecho|B,0
2026-07-04 23:05:38,Speed Baccarat 11,telecho|telecho|B,1
2026-07-04 23:14:58,Chinese Speed Baccarat 1,niconico|nikoichi|P,0
2026-07-04 23:16:26,Speed Baccarat 13,niconico|nikoichi|P,1
2026-07-04 23:16:47,Speed Baccarat 13,niconico|nikoichi|B,1
2026-07-04 23:25:53,Korean Speed Baccarat 2,niconico|dragon|B,1
2026-07-04 23:30:48,Speed Baccarat 3,niconico|dragon|B,0
2026-07-04 23:31:39,Japanese Speed Baccarat 3,telecho|nikoichi|P,0
2026-07-04 23:38:51,Korean Turbo Baccarat 1,niconico|dragon|B,0
2026-07-05 00:01:32,Thai Speed Baccarat 2,telecho|nikoichi|P,0
2026-07-05 00:02:44,Speed Baccarat 11,niconico|dragon|B,1
2026-07-05 00:10:16,Baccarat 5,telecho|nikoichi|P,1
2026-07-05 00:10:24,Indonesian Speed Baccarat 2,niconico|dragon|B,0
2026-07-05 00:13:56,Vietnamese Speed Baccarat 1,telecho|nikoichi|P,0
2026-07-05 00:24:16,Chinese Speed Baccarat 3,niconico|nikoichi|P,1
2026-07-05 00:28:02,Super 8 Baccarat,telecho|nikoichi|P,1
2026-07-05 00:29:30,Chinese Speed Baccarat 3,niconico|dragon|B,0
2026-07-05 00:32:23,Super 8 Baccarat,telecho|nikoichi|P,1
2026-07-05 00:35:15,Speed Baccarat 8,telecho|telecho|B,0
2026-07-05 00:36:01,Speed Baccarat 6,telecho|nikoichi|P,1
2026-07-05 00:41:42,Amazing Baccarat,telecho|nikoichi|P,0
2026-07-05 00:46:13,STAKE SPEED BACCARAT,telecho|telecho|B,1
2026-07-05 00:51:34,Baccarat 9,telecho|telecho|B,0
2026-07-05 00:58:14,Korean Baccarat 2,niconico|dragon|B,1
2026-07-05 01:06:48,Vietnamese Speed Baccarat 3,niconico|nikoichi|B,0
2026-07-05 01:10:18,Speed Baccarat 1,niconico|dragon|B,0
2026-07-05 01:11:37,Speed Baccarat 6,niconico|dragon|B,0
2026-07-05 01:14:33,Indonesian Speed Baccarat 2,telecho|telecho|B,1
2026-07-05 01:16:03,Vietnamese Speed Baccarat 1,telecho|telecho|B,1
2026-07-05 01:16:43,Speed Baccarat 12,telecho|telecho|B,0
2026-07-05 01:17:48,Speed Baccarat 5,niconico|nikoichi|P,0
2026-07-05 01:21:14,Korean Speed Baccarat 3,telecho|telecho|B,0
2026-07-05 01:50:41,Speed Baccarat 16,niconico|nikoichi|B,1
2026-07-05 01:53:31,Japanese Speed Baccarat 1,telecho|telecho|B,0
2026-07-05 02:05:35,Speed Baccarat 6,telecho|nikoichi|P,1
2026-07-05 02:14:01,Korean Turbo Baccarat 1,telecho|nikoichi|P,0
2026-07-05 02:15:36,Speed Baccarat 18,niconico|dragon|B,0
2026-07-05 02:25:22,Korean Speed Baccarat 3,niconico|dragon|B,1
2026-07-05 02:26:03,Japanese Speed Baccarat 1,telecho|telecho|B,0
2026-07-05 02:29:46,Thai Speed Baccarat 2,telecho|nikoichi|P,0
2026-07-05 02:45:22,STAKE SPEED BACCARAT,niconico|dragon|B,1
2026-07-05 02:47:14,Fortune 6 Baccarat,telecho|nikoichi|P,0
2026-07-05 02:47:34,Chinese Speed Baccarat 2,niconico|nikoichi|B,0
2026-07-05 02:58:33,Speed Baccarat 3,telecho|telecho|B,0
2026-07-05 03:12:49,Speed Baccarat 12,telecho|telecho|B,0
2026-07-05 03:13:18,Baccarat 5,niconico|nikoichi|P,1
2026-07-05 03:13:50,Baccarat 5,niconico|nikoichi|B,0
2026-07-05 03:14:09,Big Small Baccarat,niconico|nikoichi|P,1
2026-07-05 03:20:59,Baccarat 5,niconico|nikoichi|P,0
2026-07-05 03:26:50,Korean Speed Baccarat 5,telecho|nikoichi|P,1
2026-07-05 03:28:06,Korean Speed Baccarat 1,niconico|dragon|B,0
2026-07-05 03:31:51,Speed Baccarat 18,niconico|dragon|B,1
2026-07-05 03:35:13,Speed Baccarat 8,telecho|telecho|B,0
2026-07-05 03:37:04,Turbo Baccarat,telecho|telecho|B,1
2026-07-05 03:56:37,Speed Baccarat 5,telecho|nikoichi|P,1
2026-07-05 04:04:08,Korean Speed Baccarat 2,niconico|dragon|B,1
2026-07-05 04:05:22,Speed Baccarat 12,telecho|telecho|B,0
2026-07-05 04:22:42,Japanese Speed Baccarat 1,telecho|nikoichi|P,1
2026-07-05 04:24:39,Speed Baccarat 11,telecho|telecho|B,1
2026-07-05 04:25:36,Japanese Speed Baccarat 1,niconico|dragon|B,1
2026-07-05 04:27:54,Speed Baccarat 9,telecho|telecho|B,0
2026-07-05 04:37:23,STAKE SPEED BACCARAT,telecho|nikoichi|P,0
2026-07-05 04:44:07,Turbo Baccarat,niconico|nikoichi|P,0
2026-07-05 04:46:09,Speed Baccarat 1,niconico|nikoichi|B,0
2026-07-05 05:05:36,Korean Speed Baccarat 2,niconico|nikoichi|B,1
2026-07-05 05:26:35,Turbo Baccarat,telecho|telecho|B,0
2026-07-05 05:39:04,STAKE SPEED BACCARAT,telecho|telecho|B,1
2026-07-05 06:05:45,Speed Baccarat 12,telecho|telecho|B,1
2026-07-05 06:06:34,Speed Baccarat 12,telecho|telecho|B,0
2026-07-05 06:07:14,Speed Baccarat 13,telecho|telecho|B,1
2026-07-05 06:09:40,Speed Baccarat 13,telecho|nikoichi|P,0
2026-07-05 06:14:53,Chinese Speed Baccarat 2,telecho|telecho|B,1
2026-07-05 06:16:18,Turbo Baccarat,niconico|nikoichi|P,0
2026-07-05 06:20:54,Japanese Speed Baccarat 1,telecho|telecho|B,1
2026-07-05 06:21:14,Baccarat 5,niconico|dragon|B,1
2026-07-05 06:26:39,Speed Baccarat 6,niconico|dragon|B,0
2026-07-05 06:30:18,Korean Speed Baccarat 3,telecho|telecho|B,1
2026-07-05 06:47:03,Korean Baccarat 2,niconico|dragon|B,0
2026-07-05 06:54:35,Chinese Speed Baccarat 1,niconico|nikoichi|P,1
2026-07-05 07:03:40,Korean Speed Baccarat 5,telecho|nikoichi|P,1
2026-07-05 07:05:20,Speed Baccarat 3,niconico|dragon|B,1
2026-07-05 07:12:25,Speed Baccarat 12,niconico|dragon|B,1
2026-07-05 07:27:05,Turbo Baccarat,sansan|telecho|P,1
2026-07-05 07:37:57,Turbo Baccarat,telecho|telecho|B,1
2026-07-05 07:38:15,Amazing Baccarat,telecho|telecho|B,1
2026-07-05 07:40:21,Korean Baccarat 1,niconico|dragon|B,0
2026-07-05 07:40:33,Chinese Speed Baccarat 1,niconico|nikoichi|P,1
2026-07-05 07:42:17,Thai Baccarat 1,telecho|telecho|B,1
2026-07-05 07:52:34,Speed Baccarat 5,telecho|telecho|B,1
2026-07-05 07:52:44,Chinese Speed Baccarat 2,telecho|telecho|B,1
2026-07-05 07:52:57,Speed Baccarat 5,sansan|telecho|P,1
2026-07-05 08:17:33,Japanese Speed Baccarat 2,telecho|telecho|B,1
2026-07-05 08:37:35,Speed Baccarat 12,telecho|telecho|B,0
2026-07-05 08:50:48,Korean Baccarat 1,telecho|telecho|B,0
2026-07-05 08:59:31,Speed Baccarat 9,niconico|nikoichi|P,1
2026-07-05 09:01:43,Korean Speed Baccarat 3,telecho|telecho|B,0
2026-07-05 09:04:28,STAKE SPEED BACCARAT,telecho|telecho|B,1
2026-07-05 09:09:49,Speed Baccarat 11,niconico|nikoichi|P,0
2026-07-05 09:13:59,Super 8 Baccarat,niconico|dragon|B,0
2026-07-05 09:32:08,Speed Baccarat 18,telecho|telecho|B,1
2026-07-05 09:34:27,Speed Baccarat 18,telecho|nikoichi|P,0
2026-07-05 09:43:52,Vietnamese Speed Baccarat 1,telecho|nikoichi|P,0
2026-07-05 09:54:38,Baccarat 6,telecho|nikoichi|P,1
2026-07-05 10:02:46,Super 8 Baccarat,telecho|telecho|B,1
2026-07-05 10:02:53,Japanese Speed Baccarat 3,telecho|telecho|B,1
2026-07-05 10:03:05,Fortune 6 Baccarat,niconico|nikoichi|B,0
2026-07-05 10:05:22,Speed Baccarat 15,telecho|telecho|B,1
2026-07-05 10:13:05,Korean Turbo Baccarat 1,niconico|dragon|B,1
2026-07-05 10:19:36,Speed Baccarat 6,telecho|telecho|B,0
2026-07-05 10:33:30,Baccarat 2,sansan|telecho|P,1
2026-07-05 10:38:15,Speed Baccarat 3,telecho|telecho|B,1
2026-07-05 10:40:28,Speed Baccarat 3,telecho|nikoichi|P,1
2026-07-05 10:49:30,Korean Baccarat 1,telecho|nikoichi|P,0
2026-07-05 10:51:29,Big Small Baccarat,telecho|nikoichi|P,0
2026-07-05 11:01:46,Baccarat 5,telecho|telecho|B,1
2026-07-05 11:05:58,Thai Speed Baccarat 2,telecho|nikoichi|P,1
2026-07-05 11:24:17,Speed Baccarat 6,telecho|nikoichi|P,1
2026-07-05 11:28:02,Speed Baccarat 2,telecho|telecho|B,0
2026-07-05 11:28:09,STAKE SPEED BACCARAT,telecho|telecho|B,0
2026-07-05 11:32:29,Speed Baccarat 3,telecho|nikoichi|P,1
2026-07-05 11:33:13,Korean Speed Baccarat 3,niconico|dragon|B,1
2026-07-05 11:43:30,Korean Speed Baccarat 5,telecho|nikoichi|P,0
2026-07-05 11:51:36,Korean Speed Baccarat 2,telecho|nikoichi|P,0
2026-07-05 11:56:53,Korean Speed Baccarat 1,telecho|telecho|B,0
2026-07-05 12:04:14,Turbo Baccarat,sansan|telecho|P,0
2026-07-05 12:17:22,Thai Speed Baccarat 1,telecho|telecho|B,0
2026-07-05 12:21:13,Indonesian Speed Baccarat 2,niconico|nikoichi|B,1
2026-07-05 12:21:35,Baccarat 2,niconico|dragon|B,0
2026-07-05 12:28:29,Korean Speed Baccarat 1,telecho|telecho|B,0
2026-07-05 12:30:43,Vietnamese Speed Baccarat 2,niconico|nikoichi|P,1
2026-07-05 12:33:18,Chinese Speed Baccarat 1,niconico|dragon|B,1
2026-07-05 12:41:40,Vietnamese Speed Baccarat 3,niconico|dragon|B,1
2026-07-05 12:43:37,Speed Baccarat 13,telecho|telecho|B,0
2026-07-05 12:51:42,Vietnamese Speed Baccarat 3,niconico|nikoichi|B,1
2026-07-05 12:57:24,Speed Baccarat 2,telecho|telecho|B,1
2026-07-05 13:03:04,Speed Baccarat 15,telecho|telecho|B,0
2026-07-05 13:03:58,Japanese Speed Baccarat 2,telecho|telecho|B,1
2026-07-05 13:04:22,Korean Baccarat 1,telecho|telecho|B,1
2026-07-05 13:04:45,Korean Speed Baccarat 2,niconico|dragon|B,1
2026-07-05 13:07:53,Speed Baccarat 3,niconico|nikoichi|P,0
2026-07-05 13:16:03,Speed Baccarat 8,niconico|nikoichi|P,0
2026-07-05 13:18:18,Speed Baccarat 5,telecho|telecho|B,1
2026-07-05 13:42:13,Speed Baccarat 12,niconico|dragon|B,0
2026-07-05 14:07:46,Korean Speed Baccarat 2,telecho|nikoichi|P,1
2026-07-05 14:20:47,Turbo Baccarat,telecho|nikoichi|P,0
2026-07-05 14:30:05,Chinese Speed Baccarat 1,telecho|telecho|B,1
2026-07-05 14:51:10,Chinese Speed Baccarat 3,telecho|nikoichi|P,0
2026-07-05 15:03:26,Thai Baccarat 1,telecho|nikoichi|P,1
2026-07-05 15:13:41,Baccarat 5,niconico|dragon|B,0
2026-07-05 15:14:02,Super 8 Baccarat,telecho|telecho|B,0
2026-07-05 15:17:46,Chinese Speed Baccarat 2,telecho|telecho|B,1
2026-07-05 15:24:27,Speed Baccarat 18,niconico|dragon|B,1
2026-07-05 15:25:30,Indonesian Speed Baccarat 1,telecho|telecho|B,1
2026-07-05 15:38:39,Baccarat 7,telecho|nikoichi|P,0
2026-07-05 15:40:00,Korean Speed Baccarat 5,niconico|dragon|B,0
2026-07-05 15:41:23,Thai Baccarat 1,telecho|telecho|B,1
2026-07-05 15:48:49,Japanese Speed Baccarat 2,niconico|dragon|B,1
2026-07-05 15:53:11,STAKE SPEED BACCARAT,niconico|nikoichi|P,0
2026-07-05 15:54:07,Japanese Speed Baccarat 1,telecho|nikoichi|P,0
2026-07-05 16:10:56,Baccarat 6,telecho|telecho|B,0
2026-07-05 16:11:13,Speed Baccarat 9,niconico|nikoichi|B,0
2026-07-05 16:17:21,Fortune 6 Baccarat,telecho|telecho|B,0
2026-07-05 16:42:50,Korean Turbo Baccarat 1,telecho|telecho|B,0
2026-07-05 16:43:42,Fortune 6 Baccarat,niconico|dragon|B,1
2026-07-05 16:45:53,Speed Baccarat 5,telecho|telecho|B,0
2026-07-05 16:52:33,Korean Speed Baccarat 1,telecho|nikoichi|P,1
2026-07-05 16:54:02,Indonesian Speed Baccarat 1,telecho|telecho|B,0
2026-07-05 16:54:16,Super 8 Baccarat,telecho|nikoichi|P,0
2026-07-05 16:58:30,Super 8 Baccarat,sansan|telecho|P,0
2026-07-05 16:58:37,Japanese Speed Baccarat 1,niconico|dragon|B,1
2026-07-05 17:00:40,HI LO BACCARAT,telecho|telecho|B,0
2026-07-05 17:04:24,Turbo Baccarat,telecho|nikoichi|P,1
2026-07-05 17:06:29,Speed Baccarat 13,niconico|nikoichi|B,1
2026-07-05 17:08:54,Korean Speed Baccarat 5,telecho|nikoichi|P,0
2026-07-05 17:13:18,Speed Baccarat 1,telecho|telecho|B,0
2026-07-05 17:16:28,Vietnamese Speed Baccarat 3,niconico|dragon|B,0
2026-07-05 17:17:37,Baccarat 9,niconico|nikoichi|P,1
2026-07-05 17:19:15,Baccarat 2,niconico|nikoichi|P,1
2026-07-05 18:07:12,Super 8 Baccarat,niconico|dragon|B,0
2026-07-05 18:07:40,Turbo Baccarat,telecho|nikoichi|P,0
2026-07-05 18:08:16,Korean Baccarat 1,telecho|telecho|B,1
2026-07-05 18:11:20,Baccarat 9,niconico|nikoichi|B,0
2026-07-05 18:17:20,Speed Baccarat 11,telecho|nikoichi|P,0
2026-07-05 18:20:30,Big Small Baccarat,telecho|telecho|B,1
2026-07-05 18:26:03,STAKE SPEED BACCARAT,telecho|nikoichi|P,1
2026-07-05 18:30:36,Super 8 Baccarat,telecho|telecho|B,0
2026-07-05 18:35:16,Speed Baccarat 3,telecho|telecho|B,0
2026-07-05 18:40:08,Vietnamese Speed Baccarat 2,telecho|nikoichi|P,1
2026-07-05 18:41:57,Speed Baccarat 9,telecho|nikoichi|P,1
2026-07-05 18:42:56,Korean Speed Baccarat 5,telecho|nikoichi|P,0
2026-07-05 18:47:51,Speed Baccarat 18,telecho|telecho|B,1
2026-07-05 19:00:36,Baccarat 9,telecho|telecho|B,1
2026-07-05 19:01:44,Amazing Baccarat,telecho|telecho|B,0
2026-07-05 19:18:11,Korean Speed Baccarat 5,niconico|dragon|B,0
2026-07-05 19:22:22,Speed Baccarat 8,sansan|telecho|P,1
2026-07-05 19:24:28,Baccarat 1,niconico|nikoichi|P,0
2026-07-05 19:26:10,Korean Speed Baccarat 2,telecho|telecho|B,1
2026-07-05 19:27:37,Big Small Baccarat,telecho|telecho|B,1
2026-07-05 19:34:59,Korean Speed Baccarat 2,telecho|nikoichi|P,0
2026-07-05 19:45:30,Speed Baccarat 18,niconico|dragon|B,1
2026-07-05 19:51:18,Baccarat 7,niconico|nikoichi|B,0
2026-07-05 19:58:24,Thai Speed Baccarat 1,telecho|nikoichi|P,0
2026-07-05 20:06:03,Vietnamese Speed Baccarat 1,telecho|telecho|B,1
2026-07-05 20:14:38,Speed Baccarat 5,telecho|telecho|B,1
2026-07-05 20:15:24,Chinese Speed Baccarat 2,telecho|telecho|B,0
2026-07-05 20:31:55,Speed Baccarat 17,telecho|nikoichi|P,0
2026-07-05 20:34:08,Chinese Speed Baccarat 1,niconico|nikoichi|B,0
2026-07-05 20:34:53,Baccarat 6,sansan|telecho|P,0
2026-07-05 20:39:50,MEGA BACCARAT,niconico|dragon|B,0
2026-07-05 21:01:47,Speed Baccarat 17,telecho|telecho|B,0
2026-07-05 21:11:21,Vietnamese Speed Baccarat 1,telecho|nikoichi|P,0
2026-07-05 21:17:20,Baccarat 1,sansan|telecho|P,1
2026-07-05 21:17:47,Japanese Speed Baccarat 2,telecho|telecho|B,1
2026-07-05 21:22:49,Chinese Speed Baccarat 2,niconico|nikoichi|P,0
2026-07-05 21:31:34,Big Small Baccarat,telecho|telecho|B,1
2026-07-05 21:54:23,Baccarat 1,sansan|telecho|P,1
2026-07-05 21:59:18,Turbo Baccarat,telecho|telecho|B,1
2026-07-05 22:21:53,Speed Baccarat 9,telecho|telecho|B,0
2026-07-05 22:28:50,STAKE SPEED BACCARAT,telecho|nikoichi|P,0
2026-07-05 22:31:33,Speed Baccarat 3,niconico|dragon|B,1
2026-07-05 22:37:50,Speed Baccarat 15,niconico|nikoichi|P,1
2026-07-05 22:41:05,Speed Baccarat 18,niconico|nikoichi|P,0
2026-07-05 22:46:12,Indonesian Speed Baccarat 1,telecho|nikoichi|P,0
2026-07-05 22:49:14,Thai Baccarat 1,niconico|dragon|B,0
2026-07-05 22:51:14,Korean Turbo Baccarat 1,telecho|telecho|B,1
2026-07-05 22:54:06,HI LO BACCARAT,telecho|telecho|B,1
2026-07-05 22:54:23,Indonesian Speed Baccarat 2,telecho|telecho|B,1
2026-07-05 23:04:23,Japanese Speed Baccarat 1,niconico|dragon|B,1
2026-07-05 23:14:23,Speed Baccarat 11,sansan|telecho|P,1
2026-07-05 23:15:35,Chinese Speed Baccarat 3,niconico|dragon|B,0
2026-07-05 23:20:41,Baccarat 5,telecho|telecho|B,0
2026-07-05 23:22:55,Speed Baccarat 12,telecho|nikoichi|P,1
2026-07-05 23:24:38,Chinese Speed Baccarat 3,telecho|telecho|B,0
2026-07-05 23:27:23,Fortune 6 Baccarat,telecho|telecho|B,1
2026-07-05 23:27:52,Speed Baccarat 3,telecho|telecho|B,0
2026-07-05 23:44:48,Speed Baccarat 12,niconico|dragon|B,1
2026-07-05 23:48:31,Chinese Speed Baccarat 2,telecho|telecho|B,0
2026-07-05 23:56:55,Speed Baccarat 3,telecho|nikoichi|P,0
2026-07-05 23:57:39,Korean Speed Baccarat 3,telecho|telecho|B,1
2026-07-05 23:58:56,Speed Baccarat 3,niconico|nikoichi|B,0
2026-07-06 00:04:42,Korean Speed Baccarat 2,sansan|telecho|P,1
2026-07-06 00:05:38,HI LO BACCARAT,telecho|telecho|B,1
2026-07-06 00:13:27,Chinese Speed Baccarat 2,telecho|nikoichi|P,0
2026-07-06 00:15:39,Turbo Baccarat,telecho|telecho|B,0
2026-07-06 00:29:54,Korean Speed Baccarat 2,telecho|telecho|B,0
2026-07-06 00:36:08,Chinese Speed Baccarat 1,niconico|dragon|B,0
2026-07-06 00:38:15,Indonesian Speed Baccarat 1,telecho|telecho|B,0
2026-07-06 00:41:52,Amazing Baccarat,telecho|telecho|B,1
2026-07-06 00:48:12,Korean Turbo Baccarat 1,telecho|nikoichi|P,1
2026-07-06 00:59:35,Korean Speed Baccarat 2,telecho|telecho|B,0
2026-07-06 01:00:10,Fortune 6 Baccarat,telecho|telecho|B,0
2026-07-06 01:03:48,Speed Baccarat 9,telecho|nikoichi|P,0
2026-07-06 01:07:48,STAKE SPEED BACCARAT,niconico|dragon|B,1
2026-07-06 01:33:11,STAKE SPEED BACCARAT,telecho|nikoichi|P,0
2026-07-06 01:34:33,Korean Speed Baccarat 5,niconico|dragon|B,0
2026-07-06 01:36:22,Big Small Baccarat,telecho|nikoichi|P,1
2026-07-06 01:43:17,Super 8 Baccarat,telecho|telecho|B,0
2026-07-06 01:54:01,Speed Baccarat 16,niconico|dragon|B,1
2026-07-06 02:01:29,Big Small Baccarat,telecho|telecho|B,1
2026-07-06 02:07:34,Indonesian Speed Baccarat 1,niconico|nikoichi|P,1
2026-07-06 02:25:58,Fortune 6 Baccarat,telecho|telecho|B,1
2026-07-06 02:32:58,Big Small Baccarat,telecho|telecho|B,1
2026-07-06 02:49:34,Super 8 Baccarat,telecho|telecho|B,0
2026-07-06 02:59:40,Korean Speed Baccarat 1,niconico|dragon|B,0
2026-07-06 03:01:00,Japanese Speed Baccarat 3,telecho|telecho|B,0
2026-07-06 03:07:01,Indonesian Speed Baccarat 1,niconico|nikoichi|B,0
2026-07-06 03:09:03,Speed Baccarat 2,niconico|dragon|B,0
2026-07-06 03:11:40,Korean Speed Baccarat 2,niconico|dragon|B,1
2026-07-06 03:39:31,STAKE SPEED BACCARAT,telecho|telecho|B,0
2026-07-06 03:40:29,Speed Baccarat 8,telecho|nikoichi|P,1
2026-07-06 03:50:02,Thai Speed Baccarat 2,niconico|dragon|B,1
2026-07-06 04:14:13,STAKE SPEED BACCARAT,niconico|nikoichi|B,1
2026-07-06 04:17:56,Speed Baccarat 6,telecho|telecho|B,0
2026-07-06 04:19:09,Speed Baccarat 6,telecho|nikoichi|P,1
2026-07-06 04:20:55,Japanese Speed Baccarat 2,niconico|dragon|B,1
2026-07-06 04:24:44,Chinese Speed Baccarat 2,telecho|nikoichi|P,1
2026-07-06 04:28:03,Fortune 6 Baccarat,telecho|nikoichi|P,1
2026-07-06 04:48:48,Baccarat 5,niconico|dragon|B,0
2026-07-06 04:53:14,Super 8 Baccarat,niconico|dragon|B,1
2026-07-06 04:55:21,Korean Baccarat 1,sansan|telecho|P,0
2026-07-06 04:56:21,Japanese Speed Baccarat 2,telecho|telecho|B,0
2026-07-06 05:10:28,Vietnamese Speed Baccarat 1,telecho|telecho|B,1
2026-07-06 05:16:51,STAKE SPEED BACCARAT,telecho|telecho|B,0
2026-07-06 05:26:43,Japanese Speed Baccarat 3,telecho|telecho|B,0
2026-07-06 05:36:32,Korean Speed Baccarat 5,telecho|telecho|B,1
2026-07-06 05:39:03,HI LO BACCARAT,telecho|telecho|B,1
2026-07-06 05:43:03,Speed Baccarat 9,telecho|telecho|B,0
2026-07-06 05:44:50,Chinese Speed Baccarat 2,niconico|dragon|B,0
2026-07-06 05:47:17,Super 8 Baccarat,telecho|nikoichi|P,1
2026-07-06 05:50:46,STAKE SPEED BACCARAT,telecho|nikoichi|P,1
2026-07-06 05:55:11,Speed Baccarat 15,niconico|dragon|B,0
2026-07-06 05:56:20,Speed Baccarat 1,niconico|dragon|B,1
2026-07-06 06:05:33,Vietnamese Speed Baccarat 3,telecho|telecho|B,1
2026-07-06 06:07:44,Thai Speed Baccarat 2,niconico|dragon|B,0
2026-07-06 06:07:57,Korean Speed Baccarat 2,telecho|telecho|B,1
2026-07-06 06:10:43,Vietnamese Speed Baccarat 3,telecho|telecho|B,1
2026-07-06 06:13:35,Vietnamese Speed Baccarat 1,telecho|telecho|B,1
2026-07-06 06:14:16,Chinese Speed Baccarat 2,telecho|telecho|B,1
2026-07-06 06:28:33,Baccarat 3,telecho|nikoichi|P,0
2026-07-06 06:29:33,MEGA BACCARAT,telecho|telecho|B,1
2026-07-06 06:43:35,Speed Baccarat 6,telecho|telecho|B,1
2026-07-06 06:47:56,Chinese Speed Baccarat 2,niconico|dragon|B,0
2026-07-06 06:51:45,HI LO BACCARAT,telecho|nikoichi|P,0
2026-07-06 06:55:03,Speed Baccarat 5,telecho|nikoichi|P,0
2026-07-06 07:09:18,Chinese Speed Baccarat 3,telecho|nikoichi|P,1
2026-07-06 07:09:45,Amazing Baccarat,telecho|nikoichi|P,1
2026-07-06 07:14:23,STAKE SPEED BACCARAT,telecho|nikoichi|P,0
2026-07-06 07:18:02,Baccarat 5,telecho|telecho|B,0
2026-07-06 07:19:39,HI LO BACCARAT,telecho|nikoichi|P,1
2026-07-06 07:40:22,Japanese Speed Baccarat 1,telecho|telecho|B,1
2026-07-06 07:47:11,Indonesian Speed Baccarat 2,niconico|dragon|B,0
2026-07-06 07:47:27,Japanese Speed Baccarat 1,telecho|nikoichi|P,0
2026-07-06 07:49:25,Chinese Speed Baccarat 2,niconico|dragon|B,0
2026-07-06 07:55:18,Korean Turbo Baccarat 1,telecho|nikoichi|P,1
2026-07-06 08:12:52,Chinese Speed Baccarat 2,telecho|telecho|B,1
2026-07-06 08:13:49,Vietnamese Speed Baccarat 1,telecho|telecho|B,0
2026-07-06 08:16:33,Super 8 Baccarat,telecho|telecho|B,0
2026-07-06 08:22:47,Speed Baccarat 13,telecho|telecho|B,1
2026-07-06 08:38:53,STAKE SPEED BACCARAT,telecho|telecho|B,1
2026-07-06 08:40:31,Chinese Speed Baccarat 3,niconico|nikoichi|P,0
2026-07-06 08:43:39,Korean Speed Baccarat 2,telecho|nikoichi|P,1
2026-07-06 08:48:17,Speed Baccarat 13,telecho|telecho|B,0
2026-07-06 08:53:10,Korean Baccarat 1,sansan|telecho|P,0
2026-07-06 09:07:02,Korean Speed Baccarat 3,telecho|telecho|B,0
2026-07-06 09:20:27,Chinese Speed Baccarat 2,telecho|nikoichi|P,1
2026-07-06 09:35:45,Speed Baccarat 3,telecho|nikoichi|P,1
2026-07-06 09:44:52,Turbo Baccarat,niconico|nikoichi|B,1
2026-07-06 10:03:32,Thai Speed Baccarat 1,niconico|nikoichi|P,1
2026-07-06 10:28:00,Turbo Baccarat,telecho|telecho|B,1
2026-07-06 10:30:52,Speed Baccarat 5,telecho|telecho|B,0
2026-07-06 10:43:21,Korean Baccarat 1,telecho|telecho|B,0
2026-07-06 10:49:10,Vietnamese Speed Baccarat 1,niconico|dragon|B,0
2026-07-06 10:50:59,Thai Speed Baccarat 2,telecho|telecho|B,1
2026-07-06 11:00:26,Speed Baccarat 5,telecho|telecho|B,1
2026-07-06 11:07:03,Speed Baccarat 3,telecho|nikoichi|P,1
2026-07-06 11:14:21,MEGA BACCARAT,telecho|nikoichi|P,1
2026-07-06 11:20:27,Thai Speed Baccarat 2,niconico|nikoichi|P,1
2026-07-06 11:23:35,Baccarat 5,telecho|telecho|B,0
2026-07-06 11:24:48,Vietnamese Speed Baccarat 2,telecho|telecho|B,0
2026-07-06 11:30:29,Speed Baccarat 6,telecho|nikoichi|P,0
2026-07-06 11:36:18,Speed Baccarat 2,niconico|dragon|B,0
2026-07-06 11:44:23,Baccarat 6,telecho|telecho|B,1
2026-07-06 11:48:42,Thai Speed Baccarat 1,telecho|telecho|B,1
2026-07-06 11:49:01,Speed Baccarat 15,niconico|dragon|B,1
2026-07-06 11:53:36,Speed Baccarat 8,niconico|nikoichi|B,1
2026-07-06 12:00:47,MEGA BACCARAT,telecho|nikoichi|P,1
2026-07-06 12:05:09,Speed Baccarat 11,niconico|dragon|B,1
2026-07-06 12:09:21,Baccarat 2,niconico|nikoichi|B,0
2026-07-06 12:12:13,Japanese Speed Baccarat 1,niconico|dragon|B,1
2026-07-06 12:17:43,Chinese Speed Baccarat 2,telecho|telecho|B,1
2026-07-06 12:32:40,Speed Baccarat 9,niconico|nikoichi|P,1
2026-07-06 12:52:46,Japanese Speed Baccarat 2,telecho|nikoichi|P,0
2026-07-06 12:53:16,Baccarat 2,telecho|nikoichi|P,1
2026-07-06 12:56:29,Baccarat 2,telecho|telecho|B,0
2026-07-06 13:05:06,Fortune 6 Baccarat,niconico|nikoichi|B,0
2026-07-06 13:09:44,Korean Speed Baccarat 1,niconico|nikoichi|P,1
2026-07-06 13:29:44,Turbo Baccarat,telecho|nikoichi|P,0
2026-07-06 13:32:48,Speed Baccarat 16,telecho|nikoichi|P,0
2026-07-06 13:40:59,Korean Speed Baccarat 3,telecho|nikoichi|P,1
2026-07-06 13:46:53,Korean Turbo Baccarat 1,niconico|nikoichi|P,0
2026-07-06 13:59:27,Baccarat 2,niconico|dragon|B,0
2026-07-06 14:06:08,Speed Baccarat 8,telecho|nikoichi|P,1
2026-07-06 14:09:07,Japanese Speed Baccarat 1,telecho|nikoichi|P,0
2026-07-06 14:13:05,Thai Speed Baccarat 1,telecho|nikoichi|P,1
2026-07-06 14:13:24,Vietnamese Speed Baccarat 2,telecho|telecho|B,0
2026-07-06 14:18:07,Thai Speed Baccarat 1,niconico|dragon|B,1
2026-07-06 14:18:52,Baccarat 7,telecho|nikoichi|P,0
2026-07-06 14:44:37,Speed Baccarat 16,telecho|telecho|B,0
2026-07-06 14:50:05,Speed Baccarat 1,niconico|dragon|B,1
2026-07-06 14:54:48,Japanese Speed Baccarat 2,telecho|telecho|B,0
2026-07-06 14:59:55,Indonesian Speed Baccarat 2,telecho|telecho|B,1
2026-07-06 15:01:08,Speed Baccarat 5,telecho|nikoichi|P,1
2026-07-06 15:04:19,Baccarat 9,niconico|dragon|B,1
2026-07-06 15:19:53,HI LO BACCARAT,telecho|telecho|B,1
2026-07-06 15:22:16,Chinese Speed Baccarat 2,telecho|nikoichi|P,0
2026-07-06 15:22:23,Japanese Speed Baccarat 2,telecho|telecho|B,0
2026-07-06 15:34:38,Baccarat 6,telecho|nikoichi|P,1
2026-07-06 15:41:02,Speed Baccarat 17,telecho|telecho|B,1
2026-07-06 15:43:01,Chinese Speed Baccarat 3,niconico|nikoichi|P,1
2026-07-06 15:48:43,Speed Baccarat 1,telecho|telecho|B,1
2026-07-06 15:49:18,Chinese Speed Baccarat 3,telecho|nikoichi|P,1
2026-07-06 15:52:27,Speed Baccarat 18,niconico|nikoichi|B,0
2026-07-06 15:53:09,Korean Speed Baccarat 2,niconico|dragon|B,0
2026-07-06 15:58:58,Korean Speed Baccarat 5,telecho|telecho|B,0
2026-07-06 16:11:16,Speed Baccarat 3,niconico|dragon|B,1
2026-07-06 16:34:34,Thai Speed Baccarat 1,telecho|telecho|B,1
2026-07-06 16:47:27,STAKE SPEED BACCARAT,telecho|nikoichi|P,0
2026-07-06 16:49:21,Speed Baccarat 1,telecho|telecho|B,0
2026-07-06 16:54:30,Speed Baccarat 2,telecho|nikoichi|P,0
2026-07-06 16:55:34,Thai Baccarat 1,telecho|telecho|B,1
2026-07-06 17:15:00,Speed Baccarat 1,telecho|nikoichi|P,1
2026-07-06 17:16:19,Japanese Speed Baccarat 1,telecho|telecho|B,1
2026-07-06 17:18:25,Japanese Speed Baccarat 2,telecho|telecho|B,1
2026-07-06 17:39:16,Speed Baccarat 9,telecho|nikoichi|P,1
2026-07-06 17:49:33,Chinese Speed Baccarat 1,niconico|dragon|B,1
2026-07-06 17:56:35,HI LO BACCARAT,telecho|nikoichi|P,0
2026-07-06 17:58:53,Korean Speed Baccarat 2,niconico|dragon|B,0
2026-07-06 18:02:35,Speed Baccarat 5,niconico|dragon|B,1
2026-07-06 18:14:59,Chinese Speed Baccarat 3,niconico|dragon|B,0
2026-07-06 18:23:32,Korean Speed Baccarat 5,telecho|telecho|B,0
2026-07-06 18:33:44,Baccarat 7,telecho|telecho|B,1
2026-07-06 18:34:55,Speed Baccarat 13,telecho|telecho|B,1
2026-07-06 18:43:48,Japanese Speed Baccarat 3,sansan|telecho|P,0
2026-07-06 18:44:59,Korean Speed Baccarat 3,telecho|telecho|B,1
2026-07-06 18:45:10,Fortune 6 Baccarat,telecho|telecho|B,0
2026-07-06 18:50:04,Korean Speed Baccarat 1,telecho|telecho|B,1
2026-07-06 18:54:20,Indonesian Speed Baccarat 1,telecho|telecho|B,1
2026-07-06 18:56:17,Korean Speed Baccarat 5,telecho|nikoichi|P,1
2026-07-06 18:56:24,Speed Baccarat 6,niconico|nikoichi|B,0
2026-07-06 18:58:22,Baccarat 9,telecho|nikoichi|P,0
2026-07-06 19:10:11,Speed Baccarat 9,telecho|telecho|B,0
2026-07-06 19:12:47,Baccarat 7,niconico|dragon|B,0
2026-07-06 19:16:09,Korean Speed Baccarat 3,niconico|nikoichi|B,0
2026-07-06 19:23:30,Indonesian Speed Baccarat 2,telecho|telecho|B,1
2026-07-06 19:25:45,Indonesian Speed Baccarat 2,telecho|nikoichi|P,1
2026-07-06 19:40:36,Speed Baccarat 18,niconico|dragon|B,0
2026-07-06 19:43:57,Chinese Speed Baccarat 3,niconico|dragon|B,1
2026-07-06 19:48:43,Korean Speed Baccarat 1,telecho|nikoichi|P,0
2026-07-06 19:49:28,Korean Speed Baccarat 1,telecho|telecho|B,0
2026-07-06 19:58:02,Speed Baccarat 1,sansan|telecho|P,0
2026-07-06 20:02:07,Vietnamese Speed Baccarat 3,telecho|telecho|B,0
2026-07-06 20:11:24,Fortune 6 Baccarat,telecho|telecho|B,0
2026-07-06 20:16:55,Speed Baccarat 12,niconico|dragon|B,0
2026-07-06 20:20:20,Vietnamese Speed Baccarat 1,telecho|telecho|B,1
2026-07-06 20:32:05,Speed Baccarat 18,telecho|telecho|B,1
2026-07-06 20:33:11,Speed Baccarat 5,niconico|nikoichi|P,1
2026-07-06 20:50:06,Speed Baccarat 12,telecho|nikoichi|P,0
2026-07-06 20:52:59,Indonesian Speed Baccarat 1,telecho|nikoichi|P,0
2026-07-06 20:55:56,Baccarat 2,niconico|dragon|B,1
2026-07-06 21:23:25,Speed Baccarat 8,telecho|telecho|B,1
2026-07-06 21:29:45,Speed Baccarat 5,niconico|dragon|B,0
2026-07-06 21:32:37,Korean Speed Baccarat 2,niconico|nikoichi|P,0
2026-07-06 21:34:47,Korean Baccarat 2,niconico|dragon|B,1
2026-07-06 21:40:15,Speed Baccarat 9,telecho|telecho|B,1
2026-07-06 21:47:31,Korean Baccarat 1,telecho|telecho|B,0
2026-07-06 21:50:47,Speed Baccarat 6,niconico|dragon|B,0
2026-07-06 22:02:24,Chinese Speed Baccarat 1,niconico|dragon|B,1
2026-07-06 22:03:48,STAKE SPEED BACCARAT,niconico|dragon|B,0
2026-07-06 22:09:28,Speed Baccarat 5,telecho|telecho|B,0
2026-07-06 22:12:00,Big Small Baccarat,telecho|telecho|B,0
2026-07-06 22:19:57,Amazing Baccarat,niconico|dragon|B,1
2026-07-06 22:29:22,Thai Speed Baccarat 1,niconico|dragon|B,1
2026-07-06 22:29:29,Vietnamese Speed Baccarat 2,niconico|dragon|B,1
2026-07-06 22:31:10,Korean Speed Baccarat 2,telecho|telecho|B,1
2026-07-06 22:31:34,Fortune 6 Baccarat,telecho|telecho|B,1
2026-07-06 22:37:10,Korean Speed Baccarat 2,telecho|telecho|B,1
2026-07-06 22:46:42,Korean Baccarat 2,niconico|dragon|B,0
2026-07-06 22:56:56,Amazing Baccarat,niconico|dragon|B,1
2026-07-06 23:01:10,Speed Baccarat 6,niconico|nikoichi|P,0
2026-07-06 23:07:51,Chinese Speed Baccarat 1,niconico|dragon|B,1
2026-07-06 23:18:02,Baccarat 5,telecho|telecho|B,0
2026-07-06 23:18:24,Speed Baccarat 6,niconico|nikoichi|P,0
2026-07-06 23:19:08,Vietnamese Speed Baccarat 1,telecho|nikoichi|P,1
2026-07-06 23:23:58,Vietnamese Speed Baccarat 1,telecho|nikoichi|P,0
2026-07-06 23:27:44,MEGA BACCARAT,sansan|telecho|P,1
2026-07-06 23:30:37,Baccarat 1,niconico|nikoichi|B,0
2026-07-06 23:33:45,Baccarat 3,telecho|nikoichi|P,0
2026-07-06 23:35:10,Baccarat 3,telecho|telecho|B,1
2026-07-06 23:52:51,Indonesian Speed Baccarat 1,telecho|telecho|B,1
2026-07-06 23:56:27,Speed Baccarat 18,telecho|nikoichi|P,0
2026-07-06 23:58:21,Baccarat 2,telecho|telecho|B,1
2026-07-07 00:13:06,HI LO BACCARAT,telecho|telecho|B,1
2026-07-07 00:13:56,Korean Baccarat 2,telecho|telecho|B,1
2026-07-07 00:27:25,Super 8 Baccarat,telecho|nikoichi|P,1
2026-07-07 00:28:39,Korean Speed Baccarat 5,telecho|nikoichi|P,1
2026-07-07 00:30:02,Japanese Speed Baccarat 2,niconico|nikoichi|P,0
2026-07-07 00:33:53,Speed Baccarat 3,niconico|dragon|B,1
2026-07-07 00:38:14,Speed Baccarat 2,niconico|nikoichi|P,0
2026-07-07 00:59:45,Baccarat 6,telecho|telecho|B,1
2026-07-07 01:00:38,Japanese Speed Baccarat 2,niconico|nikoichi|B,0
2026-07-07 01:01:52,Speed Baccarat 1,niconico|dragon|B,0
2026-07-07 01:23:05,Speed Baccarat 13,niconico|nikoichi|P,1
2026-07-07 01:47:05,Korean Speed Baccarat 5,telecho|telecho|B,0
2026-07-07 01:47:27,Vietnamese Speed Baccarat 2,telecho|nikoichi|P,1
2026-07-07 01:50:48,Speed Baccarat 5,sansan|telecho|P,1
2026-07-07 02:00:57,Big Small Baccarat,telecho|telecho|B,1
2026-07-07 02:04:27,Chinese Speed Baccarat 1,telecho|telecho|B,1
2026-07-07 02:04:35,Speed Baccarat 11,sansan|telecho|P,0
2026-07-07 02:15:28,Korean Baccarat 1,telecho|telecho|B,1
2026-07-07 02:16:32,Speed Baccarat 2,telecho|telecho|B,1
2026-07-07 02:20:56,STAKE SPEED BACCARAT,sansan|telecho|P,1
2026-07-07 02:23:51,Fortune 6 Baccarat,niconico|dragon|B,0
2026-07-07 02:31:08,Japanese Speed Baccarat 2,telecho|telecho|B,1
2026-07-07 03:06:51,Vietnamese Speed Baccarat 3,niconico|nikoichi|B,1
2026-07-07 03:07:02,Speed Baccarat 6,telecho|telecho|B,1
2026-07-07 03:11:07,Speed Baccarat 6,telecho|nikoichi|P,1
2026-07-07 03:13:49,STAKE SPEED BACCARAT,telecho|nikoichi|P,1
2026-07-07 03:36:51,Korean Speed Baccarat 5,telecho|telecho|B,1
2026-07-07 03:37:40,Vietnamese Speed Baccarat 3,telecho|telecho|B,0
2026-07-07 03:42:30,Indonesian Speed Baccarat 2,sansan|telecho|P,0
2026-07-07 03:42:46,Korean Speed Baccarat 2,telecho|nikoichi|P,0
2026-07-07 03:45:37,Vietnamese Speed Baccarat 1,telecho|telecho|B,0
2026-07-07 03:46:52,Thai Speed Baccarat 1,niconico|nikoichi|B,0
2026-07-07 04:01:14,Thai Speed Baccarat 2,niconico|nikoichi|B,1
2026-07-07 04:14:55,Turbo Baccarat,niconico|dragon|B,0
2026-07-07 04:18:27,Speed Baccarat 9,niconico|dragon|B,1
2026-07-07 04:22:16,Speed Baccarat 15,telecho|telecho|B,0
2026-07-07 04:36:47,Turbo Baccarat,telecho|nikoichi|P,0
2026-07-07 04:38:33,Indonesian Speed Baccarat 2,niconico|dragon|B,1
2026-07-07 04:48:28,Indonesian Speed Baccarat 2,telecho|nikoichi|P,0
2026-07-07 04:51:54,Thai Speed Baccarat 2,telecho|nikoichi|P,0
2026-07-07 04:53:03,Thai Baccarat 1,telecho|telecho|B,0
2026-07-07 04:57:04,MEGA BACCARAT,niconico|nikoichi|P,0
2026-07-07 05:05:07,Speed Baccarat 6,niconico|nikoichi|B,1
2026-07-07 05:10:01,Baccarat 9,niconico|nikoichi|P,0
2026-07-07 05:12:51,Big Small Baccarat,telecho|telecho|B,0
2026-07-07 05:15:42,Speed Baccarat 2,telecho|telecho|B,1
2026-07-07 05:21:14,Thai Speed Baccarat 2,telecho|telecho|B,1
2026-07-07 05:32:28,Korean Speed Baccarat 3,niconico|nikoichi|B,1
2026-07-07 05:38:27,Speed Baccarat 1,telecho|telecho|B,0
2026-07-07 05:38:34,Speed Baccarat 3,niconico|dragon|B,1
2026-07-07 05:43:19,Big Small Baccarat,telecho|nikoichi|P,1
2026-07-07 05:45:12,Japanese Speed Baccarat 3,telecho|telecho|B,1
2026-07-07 05:45:42,Chinese Speed Baccarat 2,niconico|dragon|B,0
2026-07-07 05:47:25,Speed Baccarat 15,telecho|nikoichi|P,1
2026-07-07 05:54:11,Speed Baccarat 15,telecho|telecho|B,1
2026-07-07 05:55:21,Japanese Speed Baccarat 1,telecho|nikoichi|P,1
2026-07-07 05:59:36,Speed Baccarat 15,niconico|nikoichi|P,0
2026-07-07 06:00:43,Baccarat 6,telecho|nikoichi|P,0
2026-07-07 06:03:05,Speed Baccarat 18,telecho|nikoichi|P,0
2026-07-07 06:04:54,Korean Baccarat 1,telecho|nikoichi|P,1
2026-07-07 06:07:11,Speed Baccarat 8,telecho|telecho|B,0
2026-07-07 06:09:14,Baccarat 6,telecho|nikoichi|P,0
2026-07-07 06:15:11,Baccarat 3,niconico|dragon|B,1
2026-07-07 06:28:11,Korean Speed Baccarat 1,niconico|dragon|B,1
2026-07-07 06:30:43,Thai Speed Baccarat 1,telecho|telecho|B,0
2026-07-07 06:33:32,Indonesian Speed Baccarat 2,telecho|telecho|B,1
2026-07-07 06:55:31,Korean Speed Baccarat 1,telecho|telecho|B,1
2026-07-07 07:00:35,Turbo Baccarat,telecho|telecho|B,0
2026-07-07 07:03:50,Baccarat 3,telecho|telecho|B,0
2026-07-07 07:07:04,Vietnamese Speed Baccarat 3,telecho|nikoichi|P,0
2026-07-07 07:25:05,Japanese Speed Baccarat 1,niconico|nikoichi|B,0
2026-07-07 07:36:19,Vietnamese Speed Baccarat 3,telecho|telecho|B,0
2026-07-07 07:43:04,Big Small Baccarat,telecho|telecho|B,1
2026-07-07 07:47:19,Speed Baccarat 15,telecho|nikoichi|P,1
2026-07-07 07:57:15,Thai Baccarat 1,telecho|telecho|B,0
2026-07-07 07:58:05,Korean Speed Baccarat 3,telecho|telecho|B,1
2026-07-07 08:07:29,HI LO BACCARAT,telecho|telecho|B,1
2026-07-07 08:11:41,Speed Baccarat 3,niconico|nikoichi|B,1
2026-07-07 08:22:42,Vietnamese Speed Baccarat 2,telecho|telecho|B,1
2026-07-07 08:44:25,Korean Turbo Baccarat 1,niconico|dragon|B,0
2026-07-07 08:52:09,Baccarat 1,telecho|telecho|B,0
2026-07-07 09:07:58,Korean Turbo Baccarat 1,telecho|telecho|B,0
2026-07-07 09:27:27,Speed Baccarat 5,telecho|telecho|B,1
2026-07-07 09:30:13,Speed Baccarat 18,telecho|telecho|B,1
2026-07-07 09:47:43,Thai Speed Baccarat 1,telecho|nikoichi|P,1
2026-07-07 09:59:48,Speed Baccarat 8,telecho|telecho|B,1
2026-07-07 10:25:48,Korean Speed Baccarat 1,telecho|telecho|B,0
2026-07-07 10:32:28,Baccarat 5,telecho|nikoichi|P,1
2026-07-07 10:41:36,HI LO BACCARAT,telecho|telecho|B,0
2026-07-07 10:47:37,Korean Baccarat 1,telecho|nikoichi|P,0
2026-07-07 10:49:39,Chinese Speed Baccarat 2,telecho|nikoichi|P,0
2026-07-07 11:04:33,Thai Baccarat 1,niconico|dragon|B,0
2026-07-07 11:18:34,Japanese Speed Baccarat 3,telecho|nikoichi|P,0
2026-07-07 11:19:43,Chinese Speed Baccarat 2,niconico|dragon|B,0
2026-07-07 11:20:02,Speed Baccarat 6,niconico|dragon|B,0
2026-07-07 11:24:15,Speed Baccarat 13,telecho|telecho|B,0
2026-07-07 11:25:21,Baccarat 1,telecho|telecho|B,0
2026-07-07 11:26:59,Japanese Speed Baccarat 1,telecho|telecho|B,1
2026-07-07 11:37:03,Indonesian Speed Baccarat 1,niconico|dragon|B,1
2026-07-07 11:39:30,HI LO BACCARAT,telecho|nikoichi|P,0
2026-07-07 11:55:48,Japanese Speed Baccarat 3,niconico|dragon|B,0
2026-07-07 11:57:55,Baccarat 1,niconico|nikoichi|B,0
2026-07-07 12:07:32,Baccarat 2,telecho|telecho|B,1
2026-07-07 12:18:19,Korean Turbo Baccarat 1,sansan|telecho|P,0
2026-07-07 12:18:26,Chinese Speed Baccarat 3,sansan|telecho|P,0
2026-07-07 12:18:45,Vietnamese Speed Baccarat 2,telecho|telecho|B,1
2026-07-07 12:21:34,Vietnamese Speed Baccarat 2,telecho|telecho|B,0
2026-07-07 12:22:48,Speed Baccarat 18,telecho|telecho|B,1
2026-07-07 12:28:30,Turbo Baccarat,telecho|telecho|B,0
2026-07-07 12:33:59,Speed Baccarat 8,telecho|telecho|B,0
2026-07-07 12:37:29,Baccarat 1,telecho|nikoichi|P,1
2026-07-07 12:43:43,Speed Baccarat 5,telecho|telecho|B,1
2026-07-07 12:44:41,Indonesian Speed Baccarat 2,telecho|telecho|B,0
2026-07-07 12:44:47,Speed Baccarat 13,telecho|nikoichi|P,1
2026-07-07 12:44:55,Speed Baccarat 5,telecho|telecho|B,0
2026-07-07 12:45:48,STAKE SPEED BACCARAT,telecho|telecho|B,0
2026-07-07 12:46:05,Speed Baccarat 13,niconico|nikoichi|B,1
2026-07-07 12:46:17,Korean Turbo Baccarat 1,niconico|nikoichi|P,0
2026-07-07 12:46:32,Baccarat 3,niconico|dragon|B,1
2026-07-07 12:50:55,Chinese Speed Baccarat 2,niconico|dragon|B,0
2026-07-07 12:56:23,Speed Baccarat 5,telecho|nikoichi|P,0
2026-07-07 13:03:16,Korean Speed Baccarat 3,telecho|telecho|B,0
2026-07-07 13:09:32,HI LO BACCARAT,telecho|telecho|B,1
2026-07-07 13:15:28,Korean Speed Baccarat 2,telecho|telecho|B,0
2026-07-07 13:26:17,Speed Baccarat 5,telecho|nikoichi|P,0
2026-07-07 13:39:44,Speed Baccarat 9,telecho|nikoichi|P,0
2026-07-07 13:43:57,Chinese Speed Baccarat 3,niconico|nikoichi|B,0
2026-07-07 13:47:45,Speed Baccarat 6,telecho|telecho|B,1
2026-07-07 14:05:25,Thai Speed Baccarat 1,telecho|telecho|B,0
2026-07-07 14:07:39,Chinese Speed Baccarat 1,telecho|telecho|B,0
2026-07-07 14:07:54,Japanese Speed Baccarat 2,telecho|nikoichi|P,0
2026-07-07 14:21:26,Amazing Baccarat,niconico|nikoichi|P,1
2026-07-07 14:22:49,Thai Speed Baccarat 2,telecho|nikoichi|P,0
2026-07-07 14:23:02,Turbo Baccarat,telecho|telecho|B,0
2026-07-07 14:47:31,Korean Speed Baccarat 2,niconico|dragon|B,1
2026-07-07 15:29:13,Baccarat 9,telecho|nikoichi|P,0
2026-07-07 15:53:20,Baccarat 6,telecho|telecho|B,0
2026-07-07 16:07:33,Speed Baccarat 15,sansan|telecho|P,0
2026-07-07 16:22:31,MEGA BACCARAT,telecho|nikoichi|P,1
2026-07-07 16:23:42,Indonesian Speed Baccarat 2,telecho|telecho|B,1
2026-07-07 16:39:12,Speed Baccarat 3,telecho|telecho|B,1
2026-07-07 16:39:58,Speed Baccarat 3,telecho|telecho|B,1
2026-07-07 16:47:19,Chinese Speed Baccarat 3,sansan|telecho|P,1
2026-07-07 16:47:32,Speed Baccarat 12,telecho|nikoichi|P,0
2026-07-07 16:56:01,Japanese Speed Baccarat 3,niconico|nikoichi|P,1
2026-07-07 16:59:31,Korean Speed Baccarat 5,telecho|nikoichi|P,0
2026-07-07 17:07:03,Super 8 Baccarat,niconico|dragon|B,1
2026-07-07 17:08:59,MEGA BACCARAT,telecho|nikoichi|P,1
2026-07-07 17:11:25,Thai Speed Baccarat 2,telecho|telecho|B,0
2026-07-07 17:14:14,Vietnamese Speed Baccarat 3,telecho|telecho|B,0
2026-07-07 17:21:17,Indonesian Speed Baccarat 2,telecho|telecho|B,0
2026-07-07 17:46:36,Korean Speed Baccarat 2,telecho|telecho|B,0
2026-07-07 17:46:42,Speed Baccarat 11,telecho|telecho|B,0
2026-07-07 18:00:08,Thai Speed Baccarat 1,niconico|dragon|B,0
2026-07-07 18:12:21,Chinese Speed Baccarat 1,telecho|telecho|B,1
2026-07-07 18:16:23,Vietnamese Speed Baccarat 1,telecho|telecho|B,1
2026-07-07 18:19:24,Speed Baccarat 3,sansan|telecho|P,1
2026-07-07 18:24:19,Indonesian Speed Baccarat 2,niconico|dragon|B,1
2026-07-07 18:33:24,Super 8 Baccarat,telecho|telecho|B,1
2026-07-07 18:41:55,Chinese Speed Baccarat 1,niconico|nikoichi|B,0
2026-07-07 18:51:55,Baccarat 1,telecho|nikoichi|P,1
2026-07-07 18:58:57,Korean Speed Baccarat 2,telecho|nikoichi|P,1
2026-07-07 19:08:19,Speed Baccarat 6,telecho|telecho|B,1
2026-07-07 19:13:17,Speed Baccarat 16,telecho|nikoichi|P,1
2026-07-07 19:36:36,Baccarat 9,telecho|telecho|B,1
2026-07-07 20:03:30,Indonesian Speed Baccarat 2,telecho|telecho|B,1
2026-07-07 20:04:05,Speed Baccarat 16,telecho|nikoichi|P,1
2026-07-07 20:05:35,Korean Speed Baccarat 2,telecho|nikoichi|P,1
2026-07-07 20:15:18,Speed Baccarat 9,niconico|dragon|B,1
2026-07-07 20:16:21,Indonesian Speed Baccarat 2,niconico|nikoichi|P,1
2026-07-07 20:17:36,Korean Turbo Baccarat 1,telecho|nikoichi|P,0
2026-07-07 20:21:02,Indonesian Speed Baccarat 2,niconico|dragon|B,0
2026-07-07 20:23:25,Japanese Speed Baccarat 1,niconico|dragon|B,0
2026-07-07 20:34:11,Speed Baccarat 15,sansan|telecho|P,0
2026-07-07 20:34:18,Baccarat 3,telecho|telecho|B,1
2026-07-07 20:35:16,Big Small Baccarat,telecho|telecho|B,0
2026-07-07 20:39:20,Baccarat 2,telecho|nikoichi|P,1
2026-07-07 20:43:13,Baccarat 2,niconico|nikoichi|B,1
2026-07-07 20:54:09,Speed Baccarat 9,telecho|nikoichi|P,0
2026-07-07 20:59:41,Baccarat 7,niconico|dragon|B,0
2026-07-07 21:10:27,Korean Speed Baccarat 3,telecho|nikoichi|P,0
2026-07-07 21:13:14,Vietnamese Speed Baccarat 3,niconico|nikoichi|B,1
2026-07-07 21:14:53,Japanese Speed Baccarat 2,niconico|dragon|B,0
2026-07-07 21:15:00,HI LO BACCARAT,sansan|telecho|P,1
2026-07-07 21:33:56,Speed Baccarat 6,telecho|telecho|B,0
2026-07-07 21:50:31,Turbo Baccarat,telecho|telecho|B,0
2026-07-07 22:13:37,STAKE SPEED BACCARAT,telecho|nikoichi|P,1
2026-07-07 22:13:49,Speed Baccarat 3,niconico|dragon|B,1
2026-07-07 22:15:11,Speed Baccarat 11,niconico|dragon|B,0
2026-07-07 22:18:01,Korean Turbo Baccarat 1,telecho|nikoichi|P,0
2026-07-07 22:20:03,Baccarat 6,niconico|dragon|B,1
2026-07-07 22:28:30,Korean Speed Baccarat 1,niconico|dragon|B,0
2026-07-07 22:30:44,Korean Baccarat 2,telecho|nikoichi|P,1
2026-07-07 22:32:50,Speed Baccarat 6,niconico|nikoichi|P,1
2026-07-07 23:07:59,Speed Baccarat 12,sansan|telecho|P,1
2026-07-07 23:08:46,Speed Baccarat 12,telecho|telecho|B,1
2026-07-07 23:11:04,Baccarat 2,telecho|nikoichi|P,1
2026-07-07 23:16:25,Chinese Speed Baccarat 3,niconico|dragon|B,0
2026-07-07 23:27:39,Speed Baccarat 2,telecho|nikoichi|P,1
2026-07-07 23:43:54,Chinese Speed Baccarat 2,niconico|dragon|B,0
2026-07-08 00:03:33,Speed Baccarat 9,telecho|nikoichi|P,1
2026-07-08 00:29:08,Speed Baccarat 15,telecho|telecho|B,1
2026-07-08 00:32:23,Turbo Baccarat,niconico|nikoichi|B,0
2026-07-08 00:46:43,Baccarat 9,telecho|telecho|B,0
2026-07-08 00:47:30,Indonesian Speed Baccarat 1,telecho|telecho|B,0
2026-07-08 00:50:24,Super 8 Baccarat,telecho|telecho|B,1
2026-07-08 00:58:50,Speed Baccarat 3,telecho|telecho|B,1
2026-07-08 01:07:24,Vietnamese Speed Baccarat 2,telecho|nikoichi|P,1
2026-07-08 01:07:48,Korean Speed Baccarat 1,telecho|nikoichi|P,1
2026-07-08 01:12:43,Indonesian Speed Baccarat 2,sansan|telecho|P,0
2026-07-08 01:17:40,MEGA BACCARAT,niconico|dragon|B,0
2026-07-08 01:25:15,Korean Speed Baccarat 1,niconico|nikoichi|B,0
2026-07-08 02:01:18,Speed Baccarat 12,sansan|telecho|P,1
2026-07-08 02:16:43,Baccarat 2,telecho|telecho|B,0
2026-07-08 02:26:32,Speed Baccarat 2,telecho|nikoichi|P,0
2026-07-08 02:27:50,STAKE SPEED BACCARAT,niconico|dragon|B,0
2026-07-08 02:44:51,Big Small Baccarat,niconico|dragon|B,0
2026-07-08 03:08:07,Thai Speed Baccarat 2,telecho|telecho|B,1
2026-07-08 03:19:11,Korean Speed Baccarat 2,telecho|telecho|B,0
2026-07-08 03:28:12,Speed Baccarat 6,niconico|nikoichi|B,0
2026-07-08 03:31:49,Japanese Speed Baccarat 3,niconico|dragon|B,1
2026-07-08 03:39:15,Korean Speed Baccarat 3,telecho|nikoichi|P,1
2026-07-08 03:42:11,Chinese Speed Baccarat 1,niconico|nikoichi|B,0
2026-07-08 03:51:32,Vietnamese Speed Baccarat 2,telecho|nikoichi|P,0
2026-07-08 03:53:47,Speed Baccarat 1,telecho|nikoichi|P,1
2026-07-08 03:56:03,STAKE SPEED BACCARAT,telecho|telecho|B,1
2026-07-08 03:56:57,Speed Baccarat 6,niconico|dragon|B,0
2026-07-08 03:59:11,Baccarat 3,niconico|nikoichi|B,1
2026-07-08 04:06:11,Japanese Speed Baccarat 3,telecho|telecho|B,1
2026-07-08 04:13:32,Korean Baccarat 2,telecho|telecho|B,1
2026-07-08 04:14:16,Korean Speed Baccarat 5,telecho|telecho|B,0
2026-07-08 04:22:50,STAKE SPEED BACCARAT,niconico|dragon|B,0
2026-07-08 04:28:35,Super 8 Baccarat,telecho|telecho|B,1
2026-07-08 04:42:34,Japanese Speed Baccarat 2,niconico|dragon|B,0
2026-07-08 04:44:18,Speed Baccarat 18,telecho|telecho|B,1
2026-07-08 04:53:03,Speed Baccarat 12,telecho|telecho|B,0
2026-07-08 05:12:24,Japanese Speed Baccarat 2,telecho|telecho|B,0
2026-07-08 05:18:38,Korean Speed Baccarat 5,telecho|nikoichi|P,0
2026-07-08 05:20:54,Baccarat 2,niconico|nikoichi|P,0
2026-07-08 05:39:53,Speed Baccarat 8,telecho|telecho|B,1
2026-07-08 05:44:00,Turbo Baccarat,telecho|nikoichi|P,0
2026-07-08 05:52:31,Speed Baccarat 12,telecho|nikoichi|P,1
2026-07-08 05:59:14,Baccarat 2,niconico|dragon|B,1
2026-07-08 06:00:03,Korean Turbo Baccarat 1,niconico|nikoichi|B,0
2026-07-08 06:00:18,Super 8 Baccarat,telecho|nikoichi|P,1
2026-07-08 06:07:33,Speed Baccarat 8,telecho|nikoichi|P,0
2026-07-08 06:07:50,Speed Baccarat 18,niconico|dragon|B,0
2026-07-08 06:10:27,Vietnamese Speed Baccarat 1,telecho|nikoichi|P,0
2026-07-08 06:15:45,Speed Baccarat 15,sansan|telecho|P,1
2026-07-08 06:16:43,Vietnamese Speed Baccarat 2,telecho|telecho|B,0
2026-07-08 06:23:47,Speed Baccarat 3,telecho|telecho|B,1
2026-07-08 06:23:54,Korean Turbo Baccarat 1,telecho|telecho|B,0
2026-07-08 06:25:12,Speed Baccarat 8,niconico|nikoichi|P,1
2026-07-08 06:25:20,STAKE SPEED BACCARAT,telecho|telecho|B,1
2026-07-08 06:25:29,Speed Baccarat 12,niconico|nikoichi|B,0
2026-07-08 06:29:11,Chinese Speed Baccarat 3,niconico|nikoichi|P,0
2026-07-08 06:38:18,Indonesian Speed Baccarat 1,telecho|telecho|B,0
2026-07-08 06:49:27,Baccarat 3,niconico|dragon|B,0
2026-07-08 06:52:04,Speed Baccarat 1,niconico|nikoichi|P,0
2026-07-08 06:54:57,Thai Speed Baccarat 1,niconico|nikoichi|P,1
2026-07-08 06:57:36,Japanese Speed Baccarat 1,niconico|dragon|B,0
2026-07-08 07:19:04,Turbo Baccarat,telecho|telecho|B,0
2026-07-08 07:21:03,Baccarat 1,telecho|nikoichi|P,1
2026-07-08 07:32:11,Baccarat 3,niconico|nikoichi|P,1
2026-07-08 07:33:39,Speed Baccarat 8,telecho|nikoichi|P,1
2026-07-08 07:43:47,Chinese Speed Baccarat 2,telecho|telecho|B,0
2026-07-08 07:54:35,Indonesian Speed Baccarat 2,niconico|nikoichi|B,1
2026-07-08 07:54:55,Indonesian Speed Baccarat 2,niconico|nikoichi|P,0
2026-07-08 07:58:55,Baccarat 5,telecho|telecho|B,1
2026-07-08 08:01:18,Baccarat 3,niconico|dragon|B,1
2026-07-08 08:09:46,Korean Baccarat 2,niconico|dragon|B,1
2026-07-08 08:16:17,Speed Baccarat 1,telecho|telecho|B,0
2026-07-08 08:22:18,Speed Baccarat 6,telecho|telecho|B,1
2026-07-08 08:22:40,Speed Baccarat 6,sansan|telecho|P,0
2026-07-08 08:26:37,Speed Baccarat 3,telecho|nikoichi|P,1
2026-07-08 08:33:55,Speed Baccarat 2,niconico|dragon|B,1
2026-07-08 08:36:21,Speed Baccarat 18,niconico|dragon|B,1
2026-07-08 08:50:23,Speed Baccarat 12,telecho|telecho|B,0
2026-07-08 08:52:36,Speed Baccarat 5,niconico|dragon|B,1
2026-07-08 09:03:01,Speed Baccarat 2,telecho|telecho|B,0
2026-07-08 09:10:17,Chinese Speed Baccarat 3,telecho|telecho|B,1
2026-07-08 09:32:54,MEGA BACCARAT,telecho|nikoichi|P,1
2026-07-08 09:40:44,Japanese Speed Baccarat 2,telecho|nikoichi|P,1
2026-07-08 09:48:13,Speed Baccarat 6,niconico|dragon|B,0
2026-07-08 09:53:07,Korean Turbo Baccarat 1,telecho|telecho|B,0
2026-07-08 10:06:22,Speed Baccarat 5,niconico|dragon|B,1
2026-07-08 10:41:35,Korean Baccarat 2,telecho|telecho|B,0
2026-07-08 11:04:14,Korean Baccarat 1,niconico|dragon|B,0
2026-07-08 11:10:30,Japanese Speed Baccarat 2,niconico|dragon|B,0
2026-07-08 11:18:42,Speed Baccarat 3,telecho|nikoichi|P,1
2026-07-08 11:29:29,Speed Baccarat 18,telecho|telecho|B,1
2026-07-08 11:41:49,Chinese Speed Baccarat 3,telecho|telecho|B,1
2026-07-08 12:07:10,Vietnamese Speed Baccarat 3,niconico|nikoichi|P,0
2026-07-08 12:18:31,STAKE SPEED BACCARAT,telecho|nikoichi|P,1
2026-07-08 12:33:36,Speed Baccarat 18,niconico|dragon|B,0
2026-07-08 12:36:45,Japanese Speed Baccarat 2,telecho|telecho|B,0
2026-07-08 12:38:07,Baccarat 1,telecho|telecho|B,1
2026-07-08 12:40:57,Chinese Speed Baccarat 3,telecho|telecho|B,0
2026-07-08 12:44:25,Speed Baccarat 1,niconico|dragon|B,0
2026-07-08 12:47:32,Speed Baccarat 3,telecho|telecho|B,0
2026-07-08 12:47:53,Baccarat 2,sansan|telecho|P,1
2026-07-08 12:57:14,Speed Baccarat 2,niconico|nikoichi|P,0
2026-07-08 13:20:08,Indonesian Speed Baccarat 1,niconico|dragon|B,0
2026-07-08 13:22:40,Baccarat 6,niconico|nikoichi|P,1
2026-07-08 13:23:45,Speed Baccarat 2,telecho|telecho|B,1
2026-07-08 13:33:51,HI LO BACCARAT,telecho|telecho|B,0
2026-07-08 13:35:58,Baccarat 3,niconico|dragon|B,1
2026-07-08 13:36:46,Indonesian Speed Baccarat 2,niconico|nikoichi|B,1
2026-07-08 13:41:11,Baccarat 3,niconico|nikoichi|P,0
2026-07-08 13:43:41,Korean Baccarat 1,niconico|dragon|B,1
2026-07-08 13:48:25,Vietnamese Speed Baccarat 2,niconico|dragon|B,0
2026-07-08 13:59:28,Super 8 Baccarat,telecho|telecho|B,0
2026-07-08 14:09:11,Speed Baccarat 17,telecho|nikoichi|P,1
2026-07-08 14:18:57,Baccarat 3,telecho|nikoichi|P,1
2026-07-08 14:20:25,Vietnamese Speed Baccarat 2,niconico|nikoichi|B,0
2026-07-08 14:21:21,Korean Speed Baccarat 5,telecho|nikoichi|P,0
2026-07-08 14:28:23,Speed Baccarat 18,telecho|nikoichi|P,0
2026-07-08 14:34:48,Japanese Speed Baccarat 3,telecho|nikoichi|P,1
2026-07-08 14:35:40,Big Small Baccarat,telecho|telecho|B,0
2026-07-08 15:00:23,Japanese Speed Baccarat 3,telecho|nikoichi|P,0
2026-07-08 15:04:37,Speed Baccarat 13,sansan|telecho|P,0
2026-07-08 15:24:09,Baccarat 7,telecho|nikoichi|P,1
2026-07-08 15:36:17,Chinese Speed Baccarat 2,telecho|telecho|B,1
2026-07-08 15:52:51,Baccarat 1,niconico|nikoichi|P,1
2026-07-08 15:58:06,Super 8 Baccarat,telecho|nikoichi|P,1
2026-07-08 16:00:53,Fortune 6 Baccarat,niconico|nikoichi|P,1
2026-07-08 16:04:53,Super 8 Baccarat,telecho|nikoichi|P,1
2026-07-08 16:16:35,Korean Baccarat 2,telecho|telecho|B,0
2026-07-08 16:16:48,Speed Baccarat 12,telecho|telecho|B,1
2026-07-08 16:34:24,Speed Baccarat 9,telecho|telecho|B,0
2026-07-08 16:35:02,STAKE SPEED BACCARAT,niconico|dragon|B,1
2026-07-08 16:35:57,Speed Baccarat 9,telecho|nikoichi|P,1
2026-07-08 16:37:38,Baccarat 2,niconico|dragon|B,1
2026-07-08 16:46:37,Speed Baccarat 6,telecho|telecho|B,1
2026-07-08 16:48:53,Thai Speed Baccarat 1,telecho|telecho|B,1
2026-07-08 16:49:38,Indonesian Speed Baccarat 1,telecho|nikoichi|P,1
2026-07-08 17:02:38,Speed Baccarat 9,telecho|telecho|B,0
2026-07-08 17:04:58,Chinese Speed Baccarat 2,telecho|telecho|B,0
2026-07-08 17:06:36,Chinese Speed Baccarat 2,telecho|nikoichi|P,1
2026-07-08 17:18:30,Speed Baccarat 3,telecho|telecho|B,1
2026-07-08 17:19:15,Chinese Speed Baccarat 2,telecho|telecho|B,0
2026-07-08 17:19:33,Speed Baccarat 17,telecho|telecho|B,0
2026-07-08 17:19:46,Korean Speed Baccarat 1,niconico|dragon|B,1
2026-07-08 17:38:33,Japanese Speed Baccarat 2,telecho|telecho|B,1
2026-07-08 17:40:11,HI LO BACCARAT,telecho|telecho|B,0
2026-07-08 17:46:59,Korean Speed Baccarat 2,telecho|telecho|B,0
2026-07-08 17:50:19,Baccarat 2,telecho|telecho|B,1
2026-07-08 18:01:55,Baccarat 3,telecho|telecho|B,1
2026-07-08 18:05:56,Chinese Speed Baccarat 3,niconico|dragon|B,0
2026-07-08 18:06:37,Speed Baccarat 3,telecho|telecho|B,1
2026-07-08 18:13:21,Speed Baccarat 12,niconico|dragon|B,1
2026-07-08 18:13:29,Speed Baccarat 6,telecho|telecho|B,0
2026-07-08 18:38:49,Japanese Speed Baccarat 2,telecho|telecho|B,1
2026-07-08 18:48:11,MEGA BACCARAT,telecho|nikoichi|P,1
2026-07-08 18:48:57,Speed Baccarat 5,telecho|nikoichi|P,0
2026-07-08 19:06:33,Speed Baccarat 17,telecho|telecho|B,1
2026-07-08 19:12:32,Baccarat 1,niconico|dragon|B,0
2026-07-08 19:20:16,Baccarat 5,telecho|nikoichi|P,1
2026-07-08 19:21:43,Thai Speed Baccarat 2,telecho|telecho|B,1
2026-07-08 19:24:40,Indonesian Speed Baccarat 2,telecho|nikoichi|P,1
2026-07-08 19:55:19,Speed Baccarat 15,telecho|telecho|B,0
2026-07-08 19:57:32,Vietnamese Speed Baccarat 2,niconico|dragon|B,1
2026-07-08 20:05:37,Chinese Speed Baccarat 3,niconico|nikoichi|P,0
2026-07-08 20:09:57,Thai Baccarat 1,niconico|nikoichi|P,1
2026-07-08 20:19:35,Baccarat 1,telecho|telecho|B,0
2026-07-08 20:23:29,Speed Baccarat 18,telecho|telecho|B,0
2026-07-08 20:31:30,Turbo Baccarat,niconico|nikoichi|B,0
2026-07-08 20:33:16,Speed Baccarat 9,telecho|telecho|B,1
2026-07-08 20:38:33,Japanese Speed Baccarat 3,telecho|nikoichi|P,0
2026-07-08 20:47:11,Speed Baccarat 11,telecho|telecho|B,0
2026-07-08 20:47:54,Speed Baccarat 6,telecho|nikoichi|P,0
2026-07-08 21:00:06,Speed Baccarat 13,telecho|telecho|B,1
2026-07-08 21:02:31,Speed Baccarat 13,telecho|nikoichi|P,1
2026-07-08 21:05:44,Chinese Speed Baccarat 3,telecho|nikoichi|P,0
2026-07-08 21:13:37,Indonesian Speed Baccarat 1,niconico|dragon|B,1
2026-07-08 21:18:46,Japanese Speed Baccarat 2,telecho|telecho|B,0
2026-07-08 21:23:07,Japanese Speed Baccarat 2,telecho|nikoichi|P,1
2026-07-08 21:24:35,Vietnamese Speed Baccarat 2,telecho|telecho|B,1
2026-07-08 21:29:15,Vietnamese Speed Baccarat 1,telecho|nikoichi|P,0
2026-07-08 21:34:17,Vietnamese Speed Baccarat 3,telecho|telecho|B,1
2026-07-08 21:38:17,Chinese Speed Baccarat 2,sansan|telecho|P,1
2026-07-08 21:39:50,Turbo Baccarat,niconico|dragon|B,0
2026-07-08 21:47:46,Thai Speed Baccarat 2,telecho|nikoichi|P,0
2026-07-08 21:50:20,Japanese Speed Baccarat 2,niconico|nikoichi|P,0
2026-07-08 22:06:55,Japanese Speed Baccarat 2,telecho|telecho|B,0
2026-07-08 22:07:44,Baccarat 9,telecho|nikoichi|P,1
2026-07-08 22:12:39,Thai Speed Baccarat 1,telecho|telecho|B,1
2026-07-08 22:14:34,HI LO BACCARAT,telecho|nikoichi|P,1
2026-07-08 22:14:56,Thai Speed Baccarat 1,telecho|nikoichi|P,1
2026-07-08 22:23:34,Korean Speed Baccarat 1,niconico|nikoichi|B,1
2026-07-08 22:43:29,Amazing Baccarat,telecho|nikoichi|P,1
2026-07-08 22:51:06,Speed Baccarat 15,telecho|telecho|B,1
2026-07-08 22:53:38,Baccarat 2,telecho|telecho|B,0
2026-07-08 23:00:38,Speed Baccarat 12,telecho|telecho|B,1
2026-07-08 23:02:04,Thai Speed Baccarat 1,niconico|dragon|B,1
2026-07-08 23:10:57,Baccarat 5,niconico|dragon|B,0
2026-07-08 23:24:05,Speed Baccarat 12,telecho|nikoichi|P,0
2026-07-08 23:24:20,Indonesian Speed Baccarat 2,telecho|telecho|B,0
2026-07-08 23:25:24,Amazing Baccarat,telecho|telecho|B,1
2026-07-08 23:28:33,Vietnamese Speed Baccarat 2,telecho|telecho|B,1
2026-07-08 23:30:16,Big Small Baccarat,telecho|telecho|B,0
2026-07-08 23:30:52,Korean Turbo Baccarat 1,niconico|nikoichi|P,1
2026-07-08 23:31:25,Korean Turbo Baccarat 1,niconico|nikoichi|B,0
2026-07-08 23:33:29,Big Small Baccarat,niconico|nikoichi|P,0
2026-07-08 23:47:57,Korean Speed Baccarat 1,telecho|telecho|B,1
2026-07-08 23:50:24,STAKE SPEED BACCARAT,telecho|telecho|B,0
2026-07-08 23:52:24,Speed Baccarat 3,niconico|nikoichi|B,1
2026-07-09 00:02:42,Baccarat 5,niconico|dragon|B,1
2026-07-09 00:18:37,Speed Baccarat 1,telecho|telecho|B,0
2026-07-09 00:25:37,Japanese Speed Baccarat 3,telecho|telecho|B,0
2026-07-09 00:32:00,Thai Baccarat 1,niconico|dragon|B,0
2026-07-09 00:52:37,MEGA BACCARAT,telecho|telecho|B,0
2026-07-09 01:00:31,Speed Baccarat 18,telecho|telecho|B,1
2026-07-09 01:04:13,Big Small Baccarat,niconico|dragon|B,0
2026-07-09 01:04:24,Chinese Speed Baccarat 2,telecho|nikoichi|P,1
2026-07-09 01:26:18,Korean Speed Baccarat 1,sansan|telecho|P,1
2026-07-09 01:29:08,Baccarat 9,telecho|nikoichi|P,1
2026-07-09 01:33:08,Vietnamese Speed Baccarat 3,telecho|nikoichi|P,1
2026-07-09 01:45:23,Korean Speed Baccarat 3,telecho|nikoichi|P,0
2026-07-09 01:57:35,Super 8 Baccarat,niconico|nikoichi|P,0
2026-07-09 01:58:07,Speed Baccarat 8,telecho|nikoichi|P,1
2026-07-09 01:59:05,Vietnamese Speed Baccarat 2,telecho|nikoichi|P,0
2026-07-09 02:03:05,Thai Speed Baccarat 2,niconico|dragon|B,0
2026-07-09 02:16:47,Indonesian Speed Baccarat 2,telecho|telecho|B,1
2026-07-09 02:18:48,Vietnamese Speed Baccarat 1,telecho|telecho|B,1
2026-07-09 02:28:48,Korean Speed Baccarat 5,telecho|telecho|B,1
2026-07-09 02:37:35,Chinese Speed Baccarat 1,sansan|telecho|P,0
2026-07-09 02:54:35,Fortune 6 Baccarat,niconico|nikoichi|B,1
2026-07-09 03:01:15,Korean Speed Baccarat 5,telecho|nikoichi|P,0
2026-07-09 03:10:07,Chinese Speed Baccarat 2,telecho|telecho|B,1
2026-07-09 03:10:52,Korean Speed Baccarat 3,telecho|telecho|B,0
2026-07-09 03:12:07,Korean Baccarat 2,niconico|dragon|B,1
2026-07-09 03:13:03,Amazing Baccarat,niconico|nikoichi|B,1
2026-07-09 03:14:05,Amazing Baccarat,niconico|nikoichi|P,0
2026-07-09 03:18:19,Indonesian Speed Baccarat 2,telecho|telecho|B,1
2026-07-09 03:21:30,Fortune 6 Baccarat,niconico|nikoichi|P,0
2026-07-09 03:30:22,Korean Speed Baccarat 5,telecho|telecho|B,0
2026-07-09 03:47:33,HI LO BACCARAT,telecho|nikoichi|P,1
2026-07-09 04:15:06,Speed Baccarat 9,telecho|telecho|B,1
2026-07-09 04:16:41,Thai Speed Baccarat 1,telecho|telecho|B,0
2026-07-09 04:22:34,Speed Baccarat 3,telecho|nikoichi|P,0
2026-07-09 04:24:56,MEGA BACCARAT,niconico|dragon|B,0
2026-07-09 04:30:11,Baccarat 2,niconico|nikoichi|B,1
2026-07-09 04:30:17,MEGA BACCARAT,telecho|telecho|B,0
2026-07-09 04:33:58,Speed Baccarat 18,niconico|nikoichi|P,1
2026-07-09 04:59:08,Korean Speed Baccarat 5,niconico|dragon|B,1
2026-07-09 05:18:00,Vietnamese Speed Baccarat 1,telecho|telecho|B,0
2026-07-09 05:19:10,Thai Speed Baccarat 1,sansan|telecho|P,1
2026-07-09 05:44:04,Korean Speed Baccarat 3,telecho|telecho|B,1
2026-07-09 06:22:38,Speed Baccarat 3,niconico|dragon|B,0
2026-07-09 06:25:49,Baccarat 6,niconico|nikoichi|P,0
2026-07-09 06:27:52,Korean Speed Baccarat 5,telecho|telecho|B,1
2026-07-09 06:29:37,Korean Speed Baccarat 5,telecho|telecho|B,0
2026-07-09 06:31:43,Japanese Speed Baccarat 1,niconico|dragon|B,0
2026-07-09 06:36:58,Speed Baccarat 2,telecho|nikoichi|P,1
2026-07-09 06:37:20,Speed Baccarat 2,niconico|nikoichi|B,0
2026-07-09 06:50:07,Turbo Baccarat,niconico|nikoichi|B,0
2026-07-09 06:52:18,Japanese Speed Baccarat 2,telecho|telecho|B,1
2026-07-09 06:53:16,Speed Baccarat 15,telecho|telecho|B,0
2026-07-09 06:58:25,Chinese Speed Baccarat 3,niconico|dragon|B,1
2026-07-09 07:12:09,Baccarat 5,telecho|telecho|B,0
2026-07-09 07:12:19,Speed Baccarat 9,telecho|nikoichi|P,1
2026-07-09 07:16:52,Baccarat 5,niconico|nikoichi|B,0
2026-07-09 07:27:07,Korean Speed Baccarat 1,telecho|nikoichi|P,1
2026-07-09 07:34:04,Chinese Speed Baccarat 2,niconico|dragon|B,0
2026-07-09 07:40:51,Speed Baccarat 2,telecho|telecho|B,0
2026-07-09 07:57:28,Speed Baccarat 12,telecho|telecho|B,0
2026-07-09 08:08:27,Speed Baccarat 13,telecho|nikoichi|P,1
2026-07-09 08:10:31,Korean Speed Baccarat 2,telecho|nikoichi|P,0
2026-07-09 08:25:32,Korean Speed Baccarat 5,telecho|nikoichi|P,1
2026-07-09 08:36:15,Indonesian Speed Baccarat 2,telecho|telecho|B,1
2026-07-09 08:43:19,Korean Speed Baccarat 2,telecho|telecho|B,0
2026-07-09 08:51:32,Japanese Speed Baccarat 2,telecho|telecho|B,1
2026-07-09 09:12:54,Speed Baccarat 13,telecho|telecho|B,1
2026-07-09 09:15:19,Speed Baccarat 13,telecho|nikoichi|P,1
2026-07-09 09:27:36,Turbo Baccarat,telecho|telecho|B,1
2026-07-09 09:36:11,Indonesian Speed Baccarat 2,niconico|dragon|B,1
2026-07-09 09:40:13,Baccarat 2,niconico|dragon|B,1
2026-07-09 10:03:37,Korean Speed Baccarat 1,telecho|nikoichi|P,0
2026-07-09 10:18:10,Speed Baccarat 3,niconico|dragon|B,0
2026-07-09 10:23:12,Korean Speed Baccarat 3,telecho|telecho|B,1
2026-07-09 10:23:20,Amazing Baccarat,telecho|telecho|B,0
2026-07-09 10:24:18,Baccarat 3,niconico|dragon|B,0
2026-07-09 10:32:38,Korean Speed Baccarat 1,telecho|nikoichi|P,0
2026-07-09 10:39:04,Vietnamese Speed Baccarat 3,telecho|nikoichi|P,0
2026-07-09 10:44:36,Speed Baccarat 9,niconico|dragon|B,1
2026-07-09 10:49:48,Chinese Speed Baccarat 3,telecho|telecho|B,1
2026-07-09 11:11:19,Speed Baccarat 15,telecho|telecho|B,1
2026-07-09 11:24:16,Super 8 Baccarat,niconico|nikoichi|B,1
2026-07-09 11:24:24,Korean Speed Baccarat 3,telecho|telecho|B,1
2026-07-09 11:29:10,Fortune 6 Baccarat,niconico|dragon|B,0
2026-07-09 11:29:59,Korean Speed Baccarat 3,telecho|telecho|B,0
2026-07-09 11:35:39,Thai Speed Baccarat 1,niconico|dragon|B,1
2026-07-09 11:56:13,Speed Baccarat 3,telecho|telecho|B,1
2026-07-09 11:59:47,Turbo Baccarat,niconico|nikoichi|P,0
2026-07-09 12:13:49,Speed Baccarat 1,niconico|dragon|B,1
2026-07-09 12:21:31,Fortune 6 Baccarat,telecho|nikoichi|P,1
2026-07-09 12:22:41,Speed Baccarat 12,telecho|nikoichi|P,0
2026-07-09 12:27:01,Korean Speed Baccarat 3,telecho|telecho|B,1
2026-07-09 12:27:41,Japanese Speed Baccarat 1,telecho|nikoichi|P,1
2026-07-09 12:47:38,Speed Baccarat 11,telecho|nikoichi|P,0
2026-07-09 12:52:30,Thai Baccarat 1,niconico|nikoichi|B,1
2026-07-09 12:53:00,Thai Baccarat 1,niconico|nikoichi|P,1
2026-07-09 12:56:30,Japanese Speed Baccarat 2,niconico|dragon|B,1
2026-07-09 13:11:44,Speed Baccarat 1,niconico|dragon|B,1
2026-07-09 13:13:39,Indonesian Speed Baccarat 1,telecho|telecho|B,0
2026-07-09 13:14:13,Vietnamese Speed Baccarat 3,telecho|telecho|B,1
2026-07-09 13:31:27,Thai Speed Baccarat 2,telecho|nikoichi|P,0
2026-07-09 13:32:36,Chinese Speed Baccarat 2,telecho|telecho|B,0
2026-07-09 13:38:30,Korean Turbo Baccarat 1,telecho|telecho|B,0
2026-07-09 13:46:14,Speed Baccarat 11,niconico|nikoichi|B,0
2026-07-09 13:49:22,Speed Baccarat 11,telecho|telecho|B,1
2026-07-09 13:57:18,Korean Speed Baccarat 3,telecho|nikoichi|P,0
2026-07-09 13:59:39,Speed Baccarat 6,niconico|dragon|B,0
2026-07-09 14:24:10,Speed Baccarat 12,telecho|nikoichi|P,1
2026-07-09 14:30:01,Korean Speed Baccarat 2,niconico|nikoichi|P,0
2026-07-09 14:31:42,Korean Speed Baccarat 2,niconico|dragon|B,1
2026-07-09 14:41:02,Baccarat 3,telecho|nikoichi|P,0
2026-07-09 14:42:19,Speed Baccarat 9,telecho|telecho|B,0
2026-07-09 14:48:07,STAKE SPEED BACCARAT,telecho|telecho|B,0
2026-07-09 14:56:24,Indonesian Speed Baccarat 2,telecho|nikoichi|P,1
2026-07-09 14:58:07,Indonesian Speed Baccarat 2,niconico|nikoichi|P,0
2026-07-09 15:06:38,Super 8 Baccarat,telecho|nikoichi|P,1
2026-07-09 15:11:18,Baccarat 1,niconico|dragon|B,1
2026-07-09 15:22:20,Korean Baccarat 2,telecho|nikoichi|P,0
2026-07-09 15:23:41,Korean Speed Baccarat 1,niconico|nikoichi|P,1
2026-07-09 15:26:46,Fortune 6 Baccarat,telecho|telecho|B,0
2026-07-09 15:29:33,Vietnamese Speed Baccarat 1,telecho|nikoichi|P,1
2026-07-09 15:36:43,Baccarat 6,telecho|telecho|B,0
2026-07-09 15:40:03,Vietnamese Speed Baccarat 3,niconico|dragon|B,1
2026-07-09 15:44:07,Korean Speed Baccarat 5,telecho|telecho|B,0
2026-07-09 15:46:43,Baccarat 5,telecho|telecho|B,0
2026-07-09 16:01:11,Super 8 Baccarat,telecho|telecho|B,1
2026-07-09 16:06:13,Speed Baccarat 16,niconico|dragon|B,1
2026-07-09 16:06:29,Chinese Speed Baccarat 2,telecho|telecho|B,1
2026-07-09 16:08:12,Thai Baccarat 1,telecho|telecho|B,1
2026-07-09 16:08:37,Chinese Speed Baccarat 2,telecho|nikoichi|P,0
2026-07-09 16:19:32,Baccarat 6,telecho|telecho|B,1
2026-07-09 16:20:54,Baccarat 3,telecho|telecho|B,0
2026-07-09 16:22:24,Thai Speed Baccarat 1,niconico|dragon|B,1
2026-07-09 16:27:15,Speed Baccarat 13,niconico|dragon|B,0
2026-07-09 16:46:53,Speed Baccarat 11,telecho|nikoichi|P,1
2026-07-09 16:50:12,Baccarat 3,telecho|nikoichi|P,1
2026-07-09 16:51:36,Speed Baccarat 11,telecho|nikoichi|P,0
2026-07-09 16:54:39,Speed Baccarat 6,telecho|telecho|B,0
2026-07-09 17:02:35,Korean Speed Baccarat 3,telecho|nikoichi|P,1
2026-07-09 17:07:11,Baccarat 7,telecho|nikoichi|P,0
2026-07-09 17:16:57,Korean Speed Baccarat 5,telecho|telecho|B,0
2026-07-09 17:23:59,Chinese Speed Baccarat 3,niconico|dragon|B,0
2026-07-09 17:24:14,Speed Baccarat 2,niconico|dragon|B,0
2026-07-09 17:24:22,Speed Baccarat 9,telecho|nikoichi|P,0
2026-07-09 17:28:01,Speed Baccarat 15,telecho|nikoichi|P,1
2026-07-09 17:32:00,Vietnamese Speed Baccarat 1,telecho|telecho|B,0
2026-07-09 17:47:39,Speed Baccarat 11,niconico|nikoichi|P,1
2026-07-09 17:47:52,Speed Baccarat 8,telecho|telecho|B,0
2026-07-09 17:54:20,Chinese Speed Baccarat 3,telecho|telecho|B,0
2026-07-09 18:10:59,STAKE SPEED BACCARAT,telecho|nikoichi|P,1
2026-07-09 18:11:33,Indonesian Speed Baccarat 1,niconico|dragon|B,1
2026-07-09 18:12:29,STAKE SPEED BACCARAT,niconico|nikoichi|P,0
2026-07-09 18:16:57,Turbo Baccarat,telecho|nikoichi|P,1
2026-07-09 18:18:00,Speed Baccarat 5,niconico|nikoichi|P,0
2026-07-09 18:18:16,Fortune 6 Baccarat,telecho|telecho|B,0
2026-07-09 18:21:40,Korean Speed Baccarat 1,niconico|nikoichi|B,0
2026-07-09 18:25:03,Korean Turbo Baccarat 1,telecho|telecho|B,1
2026-07-09 18:36:39,Speed Baccarat 3,telecho|telecho|B,0
2026-07-09 18:42:24,STAKE SPEED BACCARAT,telecho|nikoichi|P,0
2026-07-09 19:02:01,Speed Baccarat 8,niconico|nikoichi|B,0
2026-07-09 19:04:51,Korean Baccarat 2,niconico|dragon|B,0
2026-07-09 19:15:59,Korean Baccarat 1,niconico|dragon|B,1
2026-07-09 19:17:13,Speed Baccarat 12,niconico|dragon|B,1
2026-07-09 19:24:14,Baccarat 6,telecho|telecho|B,1
2026-07-09 19:27:12,Speed Baccarat 16,telecho|telecho|B,1
2026-07-09 19:39:08,STAKE SPEED BACCARAT,telecho|telecho|B,0
2026-07-09 19:41:14,Baccarat 9,niconico|nikoichi|P,1
2026-07-09 19:50:01,Korean Baccarat 2,telecho|telecho|B,1
2026-07-09 19:50:39,Speed Baccarat 1,telecho|nikoichi|P,1
2026-07-09 20:10:06,Speed Baccarat 2,niconico|nikoichi|P,0
2026-07-09 20:19:06,Thai Baccarat 1,telecho|telecho|B,0
2026-07-09 20:32:53,Turbo Baccarat,niconico|nikoichi|P,1
2026-07-09 20:33:10,Turbo Baccarat,niconico|nikoichi|B,0
2026-07-09 20:36:25,Baccarat 7,sansan|telecho|P,1
2026-07-09 20:43:57,Vietnamese Speed Baccarat 1,telecho|telecho|B,1
2026-07-09 20:52:24,Fortune 6 Baccarat,niconico|nikoichi|P,1
2026-07-09 20:56:34,Speed Baccarat 6,telecho|telecho|B,1
2026-07-09 21:06:59,STAKE SPEED BACCARAT,telecho|nikoichi|P,1
2026-07-09 21:08:47,Korean Baccarat 1,telecho|nikoichi|P,0
2026-07-09 21:11:00,Baccarat 6,niconico|dragon|B,0
2026-07-09 21:42:54,Chinese Speed Baccarat 2,niconico|nikoichi|B,1
2026-07-09 21:46:17,Speed Baccarat 8,telecho|nikoichi|P,1
2026-07-09 21:50:02,Speed Baccarat 8,telecho|telecho|B,0
2026-07-09 21:56:51,Baccarat 9,telecho|telecho|B,0
2026-07-09 22:12:23,MEGA BACCARAT,telecho|telecho|B,0
2026-07-09 22:34:05,Baccarat 9,telecho|telecho|B,0
2026-07-09 22:38:55,Speed Baccarat 3,telecho|telecho|B,1
2026-07-09 22:42:31,Speed Baccarat 11,telecho|nikoichi|P,1
2026-07-09 22:43:36,Speed Baccarat 8,telecho|nikoichi|P,0
2026-07-09 22:47:57,Thai Speed Baccarat 2,telecho|telecho|B,0
2026-07-09 22:53:03,Speed Baccarat 6,telecho|telecho|B,1
2026-07-09 23:02:12,Speed Baccarat 5,telecho|nikoichi|P,0
2026-07-09 23:05:08,Indonesian Speed Baccarat 1,telecho|telecho|B,1
2026-07-09 23:09:46,Japanese Speed Baccarat 1,niconico|dragon|B,1
2026-07-09 23:09:53,Thai Baccarat 1,niconico|dragon|B,0
2026-07-09 23:11:17,Vietnamese Speed Baccarat 1,niconico|dragon|B,0
2026-07-09 23:27:05,Super 8 Baccarat,niconico|nikoichi|B,1
2026-07-09 23:28:25,Baccarat 1,telecho|nikoichi|P,1
2026-07-09 23:31:38,Indonesian Speed Baccarat 1,niconico|nikoichi|B,0
2026-07-09 23:35:31,Korean Turbo Baccarat 1,telecho|nikoichi|P,0
2026-07-09 23:40:00,Chinese Speed Baccarat 2,telecho|nikoichi|P,1
2026-07-10 00:12:39,STAKE SPEED BACCARAT,niconico|nikoichi|P,1
2026-07-10 00:49:45,Chinese Speed Baccarat 2,telecho|telecho|B,0
2026-07-10 01:09:46,Thai Speed Baccarat 1,telecho|nikoichi|P,0
2026-07-10 01:20:32,Indonesian Speed Baccarat 2,telecho|nikoichi|P,0
2026-07-10 01:21:49,Speed Baccarat 8,telecho|nikoichi|P,1
2026-07-10 01:40:21,Speed Baccarat 12,niconico|dragon|B,0
2026-07-10 01:47:22,Baccarat 5,niconico|dragon|B,0
2026-07-10 01:47:31,Korean Speed Baccarat 2,telecho|nikoichi|P,1
2026-07-10 02:00:21,Vietnamese Speed Baccarat 3,niconico|dragon|B,1
2026-07-10 02:04:05,Speed Baccarat 13,niconico|dragon|B,1
2026-07-10 02:07:46,Thai Speed Baccarat 2,telecho|telecho|B,0
2026-07-10 02:08:20,Speed Baccarat 5,telecho|telecho|B,1
2026-07-10 02:09:15,Korean Speed Baccarat 3,telecho|nikoichi|P,0
2026-07-10 02:17:39,Vietnamese Speed Baccarat 1,niconico|dragon|B,1
2026-07-10 02:23:49,Big Small Baccarat,telecho|nikoichi|P,0
2026-07-10 02:35:04,Speed Baccarat 18,niconico|dragon|B,1
2026-07-10 02:37:48,Super 8 Baccarat,niconico|dragon|B,0
2026-07-10 02:39:42,Speed Baccarat 1,telecho|nikoichi|P,0
2026-07-10 02:40:08,Speed Baccarat 12,telecho|telecho|B,0
2026-07-10 02:45:38,Chinese Speed Baccarat 3,niconico|nikoichi|B,0
2026-07-10 02:46:53,Baccarat 6,telecho|telecho|B,0
2026-07-10 02:58:21,Speed Baccarat 11,telecho|telecho|B,1
2026-07-10 03:25:19,Speed Baccarat 13,telecho|telecho|B,1
2026-07-10 03:30:48,Speed Baccarat 2,telecho|nikoichi|P,0
2026-07-10 03:46:10,Amazing Baccarat,telecho|nikoichi|P,0
2026-07-10 03:50:00,Korean Speed Baccarat 2,telecho|telecho|B,1
2026-07-10 04:08:19,Korean Speed Baccarat 1,niconico|dragon|B,0
2026-07-10 04:13:17,Speed Baccarat 1,telecho|telecho|B,0
2026-07-10 04:21:50,Indonesian Speed Baccarat 1,telecho|telecho|B,1
2026-07-10 04:21:56,Korean Speed Baccarat 5,niconico|nikoichi|P,1
2026-07-10 04:26:43,Japanese Speed Baccarat 2,telecho|telecho|B,0
2026-07-10 04:42:14,Baccarat 6,niconico|dragon|B,1
2026-07-10 04:51:02,Chinese Speed Baccarat 1,niconico|nikoichi|P,1
2026-07-10 04:56:25,Big Small Baccarat,niconico|dragon|B,0
2026-07-10 05:00:27,HI LO BACCARAT,niconico|nikoichi|P,0
2026-07-10 05:01:08,Speed Baccarat 3,telecho|telecho|B,1
2026-07-10 05:02:08,Speed Baccarat 18,telecho|telecho|B,0
2026-07-10 05:03:24,Speed Baccarat 3,niconico|dragon|B,1
2026-07-10 05:16:30,Speed Baccarat 6,telecho|telecho|B,1
2026-07-10 05:17:44,Chinese Speed Baccarat 3,telecho|nikoichi|P,1
2026-07-10 05:18:35,Baccarat 6,telecho|telecho|B,1
2026-07-10 05:19:18,Korean Speed Baccarat 5,telecho|telecho|B,0
2026-07-10 05:20:39,Baccarat 3,niconico|nikoichi|B,1
2026-07-10 05:26:52,Big Small Baccarat,niconico|dragon|B,1
2026-07-10 05:53:16,Thai Speed Baccarat 2,telecho|nikoichi|P,0
2026-07-10 05:57:09,Speed Baccarat 9,telecho|telecho|B,1
2026-07-10 06:00:16,Speed Baccarat 12,telecho|telecho|B,1
2026-07-10 06:16:11,Korean Speed Baccarat 3,niconico|nikoichi|P,0
2026-07-10 06:20:31,Korean Turbo Baccarat 1,telecho|nikoichi|P,0
2026-07-10 06:26:21,Japanese Speed Baccarat 2,telecho|telecho|B,1
2026-07-10 06:27:55,Japanese Speed Baccarat 2,telecho|telecho|B,0
2026-07-10 06:32:44,Baccarat 6,telecho|telecho|B,0
2026-07-10 06:41:20,Chinese Speed Baccarat 2,telecho|telecho|B,0
2026-07-10 06:48:35,Thai Baccarat 1,niconico|dragon|B,0
2026-07-10 06:54:19,Turbo Baccarat,telecho|nikoichi|P,1
2026-07-10 06:57:46,Baccarat 1,niconico|nikoichi|P,0
2026-07-10 06:59:07,Korean Speed Baccarat 2,niconico|nikoichi|P,0
2026-07-10 07:00:01,Super 8 Baccarat,telecho|telecho|B,1
2026-07-10 07:00:46,Super 8 Baccarat,telecho|telecho|B,0
2026-07-10 07:00:52,Speed Baccarat 1,niconico|nikoichi|B,0
2026-07-10 07:02:13,Super 8 Baccarat,telecho|nikoichi|P,1
2026-07-10 07:19:00,Speed Baccarat 8,telecho|nikoichi|P,1
2026-07-10 07:22:19,Korean Speed Baccarat 3,telecho|telecho|B,0
2026-07-10 07:22:25,Thai Baccarat 1,telecho|telecho|B,0
2026-07-10 07:25:03,Chinese Speed Baccarat 1,telecho|telecho|B,0
2026-07-10 07:30:11,Baccarat 1,niconico|nikoichi|P,1
2026-07-10 07:55:11,Korean Baccarat 2,telecho|telecho|B,1
2026-07-10 07:59:50,Big Small Baccarat,telecho|nikoichi|P,1
2026-07-10 08:00:47,Speed Baccarat 1,niconico|dragon|B,0
2026-07-10 08:03:28,Indonesian Speed Baccarat 2,telecho|telecho|B,1
2026-07-10 08:06:33,Speed Baccarat 5,telecho|nikoichi|P,1
2026-07-10 08:10:21,Chinese Speed Baccarat 3,telecho|telecho|B,0
2026-07-10 08:22:08,Japanese Speed Baccarat 3,telecho|nikoichi|P,1
2026-07-10 08:22:44,STAKE SPEED BACCARAT,niconico|dragon|B,0
2026-07-10 08:30:06,Vietnamese Speed Baccarat 3,telecho|telecho|B,1
2026-07-10 08:30:56,Speed Baccarat 9,niconico|dragon|B,1
2026-07-10 08:39:58,Indonesian Speed Baccarat 1,telecho|telecho|B,1
2026-07-10 08:52:57,MEGA BACCARAT,telecho|telecho|B,1
2026-07-10 08:56:55,Fortune 6 Baccarat,telecho|telecho|B,1
2026-07-10 09:06:08,Fortune 6 Baccarat,telecho|telecho|B,1
2026-07-10 09:22:31,Speed Baccarat 2,telecho|telecho|B,0
2026-07-10 09:23:04,Korean Speed Baccarat 3,telecho|telecho|B,1
2026-07-10 09:23:11,Indonesian Speed Baccarat 1,telecho|nikoichi|P,0
2026-07-10 09:26:11,Speed Baccarat 8,niconico|dragon|B,0
2026-07-10 09:28:14,Baccarat 5,telecho|telecho|B,1
2026-07-10 09:32:00,Korean Speed Baccarat 5,niconico|dragon|B,1
2026-07-10 09:59:12,Korean Speed Baccarat 5,telecho|telecho|B,0
2026-07-10 10:00:49,Baccarat 1,telecho|nikoichi|P,0
2026-07-10 10:03:15,Korean Speed Baccarat 1,niconico|dragon|B,0
2026-07-10 10:21:02,STAKE SPEED BACCARAT,telecho|telecho|B,1
2026-07-10 10:27:37,Turbo Baccarat,telecho|nikoichi|P,0
2026-07-10 10:29:20,Speed Baccarat 18,telecho|telecho|B,0
2026-07-10 10:31:17,Baccarat 2,telecho|telecho|B,1
2026-07-10 10:31:41,Japanese Speed Baccarat 2,niconico|dragon|B,0
2026-07-10 10:33:52,Korean Speed Baccarat 1,niconico|dragon|B,0
2026-07-10 10:34:36,Vietnamese Speed Baccarat 3,telecho|telecho|B,0
2026-07-10 10:36:10,Vietnamese Speed Baccarat 3,telecho|nikoichi|P,1
2026-07-10 10:43:01,Speed Baccarat 6,telecho|nikoichi|P,0
2026-07-10 10:45:46,Vietnamese Speed Baccarat 1,telecho|nikoichi|P,1
2026-07-10 10:48:21,Speed Baccarat 13,niconico|nikoichi|P,0
2026-07-10 10:51:37,Vietnamese Speed Baccarat 2,niconico|nikoichi|B,0
2026-07-10 10:52:52,Japanese Speed Baccarat 3,telecho|telecho|B,0
2026-07-10 11:01:10,Japanese Speed Baccarat 3,telecho|telecho|B,0
2026-07-10 11:05:26,Thai Speed Baccarat 1,telecho|nikoichi|P,0
2026-07-10 11:40:12,Speed Baccarat 13,telecho|telecho|B,0
2026-07-10 11:45:34,STAKE SPEED BACCARAT,telecho|nikoichi|P,0
2026-07-10 12:17:13,STAKE SPEED BACCARAT,telecho|nikoichi|P,1
2026-07-10 12:41:30,Big Small Baccarat,telecho|nikoichi|P,1
2026-07-10 12:49:27,Japanese Speed Baccarat 1,niconico|nikoichi|B,1
2026-07-10 12:52:30,Baccarat 3,telecho|nikoichi|P,1
2026-07-10 12:55:36,Thai Speed Baccarat 2,telecho|nikoichi|P,1
2026-07-10 13:12:50,Korean Baccarat 1,niconico|nikoichi|B,1
2026-07-10 13:24:18,Vietnamese Speed Baccarat 2,niconico|nikoichi|P,0
2026-07-10 13:26:19,Fortune 6 Baccarat,niconico|dragon|B,0
2026-07-10 13:30:46,Speed Baccarat 9,niconico|dragon|B,0
2026-07-10 13:33:08,Korean Speed Baccarat 3,niconico|dragon|B,1
2026-07-10 13:33:21,Thai Speed Baccarat 1,niconico|nikoichi|B,0
2026-07-10 13:36:27,Baccarat 6,telecho|telecho|B,1
2026-07-10 13:42:56,Chinese Speed Baccarat 2,telecho|nikoichi|P,1
2026-07-10 13:48:14,Japanese Speed Baccarat 1,telecho|nikoichi|P,0
2026-07-10 13:53:43,Korean Turbo Baccarat 1,telecho|telecho|B,0
2026-07-10 13:54:20,Korean Baccarat 1,niconico|dragon|B,1
2026-07-10 13:54:56,Korean Turbo Baccarat 1,telecho|nikoichi|P,1
2026-07-10 14:22:32,Speed Baccarat 3,telecho|telecho|B,0
2026-07-10 14:26:17,Speed Baccarat 18,niconico|nikoichi|B,1
2026-07-10 14:30:10,Speed Baccarat 9,telecho|telecho|B,0
2026-07-10 14:52:44,MEGA BACCARAT,telecho|nikoichi|P,1
2026-07-10 14:57:41,Chinese Speed Baccarat 1,telecho|telecho|B,0
2026-07-10 15:00:22,Chinese Speed Baccarat 1,niconico|dragon|B,0
2026-07-10 15:03:54,Speed Baccarat 9,sansan|telecho|P,1
2026-07-10 15:06:23,Korean Speed Baccarat 5,telecho|telecho|B,0
2026-07-10 15:19:18,Indonesian Speed Baccarat 2,telecho|nikoichi|P,1
2026-07-10 15:23:22,Fortune 6 Baccarat,telecho|nikoichi|P,0
2026-07-10 15:27:04,Chinese Speed Baccarat 1,telecho|telecho|B,1
2026-07-10 15:30:41,Speed Baccarat 2,telecho|nikoichi|P,1
2026-07-10 15:32:36,Speed Baccarat 1,telecho|telecho|B,0
2026-07-10 15:39:32,Speed Baccarat 6,telecho|nikoichi|P,0
2026-07-10 15:44:03,Speed Baccarat 18,telecho|telecho|B,0
2026-07-10 15:53:09,Thai Speed Baccarat 1,niconico|nikoichi|B,1
2026-07-10 15:53:17,Vietnamese Speed Baccarat 1,niconico|nikoichi|B,1
2026-07-10 15:54:51,Speed Baccarat 12,telecho|telecho|B,0
2026-07-10 16:07:17,Baccarat 5,niconico|dragon|B,0
2026-07-10 16:17:48,Chinese Speed Baccarat 2,niconico|nikoichi|P,0
2026-07-10 16:23:10,Thai Speed Baccarat 1,telecho|nikoichi|P,1
2026-07-10 16:37:44,Speed Baccarat 8,telecho|telecho|B,1
2026-07-10 16:38:54,Speed Baccarat 13,niconico|nikoichi|P,0
2026-07-10 16:48:13,Speed Baccarat 5,niconico|nikoichi|B,1
2026-07-10 16:51:39,Baccarat 6,telecho|telecho|B,0
2026-07-10 16:58:45,Speed Baccarat 12,niconico|dragon|B,1
2026-07-10 17:01:53,Chinese Speed Baccarat 1,niconico|dragon|B,0
2026-07-10 17:13:51,Chinese Speed Baccarat 3,telecho|telecho|B,0
2026-07-10 17:27:10,Fortune 6 Baccarat,niconico|nikoichi|P,0
2026-07-10 17:30:04,Fortune 6 Baccarat,sansan|telecho|P,0
2026-07-10 17:40:45,HI LO BACCARAT,niconico|dragon|B,0
2026-07-10 17:43:47,Speed Baccarat 18,telecho|telecho|B,1
2026-07-10 17:44:35,Vietnamese Speed Baccarat 3,telecho|telecho|B,0
2026-07-10 17:52:55,Speed Baccarat 12,telecho|telecho|B,0
2026-07-10 18:04:39,Big Small Baccarat,niconico|nikoichi|P,0
2026-07-10 18:07:37,STAKE SPEED BACCARAT,telecho|telecho|B,1
2026-07-10 18:13:24,Chinese Speed Baccarat 3,telecho|nikoichi|P,0
2026-07-10 18:17:27,Korean Baccarat 1,telecho|nikoichi|P,0
2026-07-10 18:29:30,Speed Baccarat 15,niconico|dragon|B,0
2026-07-10 18:34:47,Baccarat 9,telecho|nikoichi|P,1
2026-07-10 18:36:21,Baccarat 5,niconico|nikoichi|B,1
2026-07-10 18:42:24,Thai Speed Baccarat 1,telecho|nikoichi|P,0
2026-07-10 18:42:54,Super 8 Baccarat,telecho|nikoichi|P,0
2026-07-10 19:01:49,Speed Baccarat 17,telecho|telecho|B,0
2026-07-10 19:06:58,Speed Baccarat 6,telecho|telecho|B,1
2026-07-10 19:38:24,Speed Baccarat 9,telecho|nikoichi|P,1
2026-07-10 19:43:06,Baccarat 2,telecho|nikoichi|P,0
2026-07-10 19:47:55,Baccarat 7,niconico|dragon|B,0
2026-07-10 19:52:34,Baccarat 5,telecho|telecho|B,0
2026-07-10 19:53:06,Speed Baccarat 12,niconico|nikoichi|P,0
2026-07-10 20:00:45,Speed Baccarat 15,niconico|nikoichi|B,0
2026-07-10 20:06:21,Speed Baccarat 6,niconico|dragon|B,0
2026-07-10 20:18:33,Baccarat 2,niconico|dragon|B,1
2026-07-10 20:22:42,Korean Baccarat 2,telecho|nikoichi|P,0
2026-07-10 20:26:26,Korean Baccarat 2,niconico|dragon|B,0
2026-07-10 20:29:45,Speed Baccarat 1,telecho|telecho|B,1
2026-07-10 20:30:29,Speed Baccarat 1,telecho|telecho|B,0
2026-07-10 20:51:28,Korean Speed Baccarat 1,niconico|dragon|B,0
2026-07-10 20:52:01,Speed Baccarat 16,telecho|nikoichi|P,0
2026-07-10 20:57:38,Baccarat 2,telecho|telecho|B,1
2026-07-10 21:04:55,Thai Speed Baccarat 1,niconico|dragon|B,1
2026-07-10 21:05:41,Thai Baccarat 1,telecho|telecho|B,1
2026-07-10 21:11:07,Korean Speed Baccarat 3,telecho|telecho|B,0
2026-07-10 21:11:45,Super 8 Baccarat,niconico|dragon|B,0
2026-07-10 21:25:51,Korean Speed Baccarat 2,telecho|nikoichi|P,0
2026-07-10 21:27:28,Korean Turbo Baccarat 1,niconico|nikoichi|B,0
2026-07-10 21:35:55,Speed Baccarat 6,niconico|nikoichi|P,1
2026-07-10 21:41:19,Turbo Baccarat,telecho|telecho|B,0
2026-07-10 21:41:39,Baccarat 5,telecho|telecho|B,1
2026-07-10 21:53:45,Vietnamese Speed Baccarat 1,telecho|nikoichi|P,1
2026-07-10 22:04:14,Indonesian Speed Baccarat 2,telecho|nikoichi|P,1
2026-07-10 22:10:06,Thai Speed Baccarat 1,niconico|nikoichi|P,0
2026-07-10 22:10:21,Chinese Speed Baccarat 3,telecho|nikoichi|P,0
2026-07-10 22:18:57,Vietnamese Speed Baccarat 3,telecho|telecho|B,0
2026-07-10 22:24:06,Indonesian Speed Baccarat 1,telecho|telecho|B,0
2026-07-10 22:27:01,Fortune 6 Baccarat,telecho|nikoichi|P,1
2026-07-10 22:30:50,Speed Baccarat 11,telecho|telecho|B,1
2026-07-10 22:34:16,Speed Baccarat 11,telecho|nikoichi|P,0
2026-07-10 22:46:01,Chinese Speed Baccarat 2,telecho|telecho|B,0
2026-07-10 22:50:00,Turbo Baccarat,telecho|telecho|B,0
2026-07-10 22:52:32,Baccarat 3,telecho|telecho|B,0
2026-07-10 23:01:00,Chinese Speed Baccarat 1,telecho|telecho|B,1
2026-07-10 23:15:23,Speed Baccarat 12,telecho|telecho|B,1
2026-07-10 23:18:55,Chinese Speed Baccarat 2,niconico|dragon|B,0
2026-07-10 23:22:01,Speed Baccarat 8,telecho|telecho|B,0
2026-07-10 23:22:12,Indonesian Speed Baccarat 1,niconico|dragon|B,0
2026-07-10 23:43:02,Baccarat 6,telecho|telecho|B,0
2026-07-10 23:43:47,Korean Turbo Baccarat 1,sansan|telecho|P,0
2026-07-10 23:48:44,Speed Baccarat 16,niconico|nikoichi|B,1
2026-07-11 00:12:47,Turbo Baccarat,telecho|telecho|B,0
2026-07-11 00:14:13,Speed Baccarat 16,telecho|telecho|B,0
2026-07-11 00:15:39,Korean Speed Baccarat 5,telecho|nikoichi|P,0
2026-07-11 00:42:14,Super 8 Baccarat,telecho|telecho|B,1
2026-07-11 00:46:33,Speed Baccarat 8,niconico|dragon|B,0
2026-07-11 01:00:04,Thai Speed Baccarat 2,telecho|telecho|B,1
2026-07-11 01:04:25,Amazing Baccarat,telecho|nikoichi|P,0
2026-07-11 01:14:08,Speed Baccarat 8,telecho|nikoichi|P,1
2026-07-11 01:16:06,Fortune 6 Baccarat,niconico|dragon|B,0
2026-07-11 01:16:15,Korean Turbo Baccarat 1,telecho|telecho|B,0
2026-07-11 01:30:51,Speed Baccarat 1,telecho|nikoichi|P,0
2026-07-11 01:32:00,Vietnamese Speed Baccarat 2,telecho|telecho|B,0
2026-07-11 01:32:06,Indonesian Speed Baccarat 2,niconico|dragon|B,1
2026-07-11 01:45:25,Vietnamese Speed Baccarat 3,telecho|telecho|B,0
2026-07-11 01:54:10,Speed Baccarat 6,telecho|telecho|B,1
2026-07-11 02:12:42,Chinese Speed Baccarat 3,niconico|dragon|B,0
2026-07-11 02:17:26,Super 8 Baccarat,telecho|telecho|B,0
2026-07-11 02:26:50,Thai Speed Baccarat 2,telecho|telecho|B,0
2026-07-11 02:33:31,Japanese Speed Baccarat 3,telecho|telecho|B,1
2026-07-11 02:38:17,Vietnamese Speed Baccarat 2,telecho|telecho|B,0
2026-07-11 02:40:36,Chinese Speed Baccarat 3,telecho|nikoichi|P,1
2026-07-11 02:51:09,Baccarat 6,niconico|dragon|B,0
2026-07-11 02:53:54,Turbo Baccarat,telecho|telecho|B,0
2026-07-11 02:58:03,Japanese Speed Baccarat 3,telecho|nikoichi|P,0
2026-07-11 02:59:23,Baccarat 1,niconico|dragon|B,0
2026-07-11 02:59:50,Indonesian Speed Baccarat 2,niconico|nikoichi|P,1
2026-07-11 03:30:22,Speed Baccarat 3,telecho|telecho|B,1
2026-07-11 03:35:21,Speed Baccarat 5,niconico|dragon|B,0
2026-07-11 03:43:35,Speed Baccarat 11,niconico|dragon|B,0
2026-07-11 03:44:23,Speed Baccarat 18,niconico|dragon|B,0
2026-07-11 03:46:53,Korean Speed Baccarat 1,telecho|telecho|B,0
2026-07-11 03:50:27,Baccarat 9,telecho|telecho|B,0
2026-07-11 03:53:10,Speed Baccarat 6,telecho|telecho|B,1
2026-07-11 03:53:19,Thai Speed Baccarat 1,telecho|nikoichi|P,0
2026-07-11 04:01:10,Japanese Speed Baccarat 3,niconico|dragon|B,1
2026-07-11 04:11:49,Speed Baccarat 12,niconico|nikoichi|P,0
2026-07-11 04:19:24,Big Small Baccarat,telecho|telecho|B,0
2026-07-11 04:40:00,Speed Baccarat 2,telecho|nikoichi|P,0
2026-07-11 04:47:04,STAKE SPEED BACCARAT,telecho|telecho|B,1
2026-07-11 04:55:11,Japanese Speed Baccarat 2,niconico|dragon|B,1
2026-07-11 04:56:43,Speed Baccarat 3,telecho|telecho|B,1
2026-07-11 05:02:24,Vietnamese Speed Baccarat 1,telecho|telecho|B,0
2026-07-11 05:09:21,Chinese Speed Baccarat 3,telecho|telecho|B,1
2026-07-11 05:20:48,STAKE SPEED BACCARAT,telecho|telecho|B,1
2026-07-11 05:22:55,Speed Baccarat 12,telecho|nikoichi|P,1
2026-07-11 05:23:35,Baccarat 2,telecho|nikoichi|P,0
2026-07-11 05:31:08,Korean Turbo Baccarat 1,telecho|telecho|B,0
2026-07-11 05:32:59,Speed Baccarat 3,niconico|dragon|B,0
2026-07-11 05:56:10,Korean Turbo Baccarat 1,niconico|dragon|B,1
2026-07-11 06:01:44,Big Small Baccarat,niconico|dragon|B,1
2026-07-11 06:10:39,Speed Baccarat 12,niconico|dragon|B,0
2026-07-11 06:11:27,Fortune 6 Baccarat,niconico|nikoichi|P,1
2026-07-11 06:11:49,Fortune 6 Baccarat,niconico|nikoichi|B,1
2026-07-11 06:23:16,Vietnamese Speed Baccarat 3,niconico|dragon|B,1
2026-07-11 06:27:48,MEGA BACCARAT,telecho|telecho|B,1
2026-07-11 06:31:20,Thai Baccarat 1,telecho|telecho|B,1
2026-07-11 06:31:58,Japanese Speed Baccarat 3,telecho|telecho|B,0
2026-07-11 06:35:37,Speed Baccarat 18,telecho|telecho|B,0
2026-07-11 06:42:47,Speed Baccarat 12,telecho|nikoichi|P,0
2026-07-11 06:52:15,STAKE SPEED BACCARAT,niconico|dragon|B,1
2026-07-11 06:52:36,STAKE SPEED BACCARAT,niconico|dragon|B,0
2026-07-11 07:07:55,Indonesian Speed Baccarat 1,telecho|telecho|B,0
2026-07-11 07:12:28,Speed Baccarat 11,niconico|dragon|B,0
2026-07-11 07:31:11,Korean Speed Baccarat 1,telecho|nikoichi|P,1
2026-07-11 07:37:28,Vietnamese Speed Baccarat 1,telecho|telecho|B,0
2026-07-11 07:41:29,Chinese Speed Baccarat 3,telecho|telecho|B,0
2026-07-11 07:53:51,Japanese Speed Baccarat 2,telecho|telecho|B,1
2026-07-11 08:03:46,Baccarat 3,niconico|dragon|B,1
2026-07-11 08:04:26,Speed Baccarat 18,telecho|nikoichi|P,0
2026-07-11 08:07:13,Vietnamese Speed Baccarat 1,niconico|dragon|B,0
2026-07-11 08:24:34,Vietnamese Speed Baccarat 3,telecho|nikoichi|P,0
2026-07-11 08:25:37,Chinese Speed Baccarat 1,niconico|nikoichi|P,0
2026-07-11 08:37:04,Turbo Baccarat,telecho|nikoichi|P,1
2026-07-11 08:38:48,Turbo Baccarat,telecho|telecho|B,1
2026-07-11 08:54:12,Baccarat 5,telecho|telecho|B,1
2026-07-11 09:03:35,Baccarat 6,telecho|telecho|B,1
2026-07-11 09:06:03,Vietnamese Speed Baccarat 1,telecho|telecho|B,0
2026-07-11 09:18:19,MEGA BACCARAT,telecho|telecho|B,1
2026-07-11 09:36:19,Thai Baccarat 1,telecho|nikoichi|P,1
2026-07-11 10:17:20,Indonesian Speed Baccarat 2,telecho|telecho|B,1
2026-07-11 10:21:25,Japanese Speed Baccarat 2,niconico|nikoichi|P,0
2026-07-11 10:22:20,Amazing Baccarat,niconico|dragon|B,0
2026-07-11 10:23:34,Korean Speed Baccarat 2,telecho|telecho|B,0
2026-07-11 10:26:10,Chinese Speed Baccarat 1,niconico|nikoichi|B,0
2026-07-11 11:06:15,Speed Baccarat 11,telecho|nikoichi|P,0
2026-07-11 11:10:34,Speed Baccarat 13,niconico|nikoichi|P,1
2026-07-11 11:11:37,Speed Baccarat 8,telecho|telecho|B,0
2026-07-11 11:13:20,Speed Baccarat 11,niconico|nikoichi|P,1
2026-07-11 11:25:39,Korean Speed Baccarat 2,niconico|dragon|B,0
2026-07-11 11:26:47,Speed Baccarat 18,telecho|telecho|B,1
2026-07-11 11:30:10,MEGA BACCARAT,telecho|telecho|B,0
2026-07-11 11:30:38,Big Small Baccarat,telecho|telecho|B,1
2026-07-11 12:09:08,Japanese Speed Baccarat 1,niconico|dragon|B,1
2026-07-11 12:10:52,STAKE SPEED BACCARAT,niconico|nikoichi|B,0
2026-07-11 12:11:40,Indonesian Speed Baccarat 2,niconico|nikoichi|P,0
2026-07-11 12:13:08,Korean Speed Baccarat 3,niconico|dragon|B,0
2026-07-11 12:16:43,Amazing Baccarat,niconico|nikoichi|B,0
2026-07-11 12:27:53,Turbo Baccarat,telecho|telecho|B,1
2026-07-11 12:31:35,Thai Speed Baccarat 1,telecho|telecho|B,0
2026-07-11 12:58:51,Indonesian Speed Baccarat 1,niconico|dragon|B,1
2026-07-11 12:59:19,Japanese Speed Baccarat 2,telecho|nikoichi|P,0
2026-07-11 13:12:19,HI LO BACCARAT,telecho|telecho|B,0
2026-07-11 13:14:08,Chinese Speed Baccarat 3,telecho|telecho|B,0
2026-07-11 13:15:57,Baccarat 5,telecho|telecho|B,0
2026-07-11 13:20:08,Speed Baccarat 2,niconico|dragon|B,0
2026-07-11 13:21:55,Vietnamese Speed Baccarat 3,telecho|nikoichi|P,1
2026-07-11 13:25:26,Thai Baccarat 1,telecho|telecho|B,0
2026-07-11 13:27:19,Thai Speed Baccarat 1,telecho|nikoichi|P,1
2026-07-11 13:37:12,Speed Baccarat 1,telecho|nikoichi|P,0
2026-07-11 13:43:36,MEGA BACCARAT,telecho|telecho|B,1
2026-07-11 13:51:16,Speed Baccarat 15,telecho|nikoichi|P,1
2026-07-11 13:55:19,Japanese Speed Baccarat 2,telecho|telecho|B,0
2026-07-11 13:57:39,Speed Baccarat 15,telecho|telecho|B,0
2026-07-11 13:57:51,Turbo Baccarat,niconico|dragon|B,1
2026-07-11 14:08:34,Korean Speed Baccarat 5,telecho|nikoichi|P,0
2026-07-11 14:12:10,Korean Speed Baccarat 3,telecho|nikoichi|P,0
2026-07-11 14:18:12,Japanese Speed Baccarat 3,telecho|telecho|B,0
2026-07-11 14:23:21,Speed Baccarat 15,niconico|dragon|B,1
2026-07-11 14:33:21,Speed Baccarat 11,niconico|dragon|B,0
2026-07-11 14:36:40,Baccarat 6,telecho|telecho|B,0
2026-07-11 15:00:58,Baccarat 5,telecho|nikoichi|P,0
2026-07-11 15:01:22,Fortune 6 Baccarat,telecho|telecho|B,1
2026-07-11 15:09:50,Indonesian Speed Baccarat 2,telecho|nikoichi|P,1
2026-07-11 15:18:58,Thai Baccarat 1,niconico|dragon|B,1
2026-07-11 15:26:30,Turbo Baccarat,telecho|telecho|B,1
2026-07-11 15:45:36,Korean Speed Baccarat 3,telecho|nikoichi|P,1
2026-07-11 15:51:33,Speed Baccarat 18,telecho|nikoichi|P,1
2026-07-11 15:51:39,Korean Speed Baccarat 1,telecho|nikoichi|P,0
2026-07-11 16:04:56,Korean Baccarat 2,telecho|telecho|B,1
2026-07-11 16:06:01,Indonesian Speed Baccarat 2,telecho|nikoichi|P,1
2026-07-11 16:15:42,Speed Baccarat 17,telecho|nikoichi|P,1
2026-07-11 16:17:19,Big Small Baccarat,telecho|telecho|B,0
2026-07-11 16:18:10,Amazing Baccarat,sansan|telecho|P,0
2026-07-11 16:29:30,Speed Baccarat 11,niconico|nikoichi|B,1
2026-07-11 16:30:14,Speed Baccarat 11,telecho|nikoichi|P,1
2026-07-11 16:38:36,Speed Baccarat 1,telecho|nikoichi|P,0
2026-07-11 16:46:55,Speed Baccarat 8,sansan|telecho|P,1
2026-07-11 16:51:24,Speed Baccarat 2,niconico|dragon|B,0
2026-07-11 16:56:34,Speed Baccarat 11,telecho|nikoichi|P,0
2026-07-11 17:03:54,Korean Turbo Baccarat 1,niconico|dragon|B,1
2026-07-11 17:17:07,Korean Baccarat 1,telecho|nikoichi|P,0
2026-07-11 17:17:14,Thai Speed Baccarat 1,telecho|telecho|B,1
2026-07-11 17:33:08,Baccarat 5,niconico|dragon|B,0
2026-07-11 17:35:48,Speed Baccarat 16,niconico|nikoichi|P,1
2026-07-11 17:38:38,Chinese Speed Baccarat 3,telecho|telecho|B,1
2026-07-11 17:52:46,Indonesian Speed Baccarat 1,niconico|nikoichi|P,1
2026-07-11 17:58:52,Speed Baccarat 16,niconico|nikoichi|P,1
2026-07-11 18:04:12,Chinese Speed Baccarat 3,telecho|nikoichi|P,1
2026-07-11 18:05:55,Speed Baccarat 9,niconico|nikoichi|B,0
2026-07-11 18:13:50,Speed Baccarat 12,telecho|telecho|B,0
2026-07-11 18:20:06,Indonesian Speed Baccarat 1,telecho|nikoichi|P,0
2026-07-11 18:26:05,Big Small Baccarat,telecho|nikoichi|P,0
2026-07-11 18:29:12,Indonesian Speed Baccarat 2,niconico|dragon|B,1
2026-07-11 18:29:44,Korean Speed Baccarat 2,telecho|telecho|B,0
2026-07-11 18:30:52,Speed Baccarat 13,telecho|nikoichi|P,1
2026-07-11 18:39:04,Baccarat 2,telecho|telecho|B,0
2026-07-11 18:48:22,Indonesian Speed Baccarat 1,telecho|telecho|B,1
2026-07-11 18:51:25,MEGA BACCARAT,niconico|dragon|B,0
2026-07-11 18:55:03,Speed Baccarat 18,niconico|nikoichi|B,0
2026-07-11 18:58:28,Speed Baccarat 5,niconico|nikoichi|B,1
2026-07-11 19:31:14,Korean Turbo Baccarat 1,telecho|nikoichi|P,0
2026-07-11 19:41:13,Vietnamese Speed Baccarat 2,telecho|telecho|B,0
2026-07-11 19:49:41,Speed Baccarat 2,telecho|telecho|B,1
2026-07-11 19:51:56,Speed Baccarat 2,telecho|nikoichi|P,0
2026-07-11 20:09:06,Speed Baccarat 6,niconico|nikoichi|B,0
2026-07-11 20:12:43,Baccarat 6,telecho|nikoichi|P,1
2026-07-11 20:16:12,Baccarat 1,niconico|nikoichi|B,0
2026-07-11 20:35:03,Chinese Speed Baccarat 2,telecho|telecho|B,0
2026-07-11 20:36:47,Super 8 Baccarat,telecho|telecho|B,1
2026-07-11 20:48:32,Speed Baccarat 2,telecho|telecho|B,1
2026-07-11 20:49:45,Japanese Speed Baccarat 1,niconico|dragon|B,1
2026-07-11 20:54:58,Speed Baccarat 5,telecho|telecho|B,1
2026-07-11 20:58:44,Speed Baccarat 18,telecho|nikoichi|P,0
2026-07-11 21:00:49,Super 8 Baccarat,telecho|telecho|B,1
2026-07-11 21:03:18,Korean Turbo Baccarat 1,telecho|telecho|B,1
2026-07-11 21:23:33,Speed Baccarat 18,niconico|nikoichi|B,0
2026-07-11 21:25:11,Speed Baccarat 8,niconico|nikoichi|P,0
2026-07-11 21:38:25,Speed Baccarat 1,telecho|nikoichi|P,1
2026-07-11 21:39:52,Korean Baccarat 1,telecho|nikoichi|P,1
2026-07-11 21:44:08,Thai Speed Baccarat 1,telecho|telecho|B,1
2026-07-11 21:47:23,Speed Baccarat 3,telecho|telecho|B,1
2026-07-11 21:50:02,Japanese Speed Baccarat 3,telecho|telecho|B,0
2026-07-11 21:50:08,Korean Baccarat 2,telecho|telecho|B,0
2026-07-11 21:51:34,Baccarat 5,telecho|nikoichi|P,0
2026-07-11 22:00:34,Vietnamese Speed Baccarat 3,telecho|telecho|B,0
2026-07-11 22:21:52,Japanese Speed Baccarat 1,telecho|telecho|B,0
2026-07-11 22:40:06,Super 8 Baccarat,telecho|nikoichi|P,1
2026-07-11 22:41:24,Vietnamese Speed Baccarat 2,telecho|nikoichi|P,0
2026-07-11 22:42:57,Speed Baccarat 15,niconico|dragon|B,0
2026-07-11 22:43:43,Speed Baccarat 2,niconico|nikoichi|B,1
2026-07-11 22:45:36,Baccarat 6,telecho|nikoichi|P,0
2026-07-11 22:49:05,Speed Baccarat 2,niconico|dragon|B,0
2026-07-11 22:52:57,Thai Baccarat 1,niconico|nikoichi|P,0
2026-07-11 22:53:52,Thai Baccarat 1,niconico|dragon|B,1
2026-07-11 22:54:46,Vietnamese Speed Baccarat 3,telecho|telecho|B,0
2026-07-11 23:01:29,Speed Baccarat 1,telecho|telecho|B,1
2026-07-11 23:01:36,Speed Baccarat 5,niconico|nikoichi|B,1
2026-07-11 23:07:45,STAKE SPEED BACCARAT,niconico|nikoichi|P,1
2026-07-11 23:10:15,Vietnamese Speed Baccarat 1,telecho|nikoichi|P,1
2026-07-11 23:17:58,Speed Baccarat 3,niconico|nikoichi|P,0
2026-07-11 23:35:26,Chinese Speed Baccarat 3,niconico|dragon|B,0
2026-07-11 23:58:39,Speed Baccarat 11,niconico|nikoichi|P,0
2026-07-12 00:04:04,HI LO BACCARAT,telecho|telecho|B,1
2026-07-12 00:11:58,Speed Baccarat 2,telecho|telecho|B,0
2026-07-12 00:17:29,Speed Baccarat 3,telecho|nikoichi|P,0
2026-07-12 00:19:00,Fortune 6 Baccarat,niconico|dragon|B,1
2026-07-12 00:36:34,Baccarat 1,niconico|nikoichi|P,1
2026-07-12 00:39:24,Speed Baccarat 3,telecho|telecho|B,0
2026-07-12 00:44:10,Baccarat 9,telecho|nikoichi|P,0
2026-07-12 00:45:42,Super 8 Baccarat,telecho|telecho|B,0
2026-07-12 00:49:47,Super 8 Baccarat,telecho|nikoichi|P,0
2026-07-12 00:54:15,Speed Baccarat 16,telecho|nikoichi|P,0
2026-07-12 01:04:06,Korean Baccarat 2,telecho|telecho|B,1
2026-07-12 01:40:45,Speed Baccarat 18,telecho|telecho|B,0
2026-07-12 01:44:28,Chinese Speed Baccarat 1,telecho|nikoichi|P,1
2026-07-12 01:48:15,Speed Baccarat 6,niconico|dragon|B,1
2026-07-12 02:22:49,Super 8 Baccarat,niconico|nikoichi|P,1
2026-07-12 02:24:49,Vietnamese Speed Baccarat 3,niconico|dragon|B,1
2026-07-12 02:45:30,Speed Baccarat 11,telecho|telecho|B,0
2026-07-12 02:50:20,Korean Speed Baccarat 1,telecho|telecho|B,0
2026-07-12 02:54:01,Korean Turbo Baccarat 1,telecho|telecho|B,0
2026-07-12 02:55:21,Baccarat 1,telecho|nikoichi|P,1
2026-07-12 02:56:23,Japanese Speed Baccarat 1,niconico|nikoichi|P,1
2026-07-12 03:07:56,Thai Speed Baccarat 2,telecho|telecho|B,1
2026-07-12 03:18:21,Japanese Speed Baccarat 3,niconico|dragon|B,0
2026-07-12 03:30:42,Big Small Baccarat,telecho|nikoichi|P,0
2026-07-12 03:31:04,Thai Speed Baccarat 2,telecho|nikoichi|P,1
2026-07-12 03:35:05,Speed Baccarat 12,telecho|telecho|B,0
2026-07-12 03:39:30,Korean Baccarat 2,niconico|nikoichi|P,1
2026-07-12 03:41:48,Speed Baccarat 9,niconico|nikoichi|P,0
2026-07-12 03:57:34,Speed Baccarat 5,niconico|dragon|B,1
2026-07-12 04:00:32,Big Small Baccarat,telecho|telecho|B,1
2026-07-12 04:02:31,Speed Baccarat 2,telecho|telecho|B,1
2026-07-12 04:08:36,Speed Baccarat 6,telecho|nikoichi|P,0
2026-07-12 04:14:43,STAKE SPEED BACCARAT,telecho|telecho|B,0
2026-07-12 04:21:09,Japanese Speed Baccarat 3,telecho|telecho|B,1
2026-07-12 04:23:45,Speed Baccarat 13,telecho|nikoichi|P,1
2026-07-12 04:29:13,Thai Speed Baccarat 1,niconico|nikoichi|B,1
2026-07-12 04:34:35,Speed Baccarat 8,niconico|nikoichi|B,0
2026-07-12 04:34:55,Chinese Speed Baccarat 3,telecho|telecho|B,0
2026-07-12 04:41:29,Chinese Speed Baccarat 1,telecho|telecho|B,0
2026-07-12 04:44:34,Speed Baccarat 11,telecho|telecho|B,1
2026-07-12 04:45:16,Korean Speed Baccarat 3,niconico|nikoichi|P,0
2026-07-12 04:46:44,Speed Baccarat 11,telecho|nikoichi|P,0
2026-07-12 04:48:40,Japanese Speed Baccarat 3,telecho|telecho|B,1
2026-07-12 04:49:42,Speed Baccarat 13,telecho|telecho|B,1
2026-07-12 04:49:52,Japanese Speed Baccarat 3,telecho|telecho|B,0
2026-07-12 05:01:26,Speed Baccarat 2,telecho|telecho|B,1
2026-07-12 05:01:38,Indonesian Speed Baccarat 1,niconico|dragon|B,1
2026-07-12 05:05:56,Chinese Speed Baccarat 3,telecho|nikoichi|P,0
2026-07-12 05:13:12,Speed Baccarat 3,telecho|nikoichi|P,1
2026-07-12 05:16:16,Indonesian Speed Baccarat 2,telecho|nikoichi|P,0
2026-07-12 05:21:45,MEGA BACCARAT,telecho|telecho|B,1
2026-07-12 05:23:01,Baccarat 1,niconico|dragon|B,1
2026-07-12 05:26:43,Baccarat 5,niconico|dragon|B,1
2026-07-12 05:28:42,Super 8 Baccarat,niconico|nikoichi|P,0
2026-07-12 05:29:13,Baccarat 3,telecho|nikoichi|P,1
2026-07-12 05:39:03,Speed Baccarat 18,niconico|nikoichi|P,0
2026-07-12 05:44:18,Amazing Baccarat,telecho|nikoichi|P,0
2026-07-12 05:44:25,Turbo Baccarat,telecho|telecho|B,0
2026-07-12 06:03:57,Speed Baccarat 6,niconico|dragon|B,1
2026-07-12 06:09:24,HI LO BACCARAT,telecho|telecho|B,1
2026-07-12 06:10:40,Turbo Baccarat,sansan|telecho|P,0
2026-07-12 06:13:52,Japanese Speed Baccarat 2,niconico|nikoichi|B,1
2026-07-12 06:14:31,Baccarat 6,telecho|telecho|B,0
2026-07-12 06:18:39,Korean Turbo Baccarat 1,telecho|telecho|B,0
2026-07-12 06:43:14,Speed Baccarat 1,niconico|dragon|B,0
2026-07-12 07:11:07,Baccarat 5,niconico|nikoichi|P,1
2026-07-12 07:16:06,Speed Baccarat 13,telecho|telecho|B,0
2026-07-12 07:33:33,Speed Baccarat 9,niconico|nikoichi|P,0
2026-07-12 07:39:22,Japanese Speed Baccarat 1,telecho|telecho|B,0
2026-07-12 07:56:42,Speed Baccarat 5,niconico|nikoichi|P,0
2026-07-12 08:07:18,Vietnamese Speed Baccarat 1,niconico|nikoichi|B,1
2026-07-12 08:16:55,Indonesian Speed Baccarat 1,telecho|nikoichi|P,0
2026-07-12 08:31:59,STAKE SPEED BACCARAT,telecho|telecho|B,1
2026-07-12 08:39:29,Vietnamese Speed Baccarat 2,telecho|telecho|B,0
2026-07-12 08:45:21,Korean Turbo Baccarat 1,telecho|nikoichi|P,1
2026-07-12 09:05:18,Fortune 6 Baccarat,telecho|nikoichi|P,1
2026-07-12 09:08:19,Speed Baccarat 3,niconico|nikoichi|B,1
2026-07-12 09:08:27,Speed Baccarat 11,niconico|dragon|B,1
2026-07-12 09:28:46,Speed Baccarat 2,telecho|telecho|B,1
2026-07-12 09:33:34,STAKE SPEED BACCARAT,niconico|dragon|B,1
2026-07-12 09:35:32,Speed Baccarat 1,telecho|telecho|B,0
2026-07-12 09:37:02,STAKE SPEED BACCARAT,telecho|telecho|B,1
2026-07-12 09:37:24,Baccarat 2,telecho|telecho|B,1
2026-07-12 09:46:36,Korean Speed Baccarat 1,telecho|telecho|B,1
2026-07-12 09:53:05,Big Small Baccarat,niconico|dragon|B,0
2026-07-12 10:07:40,Speed Baccarat 3,telecho|nikoichi|P,0
2026-07-12 10:09:55,Speed Baccarat 8,telecho|telecho|B,1
2026-07-12 10:46:25,Chinese Speed Baccarat 3,niconico|dragon|B,0
2026-07-12 10:51:51,Korean Speed Baccarat 5,telecho|nikoichi|P,0
2026-07-12 11:08:01,Speed Baccarat 1,niconico|nikoichi|P,0
2026-07-12 11:09:13,Speed Baccarat 1,niconico|dragon|B,1
2026-07-12 11:12:38,Chinese Speed Baccarat 2,telecho|nikoichi|P,1
2026-07-12 11:14:02,Korean Turbo Baccarat 1,telecho|telecho|B,0
2026-07-12 11:14:19,Baccarat 3,niconico|dragon|B,1
2026-07-12 11:14:32,Speed Baccarat 18,telecho|nikoichi|P,0
2026-07-12 11:15:13,Speed Baccarat 18,telecho|telecho|B,1
2026-07-12 11:16:40,Speed Baccarat 13,telecho|telecho|B,0
2026-07-12 11:19:40,Speed Baccarat 15,telecho|nikoichi|P,1
2026-07-12 11:26:49,Baccarat 3,niconico|nikoichi|B,0
2026-07-12 11:31:54,Japanese Speed Baccarat 1,telecho|nikoichi|P,0
2026-07-12 11:37:38,Speed Baccarat 8,niconico|dragon|B,1
2026-07-12 11:38:41,Indonesian Speed Baccarat 2,telecho|nikoichi|P,0
2026-07-12 11:51:09,Speed Baccarat 6,niconico|nikoichi|P,0
2026-07-12 11:52:46,Korean Speed Baccarat 1,sansan|telecho|P,1
2026-07-12 11:58:03,Amazing Baccarat,telecho|nikoichi|P,0
2026-07-12 12:15:34,Vietnamese Speed Baccarat 1,telecho|nikoichi|P,0
2026-07-12 12:17:34,Speed Baccarat 9,telecho|nikoichi|P,1
2026-07-12 12:24:06,Chinese Speed Baccarat 1,telecho|nikoichi|P,1
2026-07-12 12:50:38,Chinese Speed Baccarat 3,niconico|dragon|B,1
2026-07-12 12:57:58,Speed Baccarat 5,niconico|dragon|B,0
2026-07-12 13:01:09,Korean Baccarat 2,telecho|nikoichi|P,1
2026-07-12 13:11:07,Amazing Baccarat,telecho|nikoichi|P,1
2026-07-12 13:16:17,Indonesian Speed Baccarat 2,niconico|dragon|B,1
2026-07-12 13:19:13,Speed Baccarat 9,niconico|nikoichi|B,0
2026-07-12 13:19:54,Chinese Speed Baccarat 3,niconico|nikoichi|B,0
2026-07-12 13:23:50,Korean Baccarat 2,telecho|telecho|B,1
2026-07-12 13:26:57,Speed Baccarat 2,telecho|telecho|B,1
2026-07-12 13:29:52,Speed Baccarat 1,telecho|telecho|B,1
2026-07-12 13:43:12,Speed Baccarat 15,telecho|telecho|B,1
2026-07-12 13:54:52,Speed Baccarat 3,telecho|nikoichi|P,0
2026-07-12 14:06:28,Japanese Speed Baccarat 1,niconico|nikoichi|P,1
2026-07-12 14:15:41,Big Small Baccarat,niconico|dragon|B,1
2026-07-12 14:26:42,Speed Baccarat 12,telecho|nikoichi|P,0
2026-07-12 14:27:17,HI LO BACCARAT,telecho|telecho|B,0
2026-07-12 14:44:29,Speed Baccarat 6,telecho|nikoichi|P,0
2026-07-12 14:51:29,Baccarat 3,telecho|telecho|B,1
2026-07-12 14:53:31,Korean Speed Baccarat 2,niconico|dragon|B,0
2026-07-12 14:55:24,Turbo Baccarat,telecho|nikoichi|P,1
2026-07-12 14:56:42,Thai Baccarat 1,telecho|nikoichi|P,0
2026-07-12 15:03:26,Chinese Speed Baccarat 3,telecho|telecho|B,1
2026-07-12 15:04:19,Korean Baccarat 1,telecho|telecho|B,1
2026-07-12 15:05:48,Chinese Speed Baccarat 3,telecho|nikoichi|P,0
2026-07-12 15:11:26,Vietnamese Speed Baccarat 2,telecho|nikoichi|P,1
2026-07-12 15:22:37,Chinese Speed Baccarat 2,niconico|nikoichi|P,1
2026-07-12 15:27:51,Speed Baccarat 12,niconico|dragon|B,0
2026-07-12 15:48:09,Baccarat 1,telecho|nikoichi|P,0
2026-07-12 16:08:21,Speed Baccarat 17,telecho|telecho|B,1
2026-07-12 16:09:36,Speed Baccarat 18,telecho|telecho|B,0
2026-07-12 16:13:02,Speed Baccarat 17,telecho|telecho|B,0
2026-07-12 16:22:36,Korean Speed Baccarat 5,telecho|telecho|B,1
2026-07-12 16:26:05,Amazing Baccarat,telecho|telecho|B,0
2026-07-12 16:29:03,Speed Baccarat 2,niconico|dragon|B,1
2026-07-12 16:32:54,Indonesian Speed Baccarat 2,telecho|telecho|B,0
2026-07-12 16:40:24,Indonesian Speed Baccarat 1,telecho|telecho|B,1
2026-07-12 16:48:10,Korean Speed Baccarat 2,telecho|telecho|B,1
2026-07-12 16:52:38,Speed Baccarat 1,telecho|telecho|B,1
2026-07-12 17:03:01,Speed Baccarat 9,telecho|telecho|B,0
2026-07-12 17:13:03,Speed Baccarat 8,telecho|telecho|B,0
2026-07-12 17:16:41,Amazing Baccarat,telecho|telecho|B,0
2026-07-12 17:17:56,Fortune 6 Baccarat,telecho|telecho|B,0
2026-07-12 17:18:11,STAKE SPEED BACCARAT,telecho|telecho|B,1
2026-07-12 17:31:17,Speed Baccarat 9,niconico|dragon|B,0
2026-07-12 17:39:35,Speed Baccarat 15,telecho|telecho|B,0
2026-07-12 17:44:09,Speed Baccarat 8,niconico|dragon|B,1
2026-07-12 17:49:16,Chinese Speed Baccarat 2,niconico|nikoichi|B,1
2026-07-12 17:50:51,Chinese Speed Baccarat 3,telecho|nikoichi|P,0
2026-07-12 17:53:53,Korean Turbo Baccarat 1,niconico|dragon|B,0
2026-07-12 18:04:32,Speed Baccarat 13,telecho|telecho|B,0
2026-07-12 18:08:09,Speed Baccarat 13,sansan|telecho|P,1
2026-07-12 18:10:47,HI LO BACCARAT,telecho|telecho|B,1
2026-07-12 18:14:10,Thai Baccarat 1,niconico|nikoichi|P,0
2026-07-12 18:16:26,Speed Baccarat 15,telecho|telecho|B,1
2026-07-12 18:23:10,Korean Speed Baccarat 5,telecho|telecho|B,0
2026-07-12 18:23:19,Speed Baccarat 1,niconico|dragon|B,0
2026-07-12 18:27:10,Big Small Baccarat,niconico|dragon|B,0
2026-07-12 18:40:49,Baccarat 3,telecho|telecho|B,1
2026-07-12 18:44:03,Korean Baccarat 2,niconico|nikoichi|P,0
2026-07-12 18:48:00,Chinese Speed Baccarat 3,telecho|telecho|B,0
2026-07-12 19:03:19,Super 8 Baccarat,niconico|dragon|B,1
2026-07-12 19:28:43,Indonesian Speed Baccarat 2,telecho|telecho|B,1
2026-07-12 19:30:53,Speed Baccarat 13,telecho|telecho|B,0
2026-07-12 19:38:27,Thai Speed Baccarat 1,niconico|dragon|B,1
2026-07-12 19:48:14,Thai Speed Baccarat 2,telecho|telecho|B,1
2026-07-12 20:10:00,HI LO BACCARAT,telecho|telecho|B,1
2026-07-12 20:21:59,Indonesian Speed Baccarat 2,telecho|telecho|B,1
2026-07-12 20:23:04,Baccarat 7,niconico|nikoichi|B,0
2026-07-12 20:24:52,Speed Baccarat 12,niconico|dragon|B,0
2026-07-12 20:32:50,Baccarat 9,niconico|dragon|B,0
2026-07-12 20:35:53,Korean Baccarat 2,niconico|dragon|B,1
2026-07-12 20:38:25,Speed Baccarat 6,telecho|telecho|B,0
2026-07-12 20:41:04,Chinese Speed Baccarat 1,niconico|dragon|B,0
2026-07-12 21:34:30,Indonesian Speed Baccarat 1,telecho|telecho|B,1
2026-07-12 21:38:19,Speed Baccarat 6,telecho|nikoichi|P,1
2026-07-12 21:43:06,Japanese Speed Baccarat 3,telecho|telecho|B,1
2026-07-12 21:43:39,Baccarat 7,sansan|telecho|P,0
2026-07-12 22:13:56,Baccarat 7,telecho|telecho|B,0
2026-07-12 22:15:56,Korean Speed Baccarat 3,telecho|nikoichi|P,0
2026-07-12 22:25:38,Japanese Speed Baccarat 2,niconico|nikoichi|P,0
2026-07-12 22:30:32,Speed Baccarat 18,telecho|telecho|B,1
2026-07-12 22:36:57,Speed Baccarat 8,telecho|nikoichi|P,1
2026-07-12 22:43:05,Korean Speed Baccarat 3,telecho|telecho|B,0
2026-07-12 22:46:16,Korean Speed Baccarat 3,niconico|dragon|B,0
2026-07-12 22:48:11,Speed Baccarat 3,niconico|nikoichi|B,0
2026-07-12 22:50:26,Japanese Speed Baccarat 1,telecho|telecho|B,1
2026-07-12 22:59:58,Speed Baccarat 15,telecho|telecho|B,0
2026-07-12 23:01:52,Korean Speed Baccarat 2,niconico|dragon|B,1
2026-07-12 23:10:04,STAKE SPEED BACCARAT,niconico|dragon|B,0
2026-07-12 23:12:28,Thai Baccarat 1,niconico|dragon|B,1
2026-07-12 23:14:11,Speed Baccarat 11,niconico|nikoichi|B,1
2026-07-12 23:26:30,Indonesian Speed Baccarat 2,sansan|telecho|P,1
2026-07-12 23:47:35,Japanese Speed Baccarat 3,telecho|telecho|B,1
2026-07-12 23:49:31,Big Small Baccarat,niconico|dragon|B,0
2026-07-12 23:49:51,Korean Speed Baccarat 3,niconico|dragon|B,1
2026-07-13 00:12:16,Speed Baccarat 11,telecho|telecho|B,1
2026-07-13 00:12:24,Thai Speed Baccarat 2,telecho|nikoichi|P,0
2026-07-13 00:13:31,Thai Speed Baccarat 2,niconico|dragon|B,0
2026-07-13 00:22:56,Baccarat 1,niconico|nikoichi|B,1
2026-07-13 00:38:02,Indonesian Speed Baccarat 1,telecho|telecho|B,0
2026-07-13 00:42:58,Thai Speed Baccarat 2,niconico|nikoichi|B,0
2026-07-13 00:48:32,Baccarat 5,niconico|nikoichi|B,1
2026-07-13 00:58:13,Baccarat 3,telecho|nikoichi|P,1
2026-07-13 01:09:55,Speed Baccarat 9,niconico|nikoichi|B,1
2026-07-13 01:24:07,Japanese Speed Baccarat 2,niconico|nikoichi|B,1
2026-07-13 01:40:22,Vietnamese Speed Baccarat 2,telecho|telecho|B,1
2026-07-13 01:48:48,Speed Baccarat 1,niconico|nikoichi|P,0
2026-07-13 01:55:07,Turbo Baccarat,niconico|nikoichi|P,1
2026-07-13 02:13:45,Fortune 6 Baccarat,niconico|dragon|B,0
2026-07-13 02:30:38,Speed Baccarat 8,telecho|nikoichi|P,1
2026-07-13 02:37:19,Korean Speed Baccarat 2,telecho|nikoichi|P,1
2026-07-13 02:40:56,Korean Turbo Baccarat 1,telecho|telecho|B,0
2026-07-13 02:49:36,Baccarat 9,niconico|nikoichi|P,0
2026-07-13 02:51:23,Speed Baccarat 6,telecho|telecho|B,1
2026-07-13 03:00:02,Speed Baccarat 8,telecho|nikoichi|P,1
2026-07-13 03:06:15,Super 8 Baccarat,telecho|nikoichi|P,1
2026-07-13 03:06:56,Thai Speed Baccarat 2,niconico|dragon|B,1
2026-07-13 03:20:40,Speed Baccarat 15,telecho|nikoichi|P,0
2026-07-13 03:27:54,Chinese Speed Baccarat 1,telecho|telecho|B,1
2026-07-13 03:39:24,Chinese Speed Baccarat 1,niconico|dragon|B,0
2026-07-13 03:46:49,Turbo Baccarat,niconico|dragon|B,1
2026-07-13 03:49:32,Indonesian Speed Baccarat 2,niconico|dragon|B,1
2026-07-13 03:52:10,Speed Baccarat 15,telecho|telecho|B,1
2026-07-13 04:11:01,Indonesian Speed Baccarat 1,sansan|telecho|P,0
2026-07-13 04:14:05,Speed Baccarat 11,niconico|nikoichi|P,1
2026-07-13 04:18:03,Speed Baccarat 12,telecho|nikoichi|P,1
2026-07-13 04:18:58,Thai Baccarat 1,sansan|telecho|P,1
2026-07-13 04:20:15,Indonesian Speed Baccarat 2,telecho|telecho|B,1
2026-07-13 04:26:01,Thai Baccarat 1,telecho|telecho|B,0
2026-07-13 04:45:59,Korean Turbo Baccarat 1,telecho|telecho|B,0
2026-07-13 04:47:15,Thai Baccarat 1,telecho|nikoichi|P,0
2026-07-13 04:54:29,Japanese Speed Baccarat 2,telecho|nikoichi|P,1
2026-07-13 05:08:36,Korean Speed Baccarat 1,niconico|dragon|B,0
2026-07-13 05:17:56,Speed Baccarat 16,telecho|telecho|B,0
2026-07-13 05:23:54,Korean Speed Baccarat 5,telecho|telecho|B,0
2026-07-13 05:27:40,Korean Speed Baccarat 5,niconico|dragon|B,0
2026-07-13 05:33:00,Speed Baccarat 11,telecho|nikoichi|P,0
2026-07-13 05:41:50,Chinese Speed Baccarat 2,telecho|telecho|B,1
2026-07-13 05:49:49,MEGA BACCARAT,niconico|dragon|B,0
2026-07-13 06:05:27,Speed Baccarat 11,niconico|nikoichi|B,1
2026-07-13 06:09:11,Vietnamese Speed Baccarat 2,telecho|telecho|B,0
2026-07-13 06:09:40,Chinese Speed Baccarat 3,telecho|nikoichi|P,0
2026-07-13 06:18:09,Speed Baccarat 6,telecho|telecho|B,1
2026-07-13 06:26:52,Korean Speed Baccarat 1,telecho|telecho|B,0
2026-07-13 06:35:48,STAKE SPEED BACCARAT,telecho|telecho|B,0
2026-07-13 06:37:17,Speed Baccarat 5,telecho|telecho|B,1
2026-07-13 06:37:32,Speed Baccarat 3,niconico|nikoichi|B,0
2026-07-13 06:47:40,Chinese Speed Baccarat 2,niconico|dragon|B,1
2026-07-13 07:03:00,Super 8 Baccarat,niconico|nikoichi|P,0
2026-07-13 07:04:57,Japanese Speed Baccarat 1,telecho|telecho|B,1
2026-07-13 07:15:14,Speed Baccarat 1,telecho|telecho|B,0
2026-07-13 07:37:35,Speed Baccarat 9,niconico|nikoichi|B,0
2026-07-13 07:40:41,Korean Speed Baccarat 2,telecho|nikoichi|P,0
2026-07-13 07:44:12,Korean Speed Baccarat 2,niconico|dragon|B,1
2026-07-13 07:51:13,Korean Baccarat 1,telecho|telecho|B,0
2026-07-13 07:59:29,Japanese Speed Baccarat 3,niconico|dragon|B,1
2026-07-13 08:01:42,Korean Speed Baccarat 1,niconico|nikoichi|P,1
2026-07-13 08:02:54,Korean Speed Baccarat 1,niconico|nikoichi|B,1
2026-07-13 08:04:25,Speed Baccarat 3,telecho|nikoichi|P,1
2026-07-13 08:07:58,HI LO BACCARAT,telecho|nikoichi|P,0
2026-07-13 08:08:09,Vietnamese Speed Baccarat 3,telecho|telecho|B,1
2026-07-13 08:09:13,HI LO BACCARAT,niconico|dragon|B,1
2026-07-13 08:13:20,Vietnamese Speed Baccarat 1,telecho|nikoichi|P,0
2026-07-13 08:18:23,Korean Turbo Baccarat 1,telecho|telecho|B,0
2026-07-13 08:23:09,Thai Speed Baccarat 2,telecho|nikoichi|P,1
2026-07-13 08:27:16,Baccarat 2,niconico|dragon|B,1
2026-07-13 08:27:57,Thai Speed Baccarat 2,telecho|nikoichi|P,0
2026-07-13 08:30:18,Korean Baccarat 1,telecho|telecho|B,1
2026-07-13 08:32:40,Speed Baccarat 11,telecho|telecho|B,0
2026-07-13 08:32:58,Speed Baccarat 9,telecho|telecho|B,1
2026-07-13 08:41:00,Speed Baccarat 5,niconico|dragon|B,0
2026-07-13 08:43:51,Korean Turbo Baccarat 1,telecho|telecho|B,0
2026-07-13 08:54:41,Japanese Speed Baccarat 2,telecho|nikoichi|P,0
2026-07-13 09:03:24,Korean Speed Baccarat 1,niconico|nikoichi|B,1
2026-07-13 09:08:15,Japanese Speed Baccarat 1,telecho|telecho|B,1
2026-07-13 09:09:37,Korean Speed Baccarat 3,niconico|dragon|B,0
2026-07-13 09:27:51,Chinese Speed Baccarat 3,niconico|dragon|B,0
2026-07-13 09:52:00,Baccarat 3,niconico|nikoichi|P,1
2026-07-13 09:52:26,Baccarat 3,niconico|nikoichi|B,0
2026-07-13 09:53:42,Korean Baccarat 1,telecho|telecho|B,0
2026-07-13 09:57:08,Japanese Speed Baccarat 3,telecho|telecho|B,0
2026-07-13 10:00:24,Chinese Speed Baccarat 1,telecho|telecho|B,1
2026-07-13 10:06:30,Turbo Baccarat,niconico|dragon|B,1
2026-07-13 10:14:12,Vietnamese Speed Baccarat 2,telecho|telecho|B,0
2026-07-13 10:16:27,Baccarat 2,niconico|dragon|B,1
2026-07-13 10:21:26,Speed Baccarat 18,telecho|telecho|B,0
2026-07-13 10:26:07,Speed Baccarat 6,niconico|nikoichi|P,1
2026-07-13 10:31:09,STAKE SPEED BACCARAT,niconico|nikoichi|P,0
2026-07-13 10:31:16,Speed Baccarat 13,niconico|nikoichi|P,0
2026-07-13 10:33:23,Speed Baccarat 3,telecho|telecho|B,1
2026-07-13 10:37:57,Speed Baccarat 3,telecho|telecho|B,0
2026-07-13 10:38:23,Vietnamese Speed Baccarat 3,telecho|telecho|B,1
2026-07-13 10:40:47,Speed Baccarat 2,telecho|telecho|B,1
2026-07-13 10:42:31,Speed Baccarat 15,telecho|telecho|B,1
2026-07-13 10:52:44,Speed Baccarat 18,niconico|nikoichi|B,0
2026-07-13 11:02:24,Baccarat 3,telecho|nikoichi|P,1
2026-07-13 11:13:34,HI LO BACCARAT,telecho|telecho|B,1
2026-07-13 11:16:30,Speed Baccarat 6,telecho|telecho|B,1
2026-07-13 11:22:02,Chinese Speed Baccarat 2,telecho|telecho|B,0
2026-07-13 11:28:21,Japanese Speed Baccarat 2,niconico|dragon|B,1
2026-07-13 11:45:06,Speed Baccarat 6,telecho|telecho|B,0
2026-07-13 11:59:37,Japanese Speed Baccarat 3,telecho|telecho|B,1
2026-07-13 12:01:32,Japanese Speed Baccarat 3,telecho|nikoichi|P,1
2026-07-13 12:02:52,Korean Speed Baccarat 5,telecho|telecho|B,0
2026-07-13 12:04:44,Vietnamese Speed Baccarat 3,telecho|nikoichi|P,0
2026-07-13 12:08:52,Chinese Speed Baccarat 1,telecho|nikoichi|P,0
2026-07-13 12:17:13,Korean Speed Baccarat 3,telecho|telecho|B,0
2026-07-13 12:36:33,Big Small Baccarat,telecho|telecho|B,1
2026-07-13 12:43:07,Speed Baccarat 6,telecho|telecho|B,0
2026-07-13 12:58:08,STAKE SPEED BACCARAT,niconico|dragon|B,1
2026-07-13 13:04:18,Korean Speed Baccarat 5,telecho|nikoichi|P,0
2026-07-13 13:11:19,Speed Baccarat 8,niconico|dragon|B,0
2026-07-13 13:15:26,Speed Baccarat 6,niconico|nikoichi|B,1
2026-07-13 13:32:43,Speed Baccarat 3,telecho|telecho|B,0
2026-07-13 13:41:00,Vietnamese Speed Baccarat 3,telecho|telecho|B,0
2026-07-13 13:41:42,Korean Baccarat 2,niconico|dragon|B,0
2026-07-13 13:52:54,Korean Speed Baccarat 2,telecho|nikoichi|P,0
2026-07-13 13:55:11,Baccarat 2,telecho|telecho|B,0
2026-07-13 13:57:16,Speed Baccarat 1,niconico|dragon|B,0
2026-07-13 14:06:45,Speed Baccarat 17,telecho|telecho|B,0
2026-07-13 14:11:48,Baccarat 3,telecho|telecho|B,0
2026-07-13 14:23:19,Korean Turbo Baccarat 1,telecho|telecho|B,0
2026-07-13 14:33:30,Speed Baccarat 3,niconico|nikoichi|B,1
2026-07-13 14:34:09,Amazing Baccarat,niconico|dragon|B,1
2026-07-13 14:37:46,Turbo Baccarat,telecho|nikoichi|P,0
2026-07-13 14:39:04,Vietnamese Speed Baccarat 2,telecho|telecho|B,0
2026-07-13 14:44:43,Vietnamese Speed Baccarat 1,telecho|nikoichi|P,0
2026-07-13 14:58:04,Indonesian Speed Baccarat 1,telecho|telecho|B,1
2026-07-13 15:03:23,Baccarat 7,telecho|telecho|B,0
2026-07-13 15:03:42,Chinese Speed Baccarat 1,telecho|telecho|B,1
2026-07-13 15:38:30,Korean Baccarat 1,telecho|telecho|B,0
2026-07-13 15:42:38,Vietnamese Speed Baccarat 2,niconico|nikoichi|B,1
2026-07-13 15:46:26,Vietnamese Speed Baccarat 1,telecho|nikoichi|P,1
2026-07-13 15:58:00,Speed Baccarat 3,telecho|nikoichi|P,0
2026-07-13 16:02:48,Speed Baccarat 17,telecho|nikoichi|P,0
2026-07-13 16:07:11,Speed Baccarat 8,telecho|telecho|B,0
2026-07-13 16:08:43,Indonesian Speed Baccarat 1,telecho|telecho|B,0
2026-07-13 16:14:13,Korean Speed Baccarat 1,telecho|nikoichi|P,1
2026-07-13 16:19:15,Baccarat 2,telecho|nikoichi|P,1
2026-07-13 16:32:19,Baccarat 1,niconico|dragon|B,1
2026-07-13 16:35:45,Japanese Speed Baccarat 1,niconico|nikoichi|P,1
2026-07-13 17:01:38,Japanese Speed Baccarat 1,telecho|nikoichi|P,0
2026-07-13 17:02:28,Big Small Baccarat,telecho|telecho|B,1
2026-07-13 17:14:47,Thai Speed Baccarat 1,telecho|nikoichi|P,1
2026-07-13 17:15:00,Baccarat 9,telecho|nikoichi|P,1
2026-07-13 17:17:50,Turbo Baccarat,telecho|telecho|B,0
2026-07-13 17:20:17,Turbo Baccarat,telecho|nikoichi|P,1
2026-07-13 17:26:11,Indonesian Speed Baccarat 2,telecho|telecho|B,1
2026-07-13 17:27:28,Speed Baccarat 3,telecho|nikoichi|P,0
2026-07-13 17:31:57,Japanese Speed Baccarat 3,telecho|nikoichi|P,1
2026-07-13 17:32:54,Speed Baccarat 12,niconico|dragon|B,1
2026-07-13 17:36:26,Amazing Baccarat,telecho|nikoichi|P,0
2026-07-13 17:36:43,Speed Baccarat 2,telecho|telecho|B,0
2026-07-13 17:38:47,Super 8 Baccarat,telecho|nikoichi|P,0
2026-07-13 17:39:44,Baccarat 3,niconico|dragon|B,1
2026-07-13 17:43:28,Vietnamese Speed Baccarat 3,telecho|telecho|B,1
2026-07-13 17:50:12,Baccarat 9,telecho|telecho|B,0
2026-07-13 17:56:23,MEGA BACCARAT,telecho|nikoichi|P,1
2026-07-13 17:56:53,Chinese Speed Baccarat 2,niconico|nikoichi|B,0
2026-07-13 18:04:42,Speed Baccarat 6,telecho|telecho|B,1
2026-07-13 18:13:18,Fortune 6 Baccarat,telecho|nikoichi|P,0
2026-07-13 18:13:24,Amazing Baccarat,telecho|telecho|B,0
2026-07-13 18:22:20,Baccarat 9,telecho|nikoichi|P,0
2026-07-13 18:31:32,Baccarat 6,telecho|telecho|B,0
2026-07-13 18:54:00,Indonesian Speed Baccarat 2,telecho|nikoichi|P,1
2026-07-13 18:56:25,Speed Baccarat 17,telecho|nikoichi|P,1
2026-07-13 19:25:05,Vietnamese Speed Baccarat 3,niconico|dragon|B,1
2026-07-13 19:27:33,Speed Baccarat 3,niconico|dragon|B,0
2026-07-13 19:35:53,Chinese Speed Baccarat 1,niconico|nikoichi|P,1
2026-07-13 19:46:28,Speed Baccarat 8,telecho|nikoichi|P,0
2026-07-13 19:51:55,Vietnamese Speed Baccarat 1,telecho|nikoichi|P,0
2026-07-13 19:52:08,Japanese Speed Baccarat 2,telecho|telecho|B,0
2026-07-13 20:02:27,Speed Baccarat 9,telecho|telecho|B,1
2026-07-13 20:06:32,Korean Baccarat 1,telecho|telecho|B,1
2026-07-13 20:08:04,Korean Speed Baccarat 5,telecho|telecho|B,0
2026-07-13 20:15:11,Amazing Baccarat,niconico|dragon|B,1
2026-07-13 20:17:39,Indonesian Speed Baccarat 1,telecho|telecho|B,1
2026-07-13 20:17:59,Indonesian Speed Baccarat 2,telecho|telecho|B,0
2026-07-13 20:24:21,Baccarat 7,niconico|nikoichi|P,0
2026-07-13 20:25:24,Speed Baccarat 3,telecho|telecho|B,0
2026-07-13 20:25:35,Super 8 Baccarat,sansan|telecho|P,1
2026-07-13 20:32:47,Japanese Speed Baccarat 1,niconico|dragon|B,0
2026-07-13 20:46:58,Baccarat 2,telecho|telecho|B,1
2026-07-13 20:52:52,Speed Baccarat 8,niconico|dragon|B,1
2026-07-13 21:00:09,Korean Turbo Baccarat 1,niconico|dragon|B,1
2026-07-13 21:01:06,Speed Baccarat 12,telecho|nikoichi|P,0
2026-07-13 21:12:02,Korean Speed Baccarat 1,telecho|telecho|B,1
2026-07-13 21:14:32,Baccarat 9,telecho|nikoichi|P,0
2026-07-13 21:31:57,MEGA BACCARAT,niconico|dragon|B,1
2026-07-13 21:45:56,MEGA BACCARAT,niconico|dragon|B,1
2026-07-13 21:53:32,Big Small Baccarat,telecho|telecho|B,1
2026-07-13 21:56:32,Super 8 Baccarat,niconico|nikoichi|B,1
2026-07-13 21:59:59,HI LO BACCARAT,niconico|nikoichi|P,1
2026-07-13 22:01:23,Japanese Speed Baccarat 3,telecho|nikoichi|P,1
2026-07-13 22:21:14,Speed Baccarat 15,telecho|nikoichi|P,0
2026-07-13 22:37:45,Baccarat 9,telecho|nikoichi|P,0
2026-07-13 22:50:03,Speed Baccarat 5,telecho|nikoichi|P,1
2026-07-13 22:50:46,Baccarat 6,telecho|telecho|B,0
2026-07-13 22:57:09,Speed Baccarat 18,niconico|dragon|B,0
2026-07-13 22:57:45,Vietnamese Speed Baccarat 1,telecho|telecho|B,1
2026-07-13 23:03:07,Turbo Baccarat,telecho|telecho|B,0
2026-07-13 23:03:38,Speed Baccarat 9,telecho|nikoichi|P,1
2026-07-13 23:16:42,Korean Speed Baccarat 3,telecho|telecho|B,1
2026-07-13 23:23:55,Speed Baccarat 3,telecho|nikoichi|P,1
2026-07-13 23:28:41,Speed Baccarat 16,telecho|nikoichi|P,0
2026-07-13 23:31:15,Thai Speed Baccarat 1,niconico|dragon|B,1
2026-07-13 23:32:12,Speed Baccarat 16,niconico|nikoichi|B,1
2026-07-13 23:40:10,Baccarat 2,telecho|telecho|B,1
2026-07-13 23:44:43,Speed Baccarat 11,telecho|telecho|B,0
2026-07-13 23:57:24,Speed Baccarat 16,telecho|telecho|B,1
2026-07-13 23:58:11,Thai Speed Baccarat 1,niconico|nikoichi|B,0
2026-07-14 00:09:03,Japanese Speed Baccarat 3,telecho|nikoichi|P,1
2026-07-14 00:13:04,Speed Baccarat 13,telecho|telecho|B,0
2026-07-14 00:17:00,Speed Baccarat 1,telecho|telecho|B,1
2026-07-14 00:41:20,Speed Baccarat 13,telecho|telecho|B,1
2026-07-14 00:46:13,Fortune 6 Baccarat,niconico|dragon|B,1
2026-07-14 00:52:43,Speed Baccarat 3,niconico|dragon|B,0
2026-07-14 01:15:39,Japanese Speed Baccarat 2,telecho|telecho|B,0
2026-07-14 01:19:56,Indonesian Speed Baccarat 1,telecho|nikoichi|P,1
2026-07-14 01:21:11,Thai Speed Baccarat 1,telecho|telecho|B,0
2026-07-14 01:24:19,Korean Turbo Baccarat 1,telecho|nikoichi|P,1
2026-07-14 01:33:13,Speed Baccarat 9,telecho|telecho|B,0
2026-07-14 01:33:47,Speed Baccarat 16,telecho|nikoichi|P,1
2026-07-14 01:37:45,Turbo Baccarat,telecho|telecho|B,0
2026-07-14 01:47:43,Indonesian Speed Baccarat 2,telecho|nikoichi|P,0
2026-07-14 01:51:14,Baccarat 1,telecho|nikoichi|P,1
2026-07-14 01:55:26,Baccarat 6,telecho|telecho|B,1
2026-07-14 02:32:03,Baccarat 9,niconico|dragon|B,1
2026-07-14 02:33:56,Korean Turbo Baccarat 1,telecho|nikoichi|P,1
2026-07-14 02:42:40,Speed Baccarat 5,telecho|nikoichi|P,1
2026-07-14 02:43:23,Japanese Speed Baccarat 2,telecho|nikoichi|P,1
2026-07-14 02:43:39,Japanese Speed Baccarat 2,niconico|nikoichi|B,0
2026-07-14 02:51:10,Indonesian Speed Baccarat 1,niconico|nikoichi|B,0
2026-07-14 02:52:54,Chinese Speed Baccarat 2,telecho|telecho|B,0
2026-07-14 02:53:56,Speed Baccarat 3,telecho|telecho|B,1
2026-07-14 03:03:03,Speed Baccarat 9,niconico|dragon|B,1
2026-07-14 03:11:35,Baccarat 1,niconico|nikoichi|P,0
2026-07-14 03:17:44,Thai Speed Baccarat 1,niconico|nikoichi|P,1
2026-07-14 03:19:42,Chinese Speed Baccarat 2,telecho|telecho|B,0
2026-07-14 03:25:32,Korean Turbo Baccarat 1,telecho|nikoichi|P,0
2026-07-14 03:33:56,Korean Speed Baccarat 2,telecho|telecho|B,1
2026-07-14 03:41:37,HI LO BACCARAT,telecho|nikoichi|P,1
2026-07-14 03:52:56,Korean Speed Baccarat 3,telecho|telecho|B,1
2026-07-14 04:09:48,Speed Baccarat 2,niconico|dragon|B,1
2026-07-14 04:15:49,STAKE SPEED BACCARAT,telecho|telecho|B,0
2026-07-14 04:18:40,Vietnamese Speed Baccarat 2,niconico|nikoichi|P,0
2026-07-14 04:21:23,Indonesian Speed Baccarat 1,telecho|telecho|B,0
2026-07-14 04:23:18,Speed Baccarat 9,telecho|telecho|B,1
2026-07-14 04:47:03,Turbo Baccarat,telecho|telecho|B,1
2026-07-14 04:48:02,Speed Baccarat 2,telecho|telecho|B,1
2026-07-14 04:48:31,Indonesian Speed Baccarat 2,telecho|nikoichi|P,1
2026-07-14 04:49:12,Speed Baccarat 3,niconico|nikoichi|B,0
2026-07-14 04:54:16,Speed Baccarat 16,niconico|dragon|B,1
2026-07-14 05:21:14,Speed Baccarat 9,niconico|dragon|B,1
2026-07-14 05:46:06,Korean Speed Baccarat 5,niconico|nikoichi|P,1
2026-07-14 05:46:22,Super 8 Baccarat,telecho|telecho|B,1
2026-07-14 05:47:22,Vietnamese Speed Baccarat 3,telecho|telecho|B,1
2026-07-14 05:48:45,Super 8 Baccarat,telecho|nikoichi|P,1
2026-07-14 05:49:37,Speed Baccarat 1,niconico|dragon|B,1
2026-07-14 05:50:57,Korean Speed Baccarat 3,niconico|nikoichi|P,0
2026-07-14 05:59:00,Korean Baccarat 2,telecho|nikoichi|P,1
2026-07-14 06:08:06,Speed Baccarat 15,niconico|nikoichi|P,1
2026-07-14 06:13:16,Speed Baccarat 6,sansan|telecho|P,1
2026-07-14 06:16:24,Korean Speed Baccarat 5,telecho|nikoichi|P,1
2026-07-14 06:16:39,Speed Baccarat 2,niconico|dragon|B,0
2026-07-14 06:19:59,Korean Speed Baccarat 3,telecho|telecho|B,1
2026-07-14 06:25:43,Speed Baccarat 18,niconico|dragon|B,0
2026-07-14 06:29:42,Speed Baccarat 11,telecho|telecho|B,0
2026-07-14 06:43:28,HI LO BACCARAT,sansan|telecho|P,1
2026-07-14 06:44:38,Speed Baccarat 1,telecho|telecho|B,0
2026-07-14 06:46:09,Speed Baccarat 1,telecho|nikoichi|P,1
2026-07-14 06:57:38,Vietnamese Speed Baccarat 1,telecho|nikoichi|P,1
2026-07-14 07:01:19,Korean Turbo Baccarat 1,telecho|telecho|B,0
2026-07-14 07:04:43,Korean Baccarat 1,telecho|nikoichi|P,0
2026-07-14 07:07:35,Korean Speed Baccarat 2,telecho|nikoichi|P,1
2026-07-14 07:09:21,Chinese Speed Baccarat 1,telecho|nikoichi|P,1
2026-07-14 07:14:51,Amazing Baccarat,niconico|dragon|B,0
2026-07-14 07:16:21,Thai Speed Baccarat 2,telecho|telecho|B,0
2026-07-14 07:18:56,Korean Speed Baccarat 3,telecho|telecho|B,0
2026-07-14 07:45:21,Super 8 Baccarat,telecho|telecho|B,1
2026-07-14 08:08:49,Indonesian Speed Baccarat 2,telecho|nikoichi|P,1
2026-07-14 08:18:39,Korean Speed Baccarat 5,telecho|telecho|B,1
2026-07-14 08:23:43,Korean Speed Baccarat 1,telecho|telecho|B,1
2026-07-14 08:25:48,Korean Baccarat 1,niconico|nikoichi|P,0
2026-07-14 08:39:53,Chinese Speed Baccarat 3,telecho|telecho|B,1
2026-07-14 08:42:31,Baccarat 6,telecho|nikoichi|P,0
2026-07-14 08:44:03,Speed Baccarat 15,telecho|telecho|B,0
2026-07-14 08:51:59,Chinese Speed Baccarat 2,telecho|telecho|B,1
2026-07-14 08:53:52,Vietnamese Speed Baccarat 3,telecho|telecho|B,1
2026-07-14 09:06:45,Turbo Baccarat,telecho|telecho|B,1
2026-07-14 09:14:49,Korean Baccarat 1,niconico|nikoichi|B,1
2026-07-14 09:29:41,Big Small Baccarat,niconico|nikoichi|P,0
2026-07-14 09:30:32,Vietnamese Speed Baccarat 1,telecho|nikoichi|P,0
2026-07-14 09:43:28,Speed Baccarat 5,telecho|nikoichi|P,0
2026-07-14 09:53:06,Korean Baccarat 1,telecho|telecho|B,1
2026-07-14 09:55:53,Speed Baccarat 18,niconico|nikoichi|B,0
2026-07-14 10:19:39,Korean Speed Baccarat 5,telecho|telecho|B,0
2026-07-14 10:26:55,Chinese Speed Baccarat 2,telecho|nikoichi|P,1
2026-07-14 10:32:01,Vietnamese Speed Baccarat 1,telecho|telecho|B,0
2026-07-14 10:32:48,Korean Turbo Baccarat 1,telecho|nikoichi|P,0
2026-07-14 10:33:01,Speed Baccarat 18,niconico|dragon|B,0
2026-07-14 10:52:36,Fortune 6 Baccarat,niconico|dragon|B,0
2026-07-14 10:59:22,Indonesian Speed Baccarat 2,telecho|telecho|B,0
2026-07-14 10:59:50,Thai Speed Baccarat 1,telecho|nikoichi|P,0
2026-07-14 11:00:48,Speed Baccarat 9,telecho|nikoichi|P,0
2026-07-14 11:01:50,Indonesian Speed Baccarat 2,niconico|dragon|B,1
2026-07-14 11:02:12,Turbo Baccarat,telecho|nikoichi|P,1
2026-07-14 11:16:47,Baccarat 6,niconico|dragon|B,1
2026-07-14 11:24:34,Korean Speed Baccarat 5,telecho|nikoichi|P,0
2026-07-14 11:46:33,Turbo Baccarat,telecho|telecho|B,1
2026-07-14 11:48:30,Vietnamese Speed Baccarat 2,niconico|dragon|B,1
2026-07-14 11:49:08,Korean Baccarat 2,niconico|nikoichi|P,1
2026-07-14 11:53:24,Speed Baccarat 15,telecho|nikoichi|P,0
2026-07-14 11:54:23,Super 8 Baccarat,niconico|nikoichi|P,0
2026-07-14 11:54:34,Japanese Speed Baccarat 1,niconico|dragon|B,0
2026-07-14 11:58:51,Speed Baccarat 6,niconico|nikoichi|B,1
2026-07-14 12:22:32,Fortune 6 Baccarat,niconico|dragon|B,0
2026-07-14 12:23:50,Vietnamese Speed Baccarat 3,telecho|telecho|B,1
2026-07-14 12:26:00,Speed Baccarat 9,niconico|nikoichi|P,1
2026-07-14 12:28:43,Vietnamese Speed Baccarat 2,telecho|telecho|B,0
2026-07-14 12:33:27,Indonesian Speed Baccarat 1,telecho|telecho|B,1
2026-07-14 12:48:37,Vietnamese Speed Baccarat 2,telecho|nikoichi|P,0
2026-07-14 12:49:47,Thai Baccarat 1,telecho|telecho|B,0
2026-07-14 12:54:04,Indonesian Speed Baccarat 2,telecho|telecho|B,0
2026-07-14 12:55:11,Indonesian Speed Baccarat 2,telecho|nikoichi|P,1
2026-07-14 13:00:11,Japanese Speed Baccarat 1,telecho|telecho|B,1
2026-07-14 13:03:03,Korean Baccarat 1,telecho|nikoichi|P,0
2026-07-14 13:07:50,Korean Speed Baccarat 1,sansan|telecho|P,1
2026-07-14 13:08:16,Speed Baccarat 3,telecho|telecho|B,0
2026-07-14 13:09:42,Baccarat 5,telecho|nikoichi|P,0
2026-07-14 13:15:38,STAKE SPEED BACCARAT,telecho|telecho|B,1
2026-07-14 13:20:23,STAKE SPEED BACCARAT,telecho|telecho|B,1
2026-07-14 13:31:32,Japanese Speed Baccarat 3,telecho|nikoichi|P,1
2026-07-14 13:37:01,Korean Speed Baccarat 1,niconico|dragon|B,0
2026-07-14 13:45:41,Chinese Speed Baccarat 2,telecho|nikoichi|P,0
2026-07-14 13:46:41,Thai Speed Baccarat 1,sansan|telecho|P,0
2026-07-14 13:52:52,Baccarat 1,niconico|dragon|B,0
2026-07-14 14:15:57,Chinese Speed Baccarat 2,telecho|telecho|B,1
2026-07-14 14:23:23,Thai Speed Baccarat 2,niconico|nikoichi|B,0
2026-07-14 14:35:45,Speed Baccarat 3,telecho|nikoichi|P,1
2026-07-14 14:36:42,Thai Baccarat 1,telecho|telecho|B,1
2026-07-14 14:56:21,Big Small Baccarat,sansan|telecho|P,0
2026-07-14 15:07:51,Chinese Speed Baccarat 1,niconico|dragon|B,0
2026-07-14 15:11:50,MEGA BACCARAT,niconico|nikoichi|P,1
2026-07-14 15:14:32,HI LO BACCARAT,telecho|telecho|B,1
2026-07-14 15:19:51,MEGA BACCARAT,niconico|dragon|B,0
2026-07-14 15:20:23,Indonesian Speed Baccarat 1,telecho|telecho|B,0
2026-07-14 15:20:55,Speed Baccarat 2,telecho|telecho|B,0
2026-07-14 15:21:13,Speed Baccarat 12,telecho|nikoichi|P,1
2026-07-14 15:23:56,Korean Baccarat 2,telecho|telecho|B,1
2026-07-14 15:26:01,Chinese Speed Baccarat 3,telecho|telecho|B,1
2026-07-14 15:42:54,Baccarat 1,telecho|telecho|B,0
2026-07-14 15:57:04,Speed Baccarat 6,niconico|nikoichi|B,0
2026-07-14 16:02:52,Speed Baccarat 13,niconico|dragon|B,0
2026-07-14 16:04:12,Vietnamese Speed Baccarat 3,sansan|telecho|P,0
2026-07-14 16:12:18,Speed Baccarat 12,niconico|nikoichi|B,0
2026-07-14 16:13:16,Korean Speed Baccarat 1,telecho|telecho|B,1
2026-07-14 16:18:58,Speed Baccarat 11,telecho|telecho|B,1
2026-07-14 16:21:45,Baccarat 1,niconico|nikoichi|B,0
2026-07-14 16:22:43,Vietnamese Speed Baccarat 2,telecho|nikoichi|P,1
2026-07-14 16:23:04,Vietnamese Speed Baccarat 2,niconico|nikoichi|B,1
2026-07-14 16:23:51,Baccarat 1,niconico|nikoichi|P,0
2026-07-14 16:29:41,Thai Baccarat 1,telecho|nikoichi|P,1
2026-07-14 16:44:15,Speed Baccarat 2,telecho|telecho|B,0
2026-07-14 16:48:59,Speed Baccarat 18,niconico|dragon|B,1
2026-07-14 16:49:06,Baccarat 6,telecho|telecho|B,1
2026-07-14 17:00:43,Indonesian Speed Baccarat 1,niconico|nikoichi|B,1
2026-07-14 17:02:09,Speed Baccarat 13,niconico|nikoichi|P,1
2026-07-14 17:17:53,Speed Baccarat 18,telecho|nikoichi|P,0
2026-07-14 17:26:48,Indonesian Speed Baccarat 1,telecho|nikoichi|P,1
2026-07-14 17:34:14,Turbo Baccarat,niconico|nikoichi|P,1
2026-07-14 17:44:52,Amazing Baccarat,telecho|nikoichi|P,0
2026-07-14 17:47:22,Speed Baccarat 1,telecho|telecho|B,0
2026-07-14 18:08:33,Chinese Speed Baccarat 2,telecho|telecho|B,0
2026-07-14 18:13:22,Korean Baccarat 2,telecho|telecho|B,0
2026-07-14 18:19:26,Indonesian Speed Baccarat 2,niconico|dragon|B,1
2026-07-14 18:28:51,Chinese Speed Baccarat 3,telecho|telecho|B,0
2026-07-14 18:31:12,Speed Baccarat 2,niconico|dragon|B,1
2026-07-14 18:34:34,Vietnamese Speed Baccarat 3,niconico|nikoichi|P,0
2026-07-14 18:36:35,Korean Speed Baccarat 3,telecho|telecho|B,0
2026-07-14 18:52:17,Vietnamese Speed Baccarat 2,niconico|dragon|B,0
2026-07-14 18:58:50,Fortune 6 Baccarat,telecho|nikoichi|P,1
2026-07-14 19:06:38,Thai Speed Baccarat 2,niconico|nikoichi|B,0
2026-07-14 19:08:25,Speed Baccarat 8,niconico|nikoichi|P,1
2026-07-14 19:12:50,Speed Baccarat 18,telecho|telecho|B,0
2026-07-14 19:33:09,Speed Baccarat 8,telecho|nikoichi|P,0
2026-07-14 19:34:02,Thai Speed Baccarat 1,niconico|dragon|B,0
2026-07-14 19:35:51,Speed Baccarat 16,niconico|dragon|B,1
2026-07-14 19:36:37,Chinese Speed Baccarat 2,niconico|nikoichi|P,0
2026-07-14 19:38:12,Vietnamese Speed Baccarat 3,niconico|nikoichi|B,1
2026-07-14 19:38:33,Vietnamese Speed Baccarat 3,telecho|nikoichi|P,0
2026-07-14 19:43:59,Japanese Speed Baccarat 3,telecho|telecho|B,1
2026-07-14 19:49:32,Korean Speed Baccarat 5,telecho|nikoichi|P,1
2026-07-14 19:55:31,Korean Speed Baccarat 2,telecho|telecho|B,1
2026-07-14 19:59:09,Speed Baccarat 1,niconico|nikoichi|P,0
2026-07-14 20:04:26,Speed Baccarat 17,niconico|dragon|B,1
2026-07-14 20:15:48,Turbo Baccarat,telecho|telecho|B,0
2026-07-14 20:36:24,Speed Baccarat 11,telecho|nikoichi|P,1
2026-07-14 20:38:40,Chinese Speed Baccarat 1,telecho|nikoichi|P,1
2026-07-14 20:52:26,STAKE SPEED BACCARAT,telecho|telecho|B,1
2026-07-14 20:55:39,Korean Baccarat 2,telecho|telecho|B,0
2026-07-14 20:59:59,Japanese Speed Baccarat 2,telecho|telecho|B,1
2026-07-14 21:05:35,Speed Baccarat 8,telecho|telecho|B,0
2026-07-14 21:10:24,Korean Speed Baccarat 1,telecho|telecho|B,0
2026-07-14 21:13:24,Speed Baccarat 18,telecho|nikoichi|P,1
2026-07-14 21:15:05,Chinese Speed Baccarat 3,telecho|telecho|B,0
2026-07-14 21:17:50,Japanese Speed Baccarat 2,telecho|telecho|B,0
2026-07-14 21:18:04,Japanese Speed Baccarat 3,niconico|dragon|B,1
2026-07-14 21:20:51,Indonesian Speed Baccarat 1,niconico|dragon|B,0
2026-07-14 21:40:31,Speed Baccarat 18,niconico|nikoichi|B,0
2026-07-14 21:42:32,Vietnamese Speed Baccarat 3,niconico|dragon|B,0
2026-07-14 21:45:41,Japanese Speed Baccarat 3,telecho|telecho|B,1
2026-07-14 21:49:50,Baccarat 1,telecho|telecho|B,1
2026-07-14 21:50:41,Baccarat 1,telecho|telecho|B,0
2026-07-14 21:57:54,Korean Speed Baccarat 1,telecho|telecho|B,1
2026-07-14 21:58:13,Speed Baccarat 13,telecho|telecho|B,0
2026-07-14 22:07:10,Amazing Baccarat,niconico|dragon|B,0
2026-07-14 22:18:29,Speed Baccarat 13,telecho|nikoichi|P,1
2026-07-14 22:22:40,STAKE SPEED BACCARAT,telecho|telecho|B,0
2026-07-14 22:40:05,Vietnamese Speed Baccarat 3,telecho|telecho|B,0
2026-07-14 22:42:32,Korean Speed Baccarat 3,telecho|nikoichi|P,1
2026-07-14 22:47:03,Speed Baccarat 8,telecho|nikoichi|P,1
2026-07-14 22:52:10,Speed Baccarat 15,telecho|telecho|B,1
2026-07-14 22:52:49,Speed Baccarat 3,telecho|telecho|B,1
2026-07-14 22:55:03,Speed Baccarat 3,telecho|nikoichi|P,1
2026-07-14 22:55:23,Korean Baccarat 2,niconico|nikoichi|P,1
2026-07-14 23:02:12,Chinese Speed Baccarat 1,telecho|nikoichi|P,1
2026-07-14 23:07:30,Amazing Baccarat,niconico|nikoichi|P,0
2026-07-14 23:09:45,Baccarat 3,niconico|nikoichi|B,1
2026-07-14 23:10:42,Speed Baccarat 12,niconico|nikoichi|B,1
2026-07-14 23:21:44,Thai Speed Baccarat 1,niconico|nikoichi|B,0
2026-07-14 23:43:08,Baccarat 3,telecho|nikoichi|P,0
2026-07-14 23:51:13,Speed Baccarat 8,niconico|nikoichi|P,0
2026-07-14 23:52:37,Thai Speed Baccarat 2,telecho|nikoichi|P,1
2026-07-14 23:53:23,Japanese Speed Baccarat 3,niconico|nikoichi|P,0
2026-07-14 23:54:58,Turbo Baccarat,telecho|nikoichi|P,1
2026-07-14 23:55:16,Japanese Speed Baccarat 2,niconico|dragon|B,1
2026-07-14 23:59:52,Korean Speed Baccarat 5,niconico|nikoichi|P,1
2026-07-15 00:14:52,Speed Baccarat 15,telecho|nikoichi|P,0
2026-07-15 00:23:49,Thai Speed Baccarat 2,sansan|telecho|P,0
2026-07-15 00:29:52,Korean Speed Baccarat 2,niconico|nikoichi|B,0
2026-07-15 00:38:21,Speed Baccarat 1,telecho|telecho|B,0
2026-07-15 00:42:30,Korean Speed Baccarat 1,telecho|nikoichi|P,1
2026-07-15 00:46:16,Thai Baccarat 1,telecho|telecho|B,1
2026-07-15 00:53:16,Thai Speed Baccarat 2,niconico|nikoichi|B,0
2026-07-15 01:01:11,Amazing Baccarat,telecho|telecho|B,1
2026-07-15 01:09:12,Korean Speed Baccarat 1,niconico|dragon|B,1
2026-07-15 01:34:18,Indonesian Speed Baccarat 2,niconico|dragon|B,0
2026-07-15 01:48:18,Super 8 Baccarat,niconico|dragon|B,1
2026-07-15 02:03:23,Japanese Speed Baccarat 1,telecho|telecho|B,1
2026-07-15 02:10:47,Thai Speed Baccarat 1,telecho|telecho|B,0
2026-07-15 02:28:54,Speed Baccarat 18,telecho|nikoichi|P,1
2026-07-15 02:35:17,Speed Baccarat 6,niconico|nikoichi|B,1
2026-07-15 02:35:39,Speed Baccarat 6,niconico|nikoichi|P,1
2026-07-15 02:42:05,Super 8 Baccarat,telecho|nikoichi|P,1
2026-07-15 02:45:24,Baccarat 6,telecho|telecho|B,1
2026-07-15 02:51:37,Baccarat 2,niconico|nikoichi|P,1
2026-07-15 02:58:09,Speed Baccarat 5,niconico|dragon|B,1
2026-07-15 03:02:02,Indonesian Speed Baccarat 2,telecho|telecho|B,0
2026-07-15 03:08:41,Chinese Speed Baccarat 3,telecho|telecho|B,1
2026-07-15 03:22:19,Vietnamese Speed Baccarat 2,telecho|nikoichi|P,0
2026-07-15 03:34:11,Indonesian Speed Baccarat 1,telecho|telecho|B,1
2026-07-15 03:41:11,Japanese Speed Baccarat 1,telecho|telecho|B,0
2026-07-15 03:43:35,Vietnamese Speed Baccarat 3,niconico|nikoichi|B,0
2026-07-15 04:00:07,Baccarat 6,niconico|nikoichi|B,0
2026-07-15 04:18:12,Speed Baccarat 11,niconico|dragon|B,1
2026-07-15 04:18:31,Speed Baccarat 11,niconico|dragon|B,0
2026-07-15 04:22:37,Indonesian Speed Baccarat 2,telecho|nikoichi|P,1
2026-07-15 04:51:24,Vietnamese Speed Baccarat 2,telecho|telecho|B,0
2026-07-15 05:13:06,Korean Speed Baccarat 3,niconico|dragon|B,1
2026-07-15 05:23:07,Speed Baccarat 13,telecho|telecho|B,0
2026-07-15 05:39:37,Vietnamese Speed Baccarat 1,telecho|telecho|B,0
2026-07-15 05:43:14,Thai Speed Baccarat 2,niconico|dragon|B,0
2026-07-15 05:46:15,Japanese Speed Baccarat 1,niconico|nikoichi|B,1
2026-07-15 05:49:29,Baccarat 1,telecho|nikoichi|P,0
2026-07-15 05:53:52,Chinese Speed Baccarat 2,telecho|telecho|B,0
2026-07-15 06:06:52,Chinese Speed Baccarat 3,telecho|nikoichi|P,1
2026-07-15 06:07:50,Korean Speed Baccarat 1,telecho|telecho|B,1
2026-07-15 06:12:53,Speed Baccarat 11,telecho|telecho|B,1
2026-07-15 06:13:50,Speed Baccarat 3,niconico|nikoichi|B,1
2026-07-15 06:22:08,Chinese Speed Baccarat 1,telecho|telecho|B,1
2026-07-15 06:29:26,Speed Baccarat 6,niconico|dragon|B,1
2026-07-15 07:03:42,Fortune 6 Baccarat,niconico|dragon|B,1
2026-07-15 07:06:16,STAKE SPEED BACCARAT,niconico|dragon|B,0
2026-07-15 07:06:34,Speed Baccarat 5,telecho|telecho|B,1
2026-07-15 07:22:47,Speed Baccarat 2,telecho|telecho|B,1
2026-07-15 07:24:48,Thai Speed Baccarat 1,niconico|nikoichi|P,1
2026-07-15 07:25:33,Thai Speed Baccarat 1,niconico|nikoichi|B,0
2026-07-15 07:34:13,Thai Speed Baccarat 1,niconico|nikoichi|P,1
2026-07-15 07:34:57,Vietnamese Speed Baccarat 1,telecho|nikoichi|P,1
2026-07-15 07:38:51,Thai Speed Baccarat 1,niconico|dragon|B,0
2026-07-15 07:52:49,Korean Speed Baccarat 5,niconico|dragon|B,0
2026-07-15 08:07:12,Speed Baccarat 8,sansan|telecho|P,1
2026-07-15 08:21:04,Thai Baccarat 1,niconico|nikoichi|P,1
2026-07-15 08:36:25,Korean Turbo Baccarat 1,telecho|nikoichi|P,1
2026-07-15 08:52:15,Turbo Baccarat,telecho|telecho|B,1
2026-07-15 08:53:08,Amazing Baccarat,niconico|nikoichi|B,1
2026-07-15 09:01:51,Speed Baccarat 9,niconico|dragon|B,0
2026-07-15 09:09:21,Vietnamese Speed Baccarat 1,telecho|nikoichi|P,0
2026-07-15 09:26:04,Chinese Speed Baccarat 1,telecho|telecho|B,0
2026-07-15 09:29:41,Speed Baccarat 6,telecho|nikoichi|P,0
2026-07-15 09:31:46,STAKE SPEED BACCARAT,niconico|nikoichi|P,0
2026-07-15 09:35:44,Chinese Speed Baccarat 3,telecho|nikoichi|P,1
2026-07-15 09:36:22,Vietnamese Speed Baccarat 1,niconico|dragon|B,0
2026-07-15 09:52:15,Korean Speed Baccarat 5,telecho|nikoichi|P,0
2026-07-15 09:58:15,Speed Baccarat 12,niconico|dragon|B,1
2026-07-15 10:03:47,Speed Baccarat 11,niconico|dragon|B,1
2026-07-15 10:08:58,Speed Baccarat 8,telecho|telecho|B,1
2026-07-15 10:09:54,Japanese Speed Baccarat 1,telecho|nikoichi|P,1
2026-07-15 10:11:19,Speed Baccarat 8,telecho|nikoichi|P,0
2026-07-15 10:15:32,Korean Speed Baccarat 3,telecho|telecho|B,1
2026-07-15 10:18:19,Thai Speed Baccarat 1,niconico|nikoichi|B,1
2026-07-15 10:25:19,Thai Speed Baccarat 2,telecho|nikoichi|P,1
2026-07-15 10:25:25,Japanese Speed Baccarat 2,telecho|nikoichi|P,0
2026-07-15 10:27:02,Speed Baccarat 6,niconico|nikoichi|P,1
2026-07-15 10:27:54,Thai Speed Baccarat 2,telecho|telecho|B,1
2026-07-15 10:46:57,Indonesian Speed Baccarat 2,telecho|telecho|B,0
2026-07-15 10:47:59,Baccarat 6,niconico|nikoichi|P,0
2026-07-15 10:49:32,Speed Baccarat 3,telecho|telecho|B,0
2026-07-15 10:53:28,Korean Speed Baccarat 1,telecho|telecho|B,1
2026-07-15 10:55:51,Korean Speed Baccarat 1,telecho|nikoichi|P,1
2026-07-15 10:56:50,Baccarat 5,telecho|nikoichi|P,1
2026-07-15 10:58:57,Indonesian Speed Baccarat 1,telecho|nikoichi|P,1
2026-07-15 11:37:21,Chinese Speed Baccarat 3,telecho|telecho|B,0
2026-07-15 11:42:08,Speed Baccarat 13,telecho|nikoichi|P,1
2026-07-15 11:51:10,Korean Speed Baccarat 3,telecho|telecho|B,0
2026-07-15 12:02:56,Baccarat 3,telecho|nikoichi|P,1
2026-07-15 12:03:11,Speed Baccarat 3,telecho|telecho|B,1
2026-07-15 12:04:01,Korean Speed Baccarat 2,niconico|nikoichi|B,0
2026-07-15 12:18:13,Chinese Speed Baccarat 2,niconico|dragon|B,0
2026-07-15 12:22:10,Japanese Speed Baccarat 2,telecho|nikoichi|P,1
2026-07-15 12:22:37,Chinese Speed Baccarat 1,telecho|telecho|B,1
2026-07-15 12:43:49,Speed Baccarat 8,niconico|dragon|B,1
2026-07-15 12:46:04,Baccarat 1,niconico|dragon|B,0
2026-07-15 13:07:27,Thai Speed Baccarat 1,niconico|dragon|B,0
2026-07-15 13:08:34,Speed Baccarat 8,niconico|dragon|B,1
2026-07-15 13:10:56,Speed Baccarat 2,telecho|telecho|B,1
2026-07-15 13:26:33,Speed Baccarat 5,telecho|telecho|B,0
2026-07-15 13:31:44,Speed Baccarat 1,niconico|dragon|B,1
2026-07-15 13:33:20,Speed Baccarat 17,telecho|telecho|B,0
2026-07-15 13:58:14,Fortune 6 Baccarat,niconico|nikoichi|P,1
2026-07-15 14:06:13,Speed Baccarat 17,telecho|telecho|B,1
2026-07-15 14:20:53,Korean Speed Baccarat 5,telecho|telecho|B,0
2026-07-15 14:22:21,Indonesian Speed Baccarat 1,telecho|telecho|B,1
2026-07-15 14:35:17,Baccarat 3,telecho|telecho|B,0
2026-07-15 14:37:07,Speed Baccarat 3,telecho|telecho|B,1
2026-07-15 14:56:44,Turbo Baccarat,niconico|nikoichi|P,1
2026-07-15 15:12:01,Thai Baccarat 1,telecho|telecho|B,1
2026-07-15 15:13:41,Speed Baccarat 6,telecho|telecho|B,0
2026-07-15 15:19:11,Chinese Speed Baccarat 1,telecho|telecho|B,0
2026-07-15 15:36:28,Vietnamese Speed Baccarat 2,telecho|telecho|B,1
2026-07-15 15:42:13,Korean Speed Baccarat 1,telecho|telecho|B,1
2026-07-15 16:01:37,Speed Baccarat 2,telecho|nikoichi|P,1
2026-07-15 16:03:02,Vietnamese Speed Baccarat 1,telecho|telecho|B,1
2026-07-15 16:03:10,Speed Baccarat 2,telecho|nikoichi|P,1
2026-07-15 16:06:08,Speed Baccarat 2,telecho|nikoichi|P,1
2026-07-15 16:10:02,Chinese Speed Baccarat 1,niconico|dragon|B,1
2026-07-15 16:20:01,Speed Baccarat 18,telecho|telecho|B,1
2026-07-15 16:53:51,Speed Baccarat 1,niconico|dragon|B,0
2026-07-15 16:54:02,Baccarat 2,telecho|telecho|B,1
2026-07-15 17:05:38,Baccarat 5,telecho|telecho|B,1
2026-07-15 17:13:19,Indonesian Speed Baccarat 1,telecho|nikoichi|P,1
2026-07-15 17:31:21,Baccarat 2,telecho|telecho|B,0
2026-07-15 17:33:07,Korean Turbo Baccarat 1,telecho|telecho|B,1
2026-07-15 17:34:45,Korean Turbo Baccarat 1,telecho|nikoichi|P,1
2026-07-15 17:36:40,Turbo Baccarat,niconico|dragon|B,1
2026-07-15 17:41:08,Baccarat 2,niconico|dragon|B,1
2026-07-15 17:48:13,Speed Baccarat 2,telecho|nikoichi|P,1
2026-07-15 17:48:23,Korean Speed Baccarat 1,telecho|nikoichi|P,0
2026-07-15 17:50:58,Speed Baccarat 18,niconico|nikoichi|P,0
2026-07-15 17:52:36,Chinese Speed Baccarat 3,telecho|telecho|B,1
2026-07-15 17:53:58,Vietnamese Speed Baccarat 3,telecho|telecho|B,0
2026-07-15 17:57:27,Baccarat 1,telecho|telecho|B,1
2026-07-15 17:58:03,Speed Baccarat 16,telecho|telecho|B,0
2026-07-15 17:59:59,Korean Speed Baccarat 5,telecho|telecho|B,0
2026-07-15 18:09:11,Speed Baccarat 6,telecho|nikoichi|P,0
2026-07-15 18:35:45,Korean Baccarat 1,telecho|telecho|B,1
2026-07-15 18:49:50,Vietnamese Speed Baccarat 3,niconico|dragon|B,0
2026-07-15 19:09:38,Japanese Speed Baccarat 1,telecho|nikoichi|P,1
2026-07-15 19:10:10,Korean Turbo Baccarat 1,niconico|nikoichi|B,0
2026-07-15 19:13:54,Speed Baccarat 9,telecho|telecho|B,1
2026-07-15 19:32:41,Speed Baccarat 3,niconico|dragon|B,0
2026-07-15 19:33:31,Speed Baccarat 13,niconico|dragon|B,0
2026-07-15 19:40:44,Baccarat 5,niconico|dragon|B,0
2026-07-15 19:41:12,Speed Baccarat 12,niconico|dragon|B,1
2026-07-15 19:43:48,Speed Baccarat 9,telecho|nikoichi|P,0
2026-07-15 19:44:50,Speed Baccarat 9,telecho|telecho|B,0
2026-07-15 19:48:50,Speed Baccarat 18,telecho|telecho|B,0
2026-07-15 19:58:34,Speed Baccarat 2,telecho|telecho|B,1
2026-07-15 20:17:27,Vietnamese Speed Baccarat 3,telecho|telecho|B,0
2026-07-15 20:24:53,Korean Baccarat 1,telecho|telecho|B,1
2026-07-15 20:35:17,Baccarat 2,niconico|dragon|B,1
2026-07-15 20:37:16,Korean Speed Baccarat 2,telecho|telecho|B,1
2026-07-15 20:49:37,Chinese Speed Baccarat 3,niconico|dragon|B,0
2026-07-15 20:53:58,Japanese Speed Baccarat 3,telecho|nikoichi|P,1
2026-07-15 20:55:12,Japanese Speed Baccarat 2,telecho|nikoichi|P,0
2026-07-15 21:23:42,Turbo Baccarat,telecho|telecho|B,0
2026-07-15 21:28:32,Speed Baccarat 5,niconico|nikoichi|B,1
2026-07-15 21:33:53,Baccarat 5,telecho|telecho|B,1
2026-07-15 21:39:47,Vietnamese Speed Baccarat 2,niconico|nikoichi|B,1
2026-07-15 21:39:59,Korean Baccarat 1,telecho|telecho|B,0
2026-07-15 21:46:37,Speed Baccarat 1,telecho|nikoichi|P,0
2026-07-15 21:57:28,Speed Baccarat 16,telecho|telecho|B,1
2026-07-15 21:59:34,Baccarat 3,sansan|telecho|P,0
2026-07-15 22:14:33,Korean Speed Baccarat 1,telecho|telecho|B,1
2026-07-15 22:20:29,Korean Speed Baccarat 3,niconico|nikoichi|B,0
2026-07-15 22:21:14,Speed Baccarat 16,telecho|telecho|B,1
2026-07-15 22:34:15,Speed Baccarat 15,niconico|dragon|B,0
2026-07-15 22:38:11,Speed Baccarat 12,telecho|nikoichi|P,0
2026-07-15 23:11:34,HI LO BACCARAT,telecho|telecho|B,0
2026-07-15 23:11:42,Baccarat 1,telecho|nikoichi|P,1
2026-07-15 23:19:34,Vietnamese Speed Baccarat 2,telecho|telecho|B,0
2026-07-15 23:21:11,Vietnamese Speed Baccarat 2,telecho|nikoichi|P,0
2026-07-15 23:28:18,Speed Baccarat 11,telecho|telecho|B,0
2026-07-15 23:38:14,Baccarat 2,telecho|telecho|B,0
2026-07-15 23:38:30,Korean Speed Baccarat 2,telecho|telecho|B,1
2026-07-15 23:38:44,Vietnamese Speed Baccarat 1,telecho|telecho|B,1
2026-07-15 23:49:00,Speed Baccarat 13,telecho|telecho|B,0
2026-07-16 00:05:06,Super 8 Baccarat,niconico|dragon|B,0
2026-07-16 00:05:14,Speed Baccarat 3,telecho|telecho|B,1
2026-07-16 00:12:21,Korean Speed Baccarat 1,telecho|telecho|B,1
2026-07-16 00:20:53,Speed Baccarat 5,niconico|nikoichi|P,1
2026-07-16 00:23:57,Speed Baccarat 5,telecho|nikoichi|P,0
2026-07-16 00:24:10,Baccarat 1,telecho|telecho|B,0
2026-07-16 00:44:06,Thai Speed Baccarat 1,niconico|dragon|B,1
2026-07-16 00:45:23,Chinese Speed Baccarat 3,telecho|nikoichi|P,0
2026-07-16 00:47:43,Speed Baccarat 2,telecho|telecho|B,1
2026-07-16 00:48:22,Speed Baccarat 13,niconico|dragon|B,0
2026-07-16 01:06:12,Vietnamese Speed Baccarat 1,telecho|nikoichi|P,0
2026-07-16 01:11:39,Korean Speed Baccarat 1,niconico|dragon|B,1
2026-07-16 01:30:27,Speed Baccarat 11,niconico|dragon|B,0
2026-07-16 01:36:47,Vietnamese Speed Baccarat 2,telecho|nikoichi|P,1
2026-07-16 01:39:31,Thai Speed Baccarat 1,telecho|telecho|B,0
2026-07-16 02:03:25,Super 8 Baccarat,telecho|nikoichi|P,0
2026-07-16 02:34:17,Baccarat 9,niconico|dragon|B,0
2026-07-16 02:46:14,Indonesian Speed Baccarat 2,telecho|telecho|B,0
2026-07-16 02:46:27,Baccarat 2,telecho|telecho|B,0
2026-07-16 02:47:10,Chinese Speed Baccarat 3,niconico|dragon|B,1
2026-07-16 02:47:46,Korean Baccarat 1,telecho|nikoichi|P,0
2026-07-16 03:09:10,Speed Baccarat 1,telecho|nikoichi|P,0
2026-07-16 03:37:28,Speed Baccarat 12,telecho|telecho|B,0
2026-07-16 03:47:46,Thai Speed Baccarat 2,telecho|nikoichi|P,0
2026-07-16 04:13:48,Speed Baccarat 1,telecho|nikoichi|P,0
2026-07-16 04:21:57,Thai Baccarat 1,telecho|telecho|B,1
2026-07-16 04:24:56,Thai Baccarat 1,telecho|nikoichi|P,1
2026-07-16 04:34:22,Vietnamese Speed Baccarat 2,telecho|nikoichi|P,0
2026-07-16 04:38:20,Korean Speed Baccarat 1,niconico|dragon|B,1
2026-07-16 04:56:56,Baccarat 5,niconico|dragon|B,1
2026-07-16 04:57:36,Speed Baccarat 13,telecho|nikoichi|P,1
2026-07-16 05:10:58,Speed Baccarat 16,telecho|nikoichi|P,1
2026-07-16 05:11:16,Speed Baccarat 18,telecho|nikoichi|P,1
2026-07-16 05:12:29,Speed Baccarat 16,telecho|nikoichi|P,1
2026-07-16 05:36:16,Korean Speed Baccarat 2,telecho|telecho|B,0
2026-07-16 05:45:17,Thai Speed Baccarat 2,niconico|dragon|B,1
2026-07-16 06:16:17,Speed Baccarat 5,niconico|nikoichi|B,1
2026-07-16 06:46:10,Korean Baccarat 1,niconico|dragon|B,1
2026-07-16 06:47:16,Speed Baccarat 11,telecho|telecho|B,1
2026-07-16 06:57:10,Baccarat 6,niconico|nikoichi|B,0
2026-07-16 06:58:16,HI LO BACCARAT,telecho|telecho|B,0
2026-07-16 07:00:22,Indonesian Speed Baccarat 2,telecho|telecho|B,0
2026-07-16 07:03:35,Baccarat 5,niconico|nikoichi|B,0
2026-07-16 07:15:29,Speed Baccarat 15,niconico|dragon|B,1
2026-07-16 07:26:53,Japanese Speed Baccarat 3,niconico|dragon|B,1
2026-07-16 07:28:54,Speed Baccarat 13,niconico|nikoichi|B,0
2026-07-16 07:44:35,Speed Baccarat 2,telecho|nikoichi|P,1
2026-07-16 07:50:12,Speed Baccarat 9,telecho|nikoichi|P,0
2026-07-16 07:54:27,HI LO BACCARAT,telecho|nikoichi|P,0
2026-07-16 07:55:19,Fortune 6 Baccarat,niconico|dragon|B,0
2026-07-16 08:11:16,Vietnamese Speed Baccarat 1,niconico|dragon|B,1
2026-07-16 08:11:22,Speed Baccarat 3,telecho|nikoichi|P,0
2026-07-16 08:17:01,Indonesian Speed Baccarat 1,telecho|telecho|B,1
2026-07-16 08:21:29,Thai Baccarat 1,telecho|telecho|B,0
2026-07-16 08:25:27,Fortune 6 Baccarat,telecho|telecho|B,0
2026-07-16 08:28:44,Speed Baccarat 6,telecho|telecho|B,1
2026-07-16 08:30:31,Thai Speed Baccarat 2,sansan|telecho|P,0
2026-07-16 08:41:14,Chinese Speed Baccarat 2,niconico|nikoichi|P,1
2026-07-16 08:50:20,Speed Baccarat 9,telecho|nikoichi|P,0
2026-07-16 08:52:40,Fortune 6 Baccarat,telecho|telecho|B,1
2026-07-16 08:59:17,Korean Baccarat 2,telecho|telecho|B,1
2026-07-16 08:59:23,Indonesian Speed Baccarat 2,telecho|nikoichi|P,1
2026-07-16 09:07:17,Japanese Speed Baccarat 1,telecho|telecho|B,1
2026-07-16 09:11:42,Korean Speed Baccarat 2,telecho|telecho|B,0
2026-07-16 09:41:49,Korean Speed Baccarat 2,telecho|telecho|B,0
2026-07-16 10:33:14,Speed Baccarat 6,niconico|dragon|B,0
2026-07-16 10:35:12,Thai Baccarat 1,niconico|dragon|B,1
2026-07-16 10:38:07,Japanese Speed Baccarat 1,telecho|nikoichi|P,1
2026-07-16 10:50:48,Korean Speed Baccarat 1,telecho|telecho|B,0
2026-07-16 10:52:54,Speed Baccarat 9,telecho|telecho|B,0
2026-07-16 10:54:25,Korean Speed Baccarat 1,sansan|telecho|P,0
2026-07-16 11:00:06,Vietnamese Speed Baccarat 2,telecho|nikoichi|P,0
2026-07-16 11:08:24,Korean Speed Baccarat 5,telecho|telecho|B,1
2026-07-16 11:20:17,Indonesian Speed Baccarat 2,telecho|telecho|B,1
2026-07-16 11:26:34,HI LO BACCARAT,telecho|telecho|B,0
2026-07-16 11:32:02,Speed Baccarat 18,niconico|dragon|B,0
2026-07-16 11:40:02,Thai Speed Baccarat 1,niconico|dragon|B,1
2026-07-16 11:45:18,Chinese Speed Baccarat 3,telecho|nikoichi|P,0
2026-07-16 11:57:16,Super 8 Baccarat,telecho|telecho|B,1
2026-07-16 12:02:35,Speed Baccarat 8,telecho|telecho|B,0
2026-07-16 12:12:20,Speed Baccarat 3,niconico|dragon|B,1
2026-07-16 12:20:51,Thai Speed Baccarat 2,telecho|nikoichi|P,0
2026-07-16 12:32:11,Speed Baccarat 6,niconico|nikoichi|B,0
2026-07-16 13:10:13,Speed Baccarat 13,telecho|nikoichi|P,0
2026-07-16 13:12:59,Speed Baccarat 3,telecho|nikoichi|P,0
2026-07-16 13:23:32,Speed Baccarat 9,niconico|nikoichi|B,1
2026-07-16 13:27:01,Japanese Speed Baccarat 3,telecho|telecho|B,1
2026-07-16 13:34:28,Speed Baccarat 1,telecho|nikoichi|P,1
2026-07-16 13:41:01,Speed Baccarat 3,telecho|telecho|B,0
2026-07-16 13:43:14,Thai Baccarat 1,niconico|dragon|B,0
2026-07-16 13:47:07,Chinese Speed Baccarat 3,telecho|nikoichi|P,0
2026-07-16 13:54:53,Fortune 6 Baccarat,telecho|telecho|B,0
2026-07-16 13:57:58,Speed Baccarat 3,telecho|telecho|B,0
2026-07-16 13:58:12,Vietnamese Speed Baccarat 1,telecho|telecho|B,1
2026-07-16 13:59:03,Baccarat 7,niconico|dragon|B,0
2026-07-16 14:00:38,Vietnamese Speed Baccarat 1,telecho|nikoichi|P,1
2026-07-16 14:16:16,Baccarat 7,telecho|telecho|B,0
2026-07-16 14:25:22,Korean Turbo Baccarat 1,niconico|dragon|B,0
2026-07-16 14:55:23,Baccarat 7,telecho|nikoichi|P,1
2026-07-16 15:13:00,Speed Baccarat 8,telecho|nikoichi|P,1
2026-07-16 15:17:58,Chinese Speed Baccarat 1,telecho|telecho|B,0
2026-07-16 15:26:31,Turbo Baccarat,telecho|telecho|B,1
2026-07-16 15:29:23,Speed Baccarat 9,niconico|dragon|B,1
2026-07-16 15:48:45,Speed Baccarat 3,niconico|dragon|B,0
2026-07-16 15:57:55,STAKE SPEED BACCARAT,telecho|telecho|B,1
2026-07-16 15:59:26,Speed Baccarat 5,telecho|nikoichi|P,1
2026-07-16 16:02:56,Speed Baccarat 17,telecho|telecho|B,0
2026-07-16 16:13:40,Baccarat 7,telecho|telecho|B,0
2026-07-16 16:19:05,Vietnamese Speed Baccarat 1,telecho|telecho|B,1
2026-07-16 16:30:26,Korean Turbo Baccarat 1,sansan|telecho|P,0
2026-07-16 16:35:07,HI LO BACCARAT,telecho|nikoichi|P,0
2026-07-16 17:03:24,Speed Baccarat 11,telecho|nikoichi|P,1
2026-07-16 17:07:10,Fortune 6 Baccarat,telecho|nikoichi|P,1
2026-07-16 17:18:55,Baccarat 9,niconico|dragon|B,1
2026-07-16 17:20:47,Speed Baccarat 12,telecho|nikoichi|P,1
2026-07-16 17:29:47,Thai Baccarat 1,niconico|nikoichi|B,0
2026-07-16 17:42:30,Korean Baccarat 2,telecho|telecho|B,1
2026-07-16 17:47:03,STAKE SPEED BACCARAT,telecho|telecho|B,0
2026-07-16 17:48:22,Turbo Baccarat,niconico|nikoichi|P,0
2026-07-16 17:57:07,Speed Baccarat 18,telecho|nikoichi|P,1
2026-07-16 17:58:15,Speed Baccarat 18,telecho|nikoichi|P,1
2026-07-16 17:59:36,Speed Baccarat 11,telecho|telecho|B,1
2026-07-16 18:03:52,Speed Baccarat 9,telecho|nikoichi|P,0
2026-07-16 18:08:35,Speed Baccarat 2,telecho|nikoichi|P,0
2026-07-16 18:12:22,Korean Baccarat 1,telecho|telecho|B,0
2026-07-16 18:29:46,Speed Baccarat 13,niconico|dragon|B,0
2026-07-16 18:47:47,Korean Turbo Baccarat 1,sansan|telecho|P,0
2026-07-16 18:47:58,STAKE SPEED BACCARAT,telecho|nikoichi|P,1
2026-07-16 18:49:21,Indonesian Speed Baccarat 2,niconico|dragon|B,0
2026-07-16 18:56:50,Korean Speed Baccarat 5,niconico|dragon|B,0
2026-07-16 18:58:09,Speed Baccarat 3,telecho|telecho|B,1
2026-07-16 19:02:55,Korean Baccarat 1,niconico|nikoichi|P,1
2026-07-16 19:08:43,Baccarat 5,telecho|nikoichi|P,1
2026-07-16 19:21:48,Japanese Speed Baccarat 3,niconico|nikoichi|P,1
2026-07-16 19:21:56,Vietnamese Speed Baccarat 2,telecho|telecho|B,0
2026-07-16 19:34:32,Korean Speed Baccarat 1,telecho|nikoichi|P,1
2026-07-16 19:39:20,Speed Baccarat 9,telecho|telecho|B,0
2026-07-16 20:01:02,Speed Baccarat 13,niconico|nikoichi|P,0
2026-07-16 20:14:59,Baccarat 9,niconico|dragon|B,0
2026-07-16 20:16:17,Korean Baccarat 2,telecho|nikoichi|P,0
2026-07-16 20:19:29,Speed Baccarat 5,telecho|telecho|B,0
2026-07-16 20:28:06,Turbo Baccarat,telecho|telecho|B,1
2026-07-16 20:44:31,Speed Baccarat 12,telecho|telecho|B,0
2026-07-16 20:53:14,Speed Baccarat 13,sansan|telecho|P,0
2026-07-16 20:59:42,Fortune 6 Baccarat,telecho|telecho|B,1
2026-07-16 21:01:10,Baccarat 5,telecho|telecho|B,1
2026-07-16 21:02:46,HI LO BACCARAT,sansan|telecho|P,1
2026-07-16 21:06:59,Baccarat 5,telecho|telecho|B,1
2026-07-16 21:07:41,Japanese Speed Baccarat 1,telecho|telecho|B,1
2026-07-16 21:11:39,Baccarat 3,telecho|telecho|B,0
2026-07-16 21:14:25,Baccarat 2,niconico|dragon|B,0
2026-07-16 21:14:31,Thai Speed Baccarat 1,telecho|nikoichi|P,0
2026-07-16 21:20:47,Speed Baccarat 5,telecho|telecho|B,1
2026-07-16 21:23:53,Speed Baccarat 11,telecho|telecho|B,1
2026-07-16 21:24:00,Speed Baccarat 17,niconico|dragon|B,0
2026-07-16 21:26:39,Baccarat 7,niconico|dragon|B,1
2026-07-16 21:31:29,Speed Baccarat 11,niconico|dragon|B,1
2026-07-16 21:41:30,Japanese Speed Baccarat 1,sansan|telecho|P,1
2026-07-16 21:57:16,Fortune 6 Baccarat,telecho|telecho|B,0
2026-07-16 22:10:13,HI LO BACCARAT,telecho|telecho|B,0
2026-07-16 22:10:40,Speed Baccarat 9,telecho|telecho|B,0
2026-07-16 22:12:16,Speed Baccarat 6,telecho|nikoichi|P,0
2026-07-16 22:21:52,Korean Turbo Baccarat 1,telecho|nikoichi|P,1
2026-07-16 22:31:02,STAKE SPEED BACCARAT,telecho|telecho|B,0
2026-07-16 22:44:55,Turbo Baccarat,telecho|telecho|B,1
2026-07-16 22:45:03,Chinese Speed Baccarat 2,niconico|nikoichi|P,1
2026-07-16 22:46:10,Japanese Speed Baccarat 3,telecho|telecho|B,1
2026-07-16 22:58:17,STAKE SPEED BACCARAT,niconico|dragon|B,0
2026-07-16 23:02:04,Korean Speed Baccarat 3,telecho|nikoichi|P,0
2026-07-16 23:02:51,Korean Speed Baccarat 3,telecho|telecho|B,1
2026-07-16 23:12:46,Indonesian Speed Baccarat 1,telecho|nikoichi|P,1
2026-07-16 23:13:37,Vietnamese Speed Baccarat 3,niconico|nikoichi|P,1
2026-07-16 23:23:33,Speed Baccarat 11,telecho|telecho|B,0
2026-07-16 23:33:56,Korean Speed Baccarat 3,telecho|telecho|B,1
2026-07-16 23:49:41,Baccarat 3,telecho|telecho|B,1
2026-07-16 23:49:56,Chinese Speed Baccarat 2,telecho|telecho|B,1
2026-07-16 23:50:30,Speed Baccarat 16,telecho|nikoichi|P,1
2026-07-16 23:51:04,Speed Baccarat 13,telecho|telecho|B,1
2026-07-16 23:51:10,Speed Baccarat 9,telecho|telecho|B,0
2026-07-16 23:52:11,Speed Baccarat 16,telecho|telecho|B,1
2026-07-16 23:52:35,Thai Speed Baccarat 1,niconico|nikoichi|P,0
2026-07-16 23:52:41,Speed Baccarat 6,niconico|nikoichi|P,0
2026-07-16 23:54:51,Vietnamese Speed Baccarat 1,telecho|telecho|B,1
2026-07-16 23:56:31,Turbo Baccarat,niconico|nikoichi|B,0
2026-07-16 23:58:11,Speed Baccarat 15,niconico|nikoichi|B,1
2026-07-17 00:05:10,Korean Speed Baccarat 3,niconico|nikoichi|B,0
2026-07-17 00:11:52,Korean Speed Baccarat 1,niconico|dragon|B,1
2026-07-17 00:13:01,Japanese Speed Baccarat 1,telecho|nikoichi|P,0
2026-07-17 00:13:43,Japanese Speed Baccarat 1,telecho|telecho|B,0
2026-07-17 00:34:54,Thai Speed Baccarat 1,niconico|nikoichi|B,0
2026-07-17 00:35:27,Speed Baccarat 6,telecho|telecho|B,1
2026-07-17 00:38:29,Korean Speed Baccarat 1,niconico|dragon|B,0
2026-07-17 00:39:20,Speed Baccarat 1,telecho|telecho|B,1
2026-07-17 01:03:41,Thai Baccarat 1,telecho|nikoichi|P,0
2026-07-17 01:10:56,STAKE SPEED BACCARAT,telecho|telecho|B,1
2026-07-17 01:19:44,Baccarat 1,telecho|nikoichi|P,0
2026-07-17 01:31:35,Speed Baccarat 3,telecho|telecho|B,1
2026-07-17 01:45:56,Vietnamese Speed Baccarat 3,telecho|telecho|B,1
2026-07-17 01:51:50,Chinese Speed Baccarat 2,telecho|telecho|B,0
2026-07-17 01:53:25,Indonesian Speed Baccarat 2,telecho|telecho|B,1
2026-07-17 01:55:22,Indonesian Speed Baccarat 2,telecho|telecho|B,0
2026-07-17 02:04:58,Indonesian Speed Baccarat 2,telecho|nikoichi|P,0
2026-07-17 02:06:39,Speed Baccarat 13,niconico|nikoichi|P,0
2026-07-17 02:08:43,Korean Speed Baccarat 1,telecho|telecho|B,0
2026-07-17 02:12:48,Japanese Speed Baccarat 1,telecho|telecho|B,0
2026-07-17 02:17:48,Baccarat 3,niconico|dragon|B,1
2026-07-17 02:18:52,Thai Baccarat 1,niconico|nikoichi|P,0
2026-07-17 02:40:10,Speed Baccarat 5,telecho|nikoichi|P,0
2026-07-17 02:40:57,Speed Baccarat 5,telecho|telecho|B,0
2026-07-17 02:43:40,Speed Baccarat 5,telecho|nikoichi|P,0
2026-07-17 02:50:42,Baccarat 6,telecho|telecho|B,1
2026-07-17 02:55:53,Korean Baccarat 1,telecho|nikoichi|P,1
2026-07-17 02:56:02,Japanese Speed Baccarat 2,telecho|nikoichi|P,0
2026-07-17 03:10:12,Korean Baccarat 2,telecho|telecho|B,0
2026-07-17 03:13:04,Speed Baccarat 9,telecho|telecho|B,1
2026-07-17 03:15:13,Japanese Speed Baccarat 1,telecho|telecho|B,0
2026-07-17 03:23:07,Chinese Speed Baccarat 2,telecho|telecho|B,1
2026-07-17 03:24:35,Korean Speed Baccarat 5,niconico|nikoichi|B,1
2026-07-17 03:29:09,STAKE SPEED BACCARAT,niconico|dragon|B,1
2026-07-17 03:43:19,Speed Baccarat 16,telecho|nikoichi|P,0
2026-07-17 03:56:42,Thai Speed Baccarat 1,niconico|dragon|B,0
2026-07-17 04:04:23,Baccarat 6,telecho|nikoichi|P,0
2026-07-17 04:28:31,Korean Speed Baccarat 5,sansan|telecho|P,0
2026-07-17 04:37:44,Thai Speed Baccarat 2,niconico|nikoichi|P,0
2026-07-17 04:44:41,Indonesian Speed Baccarat 2,telecho|nikoichi|P,0
2026-07-17 04:48:12,Speed Baccarat 12,telecho|nikoichi|P,0
2026-07-17 04:52:14,Fortune 6 Baccarat,niconico|nikoichi|P,0
2026-07-17 04:56:45,Baccarat 9,niconico|nikoichi|P,0
2026-07-17 05:05:11,Chinese Speed Baccarat 3,niconico|nikoichi|B,1
2026-07-17 05:31:01,Chinese Speed Baccarat 3,telecho|telecho|B,1
2026-07-17 05:50:49,Super 8 Baccarat,telecho|telecho|B,0
2026-07-17 06:00:15,Vietnamese Speed Baccarat 2,telecho|telecho|B,1
2026-07-17 06:21:05,Speed Baccarat 9,niconico|nikoichi|B,1
2026-07-17 06:40:33,Speed Baccarat 12,telecho|telecho|B,1
2026-07-17 06:45:47,Turbo Baccarat,telecho|nikoichi|P,0
2026-07-17 06:57:12,Speed Baccarat 3,niconico|dragon|B,0
2026-07-17 06:57:27,Baccarat 2,telecho|telecho|B,1
2026-07-17 06:59:53,Baccarat 2,niconico|nikoichi|B,0
2026-07-17 07:08:20,Speed Baccarat 1,telecho|nikoichi|P,1
2026-07-17 07:08:47,Baccarat 6,niconico|dragon|B,1
2026-07-17 07:16:55,Speed Baccarat 11,niconico|nikoichi|B,0
2026-07-17 07:20:37,Korean Speed Baccarat 1,telecho|nikoichi|P,0
2026-07-17 07:22:12,Indonesian Speed Baccarat 1,niconico|dragon|B,0
2026-07-17 07:27:07,Speed Baccarat 15,niconico|nikoichi|P,0
2026-07-17 07:50:11,Speed Baccarat 13,telecho|nikoichi|P,1
2026-07-17 07:53:58,Vietnamese Speed Baccarat 1,telecho|telecho|B,1
2026-07-17 08:13:12,Japanese Speed Baccarat 1,niconico|nikoichi|B,0
2026-07-17 08:14:30,Baccarat 5,niconico|dragon|B,0
2026-07-17 08:18:37,Speed Baccarat 13,telecho|telecho|B,1
2026-07-17 08:52:10,Speed Baccarat 8,niconico|nikoichi|P,1
2026-07-17 08:52:32,Korean Baccarat 1,niconico|dragon|B,0
2026-07-17 09:08:45,Turbo Baccarat,telecho|telecho|B,0
2026-07-17 09:24:12,Super 8 Baccarat,niconico|dragon|B,0
2026-07-17 09:29:35,Japanese Speed Baccarat 2,niconico|nikoichi|B,1
2026-07-17 09:36:44,Thai Speed Baccarat 1,telecho|telecho|B,1
2026-07-17 09:42:11,Speed Baccarat 12,telecho|nikoichi|P,0
2026-07-17 09:54:34,Chinese Speed Baccarat 2,niconico|nikoichi|B,1
2026-07-17 10:05:42,Speed Baccarat 2,telecho|telecho|B,1
2026-07-17 10:09:17,Speed Baccarat 2,niconico|dragon|B,0
2026-07-17 10:14:31,Vietnamese Speed Baccarat 1,telecho|telecho|B,1
2026-07-17 10:15:08,Turbo Baccarat,niconico|dragon|B,0
2026-07-17 10:27:20,Thai Speed Baccarat 1,telecho|telecho|B,1
2026-07-17 10:27:39,Speed Baccarat 11,telecho|nikoichi|P,1
2026-07-17 10:28:08,Super 8 Baccarat,niconico|nikoichi|P,0
2026-07-17 10:38:13,Super 8 Baccarat,telecho|telecho|B,1
2026-07-17 10:38:48,Turbo Baccarat,telecho|telecho|B,1
2026-07-17 10:38:57,Indonesian Speed Baccarat 2,niconico|nikoichi|P,1
2026-07-17 10:41:12,Speed Baccarat 11,sansan|telecho|P,1
2026-07-17 10:42:07,Turbo Baccarat,telecho|telecho|B,0
2026-07-17 10:42:31,Korean Speed Baccarat 3,telecho|telecho|B,0
2026-07-17 10:48:36,Speed Baccarat 13,niconico|nikoichi|P,1
2026-07-17 10:59:35,Chinese Speed Baccarat 3,telecho|telecho|B,0
2026-07-17 11:17:08,Baccarat 5,telecho|telecho|B,0
2026-07-17 11:25:05,Speed Baccarat 1,telecho|telecho|B,0
2026-07-17 11:26:32,Thai Speed Baccarat 1,telecho|nikoichi|P,1
2026-07-17 11:29:59,Speed Baccarat 3,telecho|telecho|B,1
2026-07-17 11:32:18,Speed Baccarat 3,telecho|nikoichi|P,0
2026-07-17 11:38:52,Speed Baccarat 18,telecho|telecho|B,0
2026-07-17 11:41:22,Indonesian Speed Baccarat 1,niconico|dragon|B,1
2026-07-17 11:44:32,Speed Baccarat 8,telecho|telecho|B,1
2026-07-17 11:49:08,Thai Speed Baccarat 1,telecho|telecho|B,0
2026-07-17 11:49:38,Turbo Baccarat,telecho|telecho|B,1
2026-07-17 11:50:20,Vietnamese Speed Baccarat 2,telecho|nikoichi|P,0
2026-07-17 12:05:25,STAKE SPEED BACCARAT,niconico|nikoichi|P,0
2026-07-17 12:44:26,Japanese Speed Baccarat 1,telecho|telecho|B,1
2026-07-17 12:47:07,Baccarat 6,telecho|telecho|B,1
2026-07-17 12:47:59,Korean Baccarat 1,telecho|telecho|B,1
2026-07-17 12:59:18,Chinese Speed Baccarat 3,telecho|telecho|B,1
2026-07-17 13:04:08,Turbo Baccarat,telecho|nikoichi|P,1
2026-07-17 13:05:21,Turbo Baccarat,niconico|nikoichi|P,0
2026-07-17 13:09:20,HI LO BACCARAT,telecho|telecho|B,0
2026-07-17 13:16:00,Korean Speed Baccarat 3,telecho|telecho|B,1
2026-07-17 13:21:09,Japanese Speed Baccarat 3,niconico|nikoichi|B,0
2026-07-17 13:24:18,Korean Turbo Baccarat 1,niconico|nikoichi|B,1
2026-07-17 13:40:57,Baccarat 1,niconico|nikoichi|P,1
2026-07-17 13:47:33,Speed Baccarat 6,niconico|nikoichi|P,1
2026-07-17 14:29:16,Korean Speed Baccarat 3,niconico|dragon|B,0
2026-07-17 14:30:30,Indonesian Speed Baccarat 2,niconico|nikoichi|P,0
2026-07-17 14:32:09,Speed Baccarat 5,telecho|telecho|B,0
2026-07-17 14:38:09,Chinese Speed Baccarat 1,telecho|nikoichi|P,1
2026-07-17 14:38:29,Chinese Speed Baccarat 1,niconico|nikoichi|B,0
2026-07-17 14:58:49,Korean Turbo Baccarat 1,niconico|nikoichi|P,1
2026-07-17 15:17:55,Japanese Speed Baccarat 1,telecho|telecho|B,0
2026-07-17 15:23:57,Indonesian Speed Baccarat 2,telecho|nikoichi|P,1
2026-07-17 15:33:37,Speed Baccarat 9,niconico|dragon|B,0
2026-07-17 15:41:26,Korean Speed Baccarat 5,telecho|nikoichi|P,1
2026-07-17 15:44:12,Korean Speed Baccarat 5,niconico|dragon|B,0
2026-07-17 15:45:28,Turbo Baccarat,telecho|telecho|B,1
2026-07-17 15:46:32,Korean Speed Baccarat 3,telecho|telecho|B,0
2026-07-17 16:00:36,Thai Baccarat 1,telecho|telecho|B,1
2026-07-17 16:02:10,Speed Baccarat 5,niconico|dragon|B,1
2026-07-17 16:07:18,Vietnamese Speed Baccarat 1,niconico|nikoichi|B,1
2026-07-17 16:13:07,Thai Speed Baccarat 1,telecho|telecho|B,1
2026-07-17 16:22:18,Thai Speed Baccarat 2,telecho|telecho|B,0
2026-07-17 16:28:08,Fortune 6 Baccarat,telecho|telecho|B,1
2026-07-17 16:37:54,Speed Baccarat 16,niconico|nikoichi|B,1
2026-07-17 16:38:42,Speed Baccarat 16,niconico|nikoichi|P,1
2026-07-17 16:57:49,Korean Baccarat 1,telecho|telecho|B,1
2026-07-17 16:59:57,Chinese Speed Baccarat 2,telecho|telecho|B,1
2026-07-17 17:01:52,Speed Baccarat 13,telecho|telecho|B,0
2026-07-17 17:05:39,Vietnamese Speed Baccarat 1,telecho|telecho|B,0
2026-07-17 17:16:07,Korean Speed Baccarat 3,telecho|telecho|B,1
2026-07-17 17:31:39,Chinese Speed Baccarat 3,telecho|telecho|B,1
2026-07-17 17:34:07,Chinese Speed Baccarat 3,telecho|nikoichi|P,0
2026-07-17 17:35:25,Chinese Speed Baccarat 1,telecho|nikoichi|P,0
2026-07-17 17:36:09,Chinese Speed Baccarat 1,telecho|telecho|B,1
2026-07-17 17:38:54,HI LO BACCARAT,telecho|telecho|B,0
2026-07-17 17:49:59,Korean Speed Baccarat 3,telecho|nikoichi|P,0
2026-07-17 18:07:57,Vietnamese Speed Baccarat 1,telecho|nikoichi|P,0
2026-07-17 18:09:02,Korean Speed Baccarat 2,telecho|nikoichi|P,1
2026-07-17 18:10:37,Indonesian Speed Baccarat 1,niconico|dragon|B,1
2026-07-17 18:28:53,Baccarat 6,telecho|telecho|B,1
2026-07-17 18:43:51,Speed Baccarat 15,telecho|telecho|B,0
2026-07-17 19:01:26,Baccarat 2,niconico|dragon|B,1
2026-07-17 19:13:15,Korean Speed Baccarat 3,telecho|telecho|B,1
2026-07-17 19:14:13,Speed Baccarat 15,telecho|telecho|B,1
2026-07-17 19:17:18,Japanese Speed Baccarat 1,niconico|dragon|B,1
2026-07-17 19:18:27,Chinese Speed Baccarat 3,telecho|telecho|B,1
2026-07-17 19:31:08,Thai Speed Baccarat 1,telecho|telecho|B,1
2026-07-17 19:35:31,Baccarat 2,telecho|nikoichi|P,1
2026-07-17 19:42:37,Vietnamese Speed Baccarat 3,telecho|telecho|B,1
2026-07-17 19:44:55,Vietnamese Speed Baccarat 3,telecho|nikoichi|P,0
2026-07-17 19:54:25,Speed Baccarat 13,telecho|nikoichi|P,0
2026-07-17 19:55:53,Baccarat 5,telecho|telecho|B,1
2026-07-17 20:01:27,Speed Baccarat 16,telecho|telecho|B,1
2026-07-17 20:03:38,Speed Baccarat 18,niconico|dragon|B,0
2026-07-17 20:15:06,Vietnamese Speed Baccarat 1,telecho|telecho|B,0
2026-07-17 20:15:38,Baccarat 9,telecho|telecho|B,1
2026-07-17 20:16:37,Speed Baccarat 5,telecho|telecho|B,0
2026-07-17 20:30:48,Speed Baccarat 16,niconico|dragon|B,1
2026-07-17 20:47:59,Baccarat 2,telecho|nikoichi|P,1
2026-07-17 20:49:27,Speed Baccarat 5,niconico|dragon|B,1
2026-07-17 20:56:37,Fortune 6 Baccarat,niconico|dragon|B,0
2026-07-17 21:21:45,Korean Baccarat 2,telecho|nikoichi|P,1
2026-07-17 21:41:35,Baccarat 5,telecho|telecho|B,1
2026-07-17 21:43:00,Vietnamese Speed Baccarat 1,niconico|dragon|B,1
2026-07-17 21:45:29,Korean Speed Baccarat 3,telecho|telecho|B,1
2026-07-17 21:52:16,Speed Baccarat 13,telecho|telecho|B,0
2026-07-17 21:54:11,Speed Baccarat 13,niconico|nikoichi|B,1
2026-07-17 22:09:49,Chinese Speed Baccarat 2,telecho|nikoichi|P,1
2026-07-17 22:19:18,Korean Baccarat 1,niconico|dragon|B,1
2026-07-17 22:21:28,Speed Baccarat 13,telecho|nikoichi|P,1
2026-07-17 22:34:58,Speed Baccarat 6,niconico|dragon|B,0
2026-07-17 22:35:58,Speed Baccarat 12,telecho|telecho|B,1
2026-07-17 22:48:47,Korean Turbo Baccarat 1,telecho|nikoichi|P,0
2026-07-17 22:49:59,Speed Baccarat 5,telecho|nikoichi|P,0
2026-07-17 22:53:26,Japanese Speed Baccarat 1,niconico|dragon|B,0
2026-07-17 23:00:52,Speed Baccarat 12,telecho|nikoichi|P,1
2026-07-17 23:10:55,Korean Speed Baccarat 1,telecho|telecho|B,0
2026-07-17 23:13:52,Vietnamese Speed Baccarat 1,telecho|nikoichi|P,0
2026-07-17 23:28:09,HI LO BACCARAT,telecho|nikoichi|P,1
2026-07-17 23:57:38,Japanese Speed Baccarat 1,telecho|telecho|B,0
2026-07-17 23:58:14,Speed Baccarat 2,niconico|nikoichi|P,0
2026-07-18 00:20:59,Speed Baccarat 13,telecho|nikoichi|P,0
2026-07-18 00:22:42,Baccarat 1,telecho|nikoichi|P,0
2026-07-18 00:22:56,Chinese Speed Baccarat 3,niconico|dragon|B,0
2026-07-18 00:37:43,Speed Baccarat 1,telecho|nikoichi|P,1
2026-07-18 00:43:51,Korean Speed Baccarat 5,niconico|dragon|B,0
2026-07-18 00:46:57,Korean Speed Baccarat 1,telecho|nikoichi|P,1
2026-07-18 00:47:24,Speed Baccarat 11,telecho|nikoichi|P,0
2026-07-18 01:05:43,Baccarat 2,telecho|telecho|B,1
2026-07-18 01:09:49,Korean Turbo Baccarat 1,telecho|telecho|B,0
2026-07-18 01:14:03,Baccarat 1,telecho|telecho|B,0
2026-07-18 01:15:33,Speed Baccarat 15,telecho|telecho|B,0
2026-07-18 01:43:55,Baccarat 6,niconico|dragon|B,0
2026-07-18 01:53:25,Turbo Baccarat,telecho|telecho|B,1
2026-07-18 02:19:44,Baccarat 6,niconico|nikoichi|B,0
2026-07-18 02:26:54,Japanese Speed Baccarat 2,telecho|telecho|B,1
2026-07-18 02:37:13,Speed Baccarat 1,telecho|telecho|B,1
2026-07-18 03:01:53,Thai Baccarat 1,telecho|telecho|B,0
2026-07-18 03:07:17,Indonesian Speed Baccarat 1,telecho|telecho|B,1
2026-07-18 03:42:46,Fortune 6 Baccarat,telecho|telecho|B,0
2026-07-18 04:20:17,Baccarat 9,niconico|dragon|B,1
2026-07-18 04:31:15,Thai Speed Baccarat 1,telecho|nikoichi|P,1
2026-07-18 04:35:36,Speed Baccarat 1,telecho|telecho|B,0
2026-07-18 05:14:05,Speed Baccarat 6,telecho|nikoichi|P,0
2026-07-18 05:18:47,Korean Speed Baccarat 1,telecho|telecho|B,1
2026-07-18 05:19:26,Speed Baccarat 13,niconico|dragon|B,0
2026-07-18 05:21:50,Indonesian Speed Baccarat 2,sansan|telecho|P,1
2026-07-18 05:23:37,Speed Baccarat 18,niconico|dragon|B,0
2026-07-18 05:27:26,Baccarat 9,telecho|telecho|B,0
2026-07-18 05:30:21,Indonesian Speed Baccarat 1,telecho|nikoichi|P,0
2026-07-18 05:48:56,Korean Speed Baccarat 2,telecho|telecho|B,0
2026-07-18 05:52:03,Speed Baccarat 18,niconico|dragon|B,0
2026-07-18 05:53:48,Baccarat 3,niconico|nikoichi|P,0
2026-07-18 06:00:28,Thai Speed Baccarat 2,niconico|dragon|B,1
2026-07-18 06:15:20,Korean Turbo Baccarat 1,telecho|telecho|B,0
2026-07-18 06:17:56,Korean Speed Baccarat 5,niconico|nikoichi|B,0
2026-07-18 06:25:25,Korean Baccarat 1,telecho|nikoichi|P,1
2026-07-18 06:31:42,Korean Baccarat 1,telecho|telecho|B,1
2026-07-18 06:33:13,Speed Baccarat 1,niconico|dragon|B,0
2026-07-18 06:34:59,Korean Baccarat 1,telecho|nikoichi|P,0
2026-07-18 06:49:14,Thai Baccarat 1,niconico|dragon|B,1
2026-07-18 06:54:15,Indonesian Speed Baccarat 1,telecho|telecho|B,0
2026-07-18 07:01:42,Thai Speed Baccarat 2,niconico|dragon|B,1
2026-07-18 07:10:32,Speed Baccarat 3,telecho|telecho|B,1
2026-07-18 07:11:12,STAKE SPEED BACCARAT,telecho|nikoichi|P,0
2026-07-18 07:12:53,Speed Baccarat 3,telecho|nikoichi|P,1
2026-07-18 07:23:29,Indonesian Speed Baccarat 1,telecho|nikoichi|P,1
2026-07-18 07:24:31,Speed Baccarat 18,sansan|telecho|P,1
2026-07-18 07:26:10,Thai Speed Baccarat 2,telecho|telecho|B,0
2026-07-18 07:29:15,Korean Speed Baccarat 2,telecho|telecho|B,0
2026-07-18 07:34:45,Speed Baccarat 13,telecho|nikoichi|P,0
2026-07-18 07:35:21,Speed Baccarat 1,niconico|dragon|B,0
2026-07-18 07:36:09,STAKE SPEED BACCARAT,telecho|nikoichi|P,0
2026-07-18 07:45:36,Korean Speed Baccarat 5,telecho|telecho|B,1
2026-07-18 07:50:50,Vietnamese Speed Baccarat 1,telecho|nikoichi|P,1
2026-07-18 07:50:56,Fortune 6 Baccarat,niconico|dragon|B,1
2026-07-18 07:52:10,Speed Baccarat 18,sansan|telecho|P,0
2026-07-18 08:05:53,Japanese Speed Baccarat 3,niconico|dragon|B,1
2026-07-18 08:10:55,Speed Baccarat 3,niconico|dragon|B,0
2026-07-18 08:18:22,HI LO BACCARAT,niconico|dragon|B,1
2026-07-18 08:29:09,Korean Speed Baccarat 1,niconico|dragon|B,0
2026-07-18 08:32:53,Baccarat 2,niconico|dragon|B,1
2026-07-18 09:08:46,Super 8 Baccarat,niconico|dragon|B,1
2026-07-18 09:32:02,Speed Baccarat 11,telecho|nikoichi|P,0
2026-07-18 09:35:19,Baccarat 1,niconico|dragon|B,0
2026-07-18 09:36:59,Thai Speed Baccarat 1,telecho|telecho|B,0
2026-07-18 09:40:44,Speed Baccarat 3,telecho|telecho|B,0
2026-07-18 09:53:33,Turbo Baccarat,telecho|nikoichi|P,0
2026-07-18 09:54:12,Speed Baccarat 9,telecho|telecho|B,0
2026-07-18 09:56:37,Speed Baccarat 1,telecho|nikoichi|P,0
2026-07-18 10:14:48,Speed Baccarat 18,telecho|telecho|B,1
2026-07-18 10:38:44,Speed Baccarat 12,telecho|nikoichi|P,1
2026-07-18 10:43:54,Japanese Speed Baccarat 1,telecho|nikoichi|P,1
2026-07-18 10:44:07,Baccarat 1,telecho|nikoichi|P,1
2026-07-18 10:47:02,Speed Baccarat 8,telecho|nikoichi|P,1
2026-07-18 10:52:53,Speed Baccarat 9,niconico|dragon|B,0
2026-07-18 11:00:30,Speed Baccarat 6,telecho|telecho|B,0
2026-07-18 11:14:41,Speed Baccarat 18,niconico|dragon|B,1
2026-07-18 11:17:23,Fortune 6 Baccarat,telecho|telecho|B,1
2026-07-18 11:25:16,Speed Baccarat 13,telecho|telecho|B,1
2026-07-18 11:28:03,Speed Baccarat 6,telecho|nikoichi|P,0
2026-07-18 11:35:37,Thai Speed Baccarat 1,telecho|nikoichi|P,0
2026-07-18 11:40:44,Indonesian Speed Baccarat 2,telecho|telecho|B,1
2026-07-18 11:42:21,Speed Baccarat 2,niconico|nikoichi|B,0
2026-07-18 11:49:57,Korean Turbo Baccarat 1,telecho|telecho|B,0
2026-07-18 12:08:43,Chinese Speed Baccarat 2,niconico|dragon|B,1
2026-07-18 12:08:55,Speed Baccarat 12,telecho|telecho|B,1
2026-07-18 12:13:23,Baccarat 3,telecho|nikoichi|P,1
2026-07-18 12:33:44,Turbo Baccarat,telecho|nikoichi|P,1
2026-07-18 12:57:28,Speed Baccarat 15,telecho|telecho|B,1
2026-07-18 13:18:14,Thai Speed Baccarat 2,niconico|nikoichi|P,1
2026-07-18 13:32:35,Speed Baccarat 16,niconico|dragon|B,0
2026-07-18 13:36:55,Indonesian Speed Baccarat 1,telecho|telecho|B,1
2026-07-18 13:41:35,Chinese Speed Baccarat 1,niconico|nikoichi|P,1
2026-07-18 13:46:37,Korean Speed Baccarat 5,sansan|telecho|P,0
2026-07-18 13:46:56,Speed Baccarat 3,telecho|telecho|B,1
2026-07-18 14:08:26,Chinese Speed Baccarat 3,telecho|telecho|B,1
2026-07-18 14:09:01,Turbo Baccarat,telecho|telecho|B,1
2026-07-18 14:27:49,Speed Baccarat 18,telecho|telecho|B,0
2026-07-18 14:27:59,Speed Baccarat 5,telecho|nikoichi|P,1
2026-07-18 14:29:29,Baccarat 7,niconico|dragon|B,0
2026-07-18 14:30:16,Baccarat 5,telecho|nikoichi|P,0
2026-07-18 14:36:38,Japanese Speed Baccarat 2,telecho|nikoichi|P,0
2026-07-18 14:40:02,Chinese Speed Baccarat 1,telecho|telecho|B,1
2026-07-18 15:01:17,Thai Speed Baccarat 1,niconico|nikoichi|B,0
2026-07-18 15:06:51,Korean Baccarat 2,telecho|telecho|B,1
2026-07-18 15:21:11,Speed Baccarat 6,telecho|nikoichi|P,0
2026-07-18 15:21:47,Japanese Speed Baccarat 3,niconico|dragon|B,0
2026-07-18 15:42:45,Chinese Speed Baccarat 1,telecho|nikoichi|P,1
2026-07-18 15:48:00,Korean Speed Baccarat 5,telecho|nikoichi|P,1
2026-07-18 15:54:15,Korean Speed Baccarat 3,telecho|telecho|B,1
2026-07-18 15:57:34,Fortune 6 Baccarat,telecho|telecho|B,1
2026-07-18 16:02:58,HI LO BACCARAT,telecho|telecho|B,1
2026-07-18 16:06:25,Korean Speed Baccarat 5,niconico|nikoichi|B,0
2026-07-18 16:11:34,Speed Baccarat 16,niconico|dragon|B,1
2026-07-18 16:18:20,Baccarat 2,niconico|nikoichi|P,1
2026-07-18 16:19:37,Korean Speed Baccarat 5,telecho|telecho|B,1
2026-07-18 16:25:22,Speed Baccarat 5,telecho|telecho|B,0
2026-07-18 16:37:17,Baccarat 9,niconico|nikoichi|B,1
2026-07-18 16:38:17,Chinese Speed Baccarat 3,telecho|telecho|B,0
2026-07-18 16:40:25,Baccarat 3,telecho|telecho|B,0
2026-07-18 16:51:22,Turbo Baccarat,telecho|nikoichi|P,1
2026-07-18 17:08:37,Korean Baccarat 2,telecho|nikoichi|P,0
2026-07-18 17:16:51,Korean Speed Baccarat 5,niconico|dragon|B,1
2026-07-18 17:19:21,Japanese Speed Baccarat 3,telecho|nikoichi|P,1
2026-07-18 17:26:12,Speed Baccarat 15,niconico|dragon|B,1
2026-07-18 17:32:47,Speed Baccarat 16,telecho|telecho|B,0
2026-07-18 17:38:46,Turbo Baccarat,telecho|nikoichi|P,0
2026-07-18 17:56:21,STAKE SPEED BACCARAT,niconico|nikoichi|P,1
2026-07-18 18:06:04,Chinese Speed Baccarat 1,telecho|telecho|B,0
2026-07-18 18:09:39,HI LO BACCARAT,niconico|dragon|B,0
2026-07-18 18:19:23,Korean Speed Baccarat 5,niconico|nikoichi|B,0
2026-07-18 18:30:40,Speed Baccarat 17,sansan|telecho|P,1
2026-07-18 18:34:16,Speed Baccarat 18,niconico|nikoichi|P,1
2026-07-18 18:51:32,Speed Baccarat 8,niconico|nikoichi|P,1
2026-07-18 18:52:35,Baccarat 9,telecho|nikoichi|P,0
2026-07-18 19:04:17,Speed Baccarat 16,telecho|nikoichi|P,0
2026-07-18 19:17:12,Korean Speed Baccarat 3,telecho|telecho|B,0
2026-07-18 19:21:25,Baccarat 3,niconico|dragon|B,0
2026-07-18 19:24:36,Korean Turbo Baccarat 1,telecho|nikoichi|P,1
2026-07-18 19:29:22,Baccarat 7,telecho|telecho|B,1
2026-07-18 19:30:23,Indonesian Speed Baccarat 1,telecho|nikoichi|P,0
2026-07-18 19:32:32,Korean Baccarat 1,telecho|telecho|B,1
2026-07-18 19:43:44,STAKE SPEED BACCARAT,telecho|nikoichi|P,0
2026-07-18 19:44:01,Speed Baccarat 12,telecho|telecho|B,1
2026-07-18 19:44:13,Speed Baccarat 13,telecho|nikoichi|P,0
2026-07-18 19:45:19,Speed Baccarat 16,niconico|nikoichi|B,0
2026-07-18 19:46:55,Indonesian Speed Baccarat 1,telecho|nikoichi|P,0
2026-07-18 19:50:03,Speed Baccarat 8,telecho|telecho|B,1
2026-07-18 20:10:53,Baccarat 7,niconico|nikoichi|B,1
2026-07-18 20:20:21,Korean Speed Baccarat 1,niconico|nikoichi|P,1
2026-07-18 20:34:51,Korean Speed Baccarat 1,niconico|nikoichi|B,0
2026-07-18 20:39:23,Korean Turbo Baccarat 1,niconico|nikoichi|B,1
2026-07-18 20:41:58,HI LO BACCARAT,telecho|telecho|B,1
2026-07-18 20:45:05,Baccarat 7,telecho|nikoichi|P,0
2026-07-18 21:10:41,Korean Speed Baccarat 2,telecho|telecho|B,0
2026-07-18 21:12:34,Korean Speed Baccarat 2,telecho|telecho|B,0
2026-07-18 21:14:54,Baccarat 3,niconico|dragon|B,1
2026-07-18 21:15:44,Speed Baccarat 1,telecho|telecho|B,0
2026-07-18 21:18:29,Korean Speed Baccarat 1,telecho|telecho|B,1
2026-07-18 21:37:51,Chinese Speed Baccarat 3,niconico|nikoichi|P,1
2026-07-18 21:39:08,Speed Baccarat 12,niconico|nikoichi|P,0
2026-07-18 22:02:45,Korean Baccarat 1,telecho|telecho|B,1
2026-07-18 22:03:25,Speed Baccarat 5,niconico|dragon|B,0
2026-07-18 22:14:50,Korean Speed Baccarat 5,telecho|telecho|B,0
2026-07-18 22:32:36,Korean Turbo Baccarat 1,telecho|telecho|B,0
2026-07-18 22:44:33,Speed Baccarat 3,niconico|dragon|B,1
2026-07-18 22:56:44,Indonesian Speed Baccarat 1,telecho|telecho|B,1
2026-07-18 22:58:18,Speed Baccarat 2,niconico|dragon|B,0
2026-07-18 23:01:38,Speed Baccarat 9,niconico|dragon|B,1
2026-07-18 23:22:43,Vietnamese Speed Baccarat 1,telecho|nikoichi|P,0
2026-07-18 23:30:16,Speed Baccarat 15,telecho|nikoichi|P,1
2026-07-18 23:39:23,Speed Baccarat 3,telecho|nikoichi|P,0
2026-07-18 23:46:51,Thai Speed Baccarat 2,telecho|telecho|B,0
2026-07-18 23:57:41,Speed Baccarat 13,telecho|telecho|B,0
2026-07-19 00:01:33,Japanese Speed Baccarat 1,niconico|dragon|B,1
2026-07-19 00:02:37,Korean Turbo Baccarat 1,telecho|telecho|B,1
2026-07-19 00:11:34,Speed Baccarat 1,telecho|nikoichi|P,0
2026-07-19 00:18:59,Speed Baccarat 11,telecho|nikoichi|P,0
2026-07-19 00:25:48,Speed Baccarat 2,telecho|nikoichi|P,0
2026-07-19 00:34:35,Indonesian Speed Baccarat 1,niconico|nikoichi|P,1
2026-07-19 00:52:01,Korean Turbo Baccarat 1,telecho|nikoichi|P,1
2026-07-19 01:02:13,Baccarat 5,telecho|nikoichi|P,0
2026-07-19 01:02:33,Speed Baccarat 5,telecho|nikoichi|P,1
2026-07-19 01:03:04,Chinese Speed Baccarat 2,telecho|telecho|B,1
2026-07-19 01:19:00,Japanese Speed Baccarat 3,telecho|nikoichi|P,0
2026-07-19 01:19:19,Turbo Baccarat,telecho|telecho|B,1
2026-07-19 01:41:25,Chinese Speed Baccarat 2,telecho|telecho|B,0
2026-07-19 01:44:48,Chinese Speed Baccarat 2,niconico|dragon|B,1
2026-07-19 01:46:58,HI LO BACCARAT,telecho|telecho|B,1
2026-07-19 01:49:17,Japanese Speed Baccarat 2,niconico|dragon|B,0
2026-07-19 02:05:45,Speed Baccarat 1,telecho|nikoichi|P,1
2026-07-19 02:36:48,Chinese Speed Baccarat 1,niconico|dragon|B,1
2026-07-19 02:54:10,Vietnamese Speed Baccarat 1,niconico|nikoichi|B,0
2026-07-19 02:57:21,Indonesian Speed Baccarat 1,telecho|telecho|B,0
2026-07-19 02:58:24,STAKE SPEED BACCARAT,telecho|telecho|B,0
2026-07-19 02:59:27,Indonesian Speed Baccarat 1,telecho|telecho|B,1
2026-07-19 02:59:36,Speed Baccarat 9,niconico|dragon|B,0
2026-07-19 03:00:10,Baccarat 6,telecho|nikoichi|P,0
2026-07-19 03:04:05,Indonesian Speed Baccarat 1,telecho|telecho|B,0
2026-07-19 03:05:38,Vietnamese Speed Baccarat 2,telecho|telecho|B,1
2026-07-19 03:07:54,Korean Baccarat 1,telecho|nikoichi|P,0
2026-07-19 03:08:11,Speed Baccarat 1,telecho|telecho|B,0
2026-07-19 03:08:56,Korean Baccarat 1,telecho|telecho|B,1
2026-07-19 03:18:02,Korean Baccarat 2,niconico|dragon|B,1
2026-07-19 03:18:42,Speed Baccarat 15,telecho|telecho|B,1
2026-07-19 03:22:42,Speed Baccarat 2,telecho|telecho|B,1
2026-07-19 03:23:14,Baccarat 1,niconico|dragon|B,0
2026-07-19 03:32:54,Speed Baccarat 2,telecho|telecho|B,0
2026-07-19 03:40:02,Japanese Speed Baccarat 3,telecho|telecho|B,1
2026-07-19 03:50:33,Korean Speed Baccarat 5,niconico|nikoichi|B,0
2026-07-19 03:53:01,Vietnamese Speed Baccarat 3,niconico|dragon|B,1
2026-07-19 04:04:34,Vietnamese Speed Baccarat 3,niconico|dragon|B,1
2026-07-19 04:18:05,Chinese Speed Baccarat 2,niconico|dragon|B,1
2026-07-19 04:32:12,Speed Baccarat 18,niconico|nikoichi|P,0
2026-07-19 04:37:08,Baccarat 5,niconico|dragon|B,1
2026-07-19 04:48:02,Korean Speed Baccarat 5,niconico|nikoichi|P,0
2026-07-19 04:50:56,Vietnamese Speed Baccarat 3,telecho|telecho|B,1
2026-07-19 04:53:44,Vietnamese Speed Baccarat 3,sansan|telecho|P,0
2026-07-19 04:56:08,Speed Baccarat 9,telecho|telecho|B,0
2026-07-19 05:01:11,Baccarat 2,telecho|telecho|B,1
2026-07-19 05:04:59,Speed Baccarat 1,niconico|nikoichi|P,1
2026-07-19 05:08:29,Speed Baccarat 11,telecho|telecho|B,1
2026-07-19 05:09:56,Korean Turbo Baccarat 1,telecho|nikoichi|P,1
2026-07-19 05:17:18,Speed Baccarat 15,telecho|telecho|B,0
2026-07-19 05:42:10,Fortune 6 Baccarat,niconico|nikoichi|P,1
2026-07-19 05:47:40,Speed Baccarat 15,niconico|dragon|B,1
2026-07-19 05:54:44,Speed Baccarat 2,niconico|nikoichi|B,1
2026-07-19 06:09:30,Turbo Baccarat,niconico|nikoichi|B,0
2026-07-19 06:13:57,Thai Baccarat 1,telecho|nikoichi|P,0
2026-07-19 06:14:11,Chinese Speed Baccarat 1,telecho|telecho|B,1
2026-07-19 06:20:47,Korean Speed Baccarat 5,niconico|nikoichi|B,0
2026-07-19 06:28:24,Speed Baccarat 9,telecho|telecho|B,0
2026-07-19 06:34:02,Turbo Baccarat,telecho|telecho|B,1
2026-07-19 06:39:23,Baccarat 6,telecho|nikoichi|P,1
2026-07-19 06:46:02,Speed Baccarat 13,niconico|dragon|B,1
2026-07-19 06:52:23,Indonesian Speed Baccarat 1,telecho|nikoichi|P,1
2026-07-19 06:53:38,Baccarat 2,telecho|telecho|B,1
2026-07-19 07:01:31,Speed Baccarat 1,telecho|telecho|B,0
2026-07-19 07:10:40,Speed Baccarat 13,telecho|telecho|B,0
2026-07-19 07:18:40,Chinese Speed Baccarat 2,telecho|telecho|B,1
2026-07-19 07:32:08,Speed Baccarat 1,telecho|nikoichi|P,0
2026-07-19 07:36:01,Chinese Speed Baccarat 1,telecho|nikoichi|P,1
2026-07-19 07:44:48,Speed Baccarat 15,telecho|nikoichi|P,1
2026-07-19 07:57:35,Japanese Speed Baccarat 1,telecho|telecho|B,1
2026-07-19 07:58:18,Speed Baccarat 5,niconico|dragon|B,1
2026-07-19 08:01:01,Turbo Baccarat,telecho|nikoichi|P,0
2026-07-19 08:22:03,Vietnamese Speed Baccarat 1,niconico|dragon|B,0
2026-07-19 08:35:29,Fortune 6 Baccarat,niconico|dragon|B,0
2026-07-19 08:52:59,Korean Speed Baccarat 2,telecho|telecho|B,0
2026-07-19 09:08:43,Thai Baccarat 1,telecho|nikoichi|P,1
2026-07-19 09:20:17,Indonesian Speed Baccarat 1,telecho|nikoichi|P,0
2026-07-19 09:23:22,Speed Baccarat 11,niconico|nikoichi|P,0
2026-07-19 09:23:29,Speed Baccarat 9,niconico|nikoichi|P,1
2026-07-19 09:32:01,Korean Speed Baccarat 1,telecho|telecho|B,1
2026-07-19 09:32:11,Korean Turbo Baccarat 1,telecho|telecho|B,1
2026-07-19 09:43:53,Korean Baccarat 2,niconico|nikoichi|B,1
2026-07-19 09:45:33,Speed Baccarat 11,telecho|nikoichi|P,1
2026-07-19 09:53:32,Vietnamese Speed Baccarat 1,niconico|dragon|B,0
2026-07-19 09:55:13,Korean Turbo Baccarat 1,niconico|dragon|B,1
2026-07-19 10:01:16,Fortune 6 Baccarat,niconico|dragon|B,0
2026-07-19 10:08:04,STAKE SPEED BACCARAT,telecho|telecho|B,1
2026-07-19 10:18:50,Korean Baccarat 1,telecho|nikoichi|P,0
2026-07-19 10:20:18,Chinese Speed Baccarat 2,telecho|telecho|B,0
2026-07-19 10:28:23,Baccarat 2,telecho|nikoichi|P,1
2026-07-19 10:51:09,Baccarat 1,telecho|telecho|B,1
2026-07-19 10:52:07,Baccarat 1,telecho|telecho|B,1
2026-07-19 10:56:55,Baccarat 6,telecho|telecho|B,0
2026-07-19 11:04:42,Baccarat 2,telecho|telecho|B,1
2026-07-19 11:05:49,STAKE SPEED BACCARAT,telecho|telecho|B,1
2026-07-19 11:12:59,Speed Baccarat 3,niconico|dragon|B,0
2026-07-19 11:26:41,Speed Baccarat 18,telecho|nikoichi|P,0
2026-07-19 11:28:10,Baccarat 5,telecho|nikoichi|P,0
2026-07-19 11:29:05,Speed Baccarat 2,telecho|telecho|B,0
2026-07-19 11:29:28,Turbo Baccarat,telecho|nikoichi|P,0
2026-07-19 11:31:42,Turbo Baccarat,telecho|nikoichi|P,1
2026-07-19 11:47:19,Japanese Speed Baccarat 3,niconico|nikoichi|B,0
2026-07-19 11:47:39,Indonesian Speed Baccarat 1,telecho|nikoichi|P,0
2026-07-19 11:50:50,Japanese Speed Baccarat 2,telecho|telecho|B,1
2026-07-19 12:04:01,Korean Speed Baccarat 1,niconico|nikoichi|B,1
2026-07-19 12:19:07,Korean Turbo Baccarat 1,telecho|nikoichi|P,0
2026-07-19 12:32:07,Speed Baccarat 1,telecho|telecho|B,0
2026-07-19 12:33:10,STAKE SPEED BACCARAT,telecho|telecho|B,1
2026-07-19 12:54:27,Korean Baccarat 1,telecho|nikoichi|P,0
2026-07-19 12:55:32,Speed Baccarat 2,niconico|dragon|B,0
2026-07-19 13:09:54,Speed Baccarat 8,telecho|nikoichi|P,0
2026-07-19 13:14:33,Speed Baccarat 3,niconico|nikoichi|P,0
2026-07-19 13:15:47,Speed Baccarat 9,telecho|telecho|B,0
2026-07-19 13:17:43,Baccarat 5,telecho|nikoichi|P,0
2026-07-19 13:20:43,Speed Baccarat 18,niconico|dragon|B,0
2026-07-19 13:27:08,Indonesian Speed Baccarat 2,telecho|telecho|B,1
2026-07-19 13:39:41,Japanese Speed Baccarat 1,niconico|nikoichi|B,0
2026-07-19 13:46:03,HI LO BACCARAT,telecho|nikoichi|P,0
2026-07-19 13:49:34,Chinese Speed Baccarat 3,niconico|dragon|B,1
2026-07-19 13:49:41,Speed Baccarat 5,telecho|nikoichi|P,1
2026-07-19 14:04:36,Korean Speed Baccarat 3,telecho|nikoichi|P,0
2026-07-19 14:04:49,Baccarat 5,niconico|nikoichi|B,0
2026-07-19 14:13:12,Japanese Speed Baccarat 1,telecho|telecho|B,1
2026-07-19 14:13:59,Japanese Speed Baccarat 1,telecho|telecho|B,1
2026-07-19 14:16:45,Korean Turbo Baccarat 1,telecho|nikoichi|P,0
2026-07-19 14:24:48,Fortune 6 Baccarat,telecho|telecho|B,0
2026-07-19 14:30:02,Indonesian Speed Baccarat 2,telecho|telecho|B,0
2026-07-19 14:32:32,Baccarat 3,niconico|dragon|B,0
2026-07-19 14:50:45,Japanese Speed Baccarat 2,niconico|nikoichi|P,0
2026-07-19 15:04:50,Speed Baccarat 16,telecho|nikoichi|P,0
2026-07-19 15:06:33,Baccarat 3,telecho|nikoichi|P,1
2026-07-19 15:16:45,Thai Speed Baccarat 2,telecho|nikoichi|P,1
2026-07-19 15:16:54,HI LO BACCARAT,niconico|dragon|B,1
2026-07-19 15:20:12,Speed Baccarat 13,niconico|dragon|B,1
2026-07-19 15:42:35,Turbo Baccarat,niconico|nikoichi|B,1
2026-07-19 15:43:11,Turbo Baccarat,niconico|nikoichi|P,1
2026-07-19 15:58:54,Thai Speed Baccarat 1,telecho|telecho|B,0
2026-07-19 16:00:13,Speed Baccarat 11,niconico|dragon|B,1
2026-07-19 16:02:58,Korean Speed Baccarat 1,niconico|nikoichi|P,1
2026-07-19 16:05:36,Baccarat 7,telecho|telecho|B,0
2026-07-19 16:12:17,Speed Baccarat 5,telecho|nikoichi|P,1
2026-07-19 16:21:37,Chinese Speed Baccarat 2,telecho|nikoichi|P,1
2026-07-19 16:21:52,Speed Baccarat 6,telecho|telecho|B,1
2026-07-19 16:35:43,Speed Baccarat 17,sansan|telecho|P,0
2026-07-19 16:36:13,Korean Speed Baccarat 3,telecho|nikoichi|P,1
2026-07-19 16:40:26,Vietnamese Speed Baccarat 2,niconico|dragon|B,1
2026-07-19 16:45:31,STAKE SPEED BACCARAT,telecho|nikoichi|P,0
2026-07-19 16:45:49,Speed Baccarat 1,telecho|nikoichi|P,0
2026-07-19 16:48:50,Baccarat 2,niconico|dragon|B,1
2026-07-19 16:49:17,Thai Speed Baccarat 1,telecho|telecho|B,1
2026-07-19 16:52:00,Speed Baccarat 5,telecho|nikoichi|P,0
2026-07-19 16:52:42,HI LO BACCARAT,telecho|telecho|B,0
2026-07-19 17:01:18,Vietnamese Speed Baccarat 1,telecho|nikoichi|P,0
2026-07-19 17:02:29,Thai Baccarat 1,niconico|dragon|B,0
2026-07-19 17:08:17,Vietnamese Speed Baccarat 2,niconico|dragon|B,1
2026-07-19 17:08:39,Vietnamese Speed Baccarat 2,niconico|dragon|B,1
2026-07-19 17:09:22,Korean Speed Baccarat 3,niconico|dragon|B,0
2026-07-19 17:20:17,Korean Speed Baccarat 5,niconico|nikoichi|B,0
2026-07-19 17:25:06,Speed Baccarat 16,telecho|telecho|B,0
2026-07-19 17:26:39,Speed Baccarat 16,telecho|nikoichi|P,0
2026-07-19 17:41:56,Speed Baccarat 8,telecho|telecho|B,0
2026-07-19 17:48:20,Chinese Speed Baccarat 1,telecho|telecho|B,1
2026-07-19 17:48:46,Speed Baccarat 15,telecho|telecho|B,1
2026-07-19 17:52:38,Chinese Speed Baccarat 2,telecho|telecho|B,1
2026-07-19 17:56:28,Speed Baccarat 17,telecho|telecho|B,1
2026-07-19 18:14:37,Japanese Speed Baccarat 2,telecho|nikoichi|P,0
2026-07-19 18:16:54,Speed Baccarat 6,telecho|nikoichi|P,1
2026-07-19 18:20:54,Fortune 6 Baccarat,telecho|telecho|B,1
2026-07-19 18:22:31,Japanese Speed Baccarat 3,niconico|dragon|B,1
2026-07-19 18:27:18,Japanese Speed Baccarat 3,niconico|nikoichi|P,1
2026-07-19 18:45:15,Speed Baccarat 3,niconico|nikoichi|P,1
2026-07-19 18:50:12,Vietnamese Speed Baccarat 3,telecho|telecho|B,1
2026-07-19 18:50:30,Baccarat 5,niconico|nikoichi|B,1
2026-07-19 18:51:22,Baccarat 5,niconico|nikoichi|P,0
2026-07-19 19:02:37,STAKE SPEED BACCARAT,niconico|dragon|B,1
2026-07-19 19:07:43,Korean Speed Baccarat 3,telecho|telecho|B,0
2026-07-19 19:09:59,Vietnamese Speed Baccarat 2,niconico|dragon|B,0
2026-07-19 19:12:47,Turbo Baccarat,telecho|telecho|B,1
2026-07-19 19:14:58,Speed Baccarat 8,telecho|nikoichi|P,1
2026-07-19 19:38:11,Korean Baccarat 2,telecho|telecho|B,1
2026-07-19 19:40:44,Korean Speed Baccarat 2,telecho|telecho|B,1
2026-07-19 19:41:30,Korean Speed Baccarat 2,telecho|telecho|B,1
2026-07-19 19:49:03,Korean Turbo Baccarat 1,niconico|nikoichi|P,1
2026-07-19 20:20:59,Japanese Speed Baccarat 3,telecho|telecho|B,1
2026-07-19 20:38:33,Thai Baccarat 1,telecho|telecho|B,1
2026-07-19 20:38:52,Korean Speed Baccarat 1,telecho|telecho|B,0
2026-07-19 20:42:13,Speed Baccarat 5,telecho|nikoichi|P,0
2026-07-19 20:42:53,Baccarat 9,niconico|nikoichi|P,0
2026-07-19 20:48:05,Turbo Baccarat,niconico|dragon|B,1
2026-07-19 20:56:05,Baccarat 7,telecho|telecho|B,0
2026-07-19 20:59:59,Speed Baccarat 18,telecho|nikoichi|P,1
2026-07-19 21:07:02,Thai Baccarat 1,telecho|telecho|B,1
2026-07-19 21:22:33,Japanese Speed Baccarat 2,niconico|nikoichi|B,0
2026-07-19 22:02:29,Speed Baccarat 9,telecho|telecho|B,0
2026-07-19 22:10:04,Vietnamese Speed Baccarat 1,telecho|nikoichi|P,1
2026-07-19 22:10:32,Chinese Speed Baccarat 3,telecho|nikoichi|P,1
2026-07-19 22:11:01,Vietnamese Speed Baccarat 1,niconico|nikoichi|B,1
2026-07-19 22:11:34,Vietnamese Speed Baccarat 1,telecho|nikoichi|P,0
2026-07-19 22:11:46,Chinese Speed Baccarat 3,niconico|nikoichi|P,1
2026-07-19 22:14:25,Speed Baccarat 5,telecho|telecho|B,0
2026-07-19 22:20:42,Chinese Speed Baccarat 2,telecho|telecho|B,0
2026-07-19 22:23:38,Speed Baccarat 11,telecho|nikoichi|P,0
2026-07-19 22:23:51,Baccarat 9,niconico|nikoichi|B,0
2026-07-19 22:31:21,Korean Baccarat 1,niconico|dragon|B,1
2026-07-19 22:35:18,HI LO BACCARAT,telecho|telecho|B,1
2026-07-19 22:50:57,Thai Speed Baccarat 1,telecho|telecho|B,0
2026-07-19 23:09:10,Speed Baccarat 2,telecho|nikoichi|P,0
2026-07-19 23:29:44,Vietnamese Speed Baccarat 1,telecho|telecho|B,0
2026-07-19 23:35:12,Indonesian Speed Baccarat 1,telecho|telecho|B,1
2026-07-19 23:38:39,Thai Baccarat 1,niconico|nikoichi|B,1
2026-07-19 23:41:02,Speed Baccarat 15,telecho|telecho|B,0
2026-07-19 23:41:27,Speed Baccarat 8,telecho|telecho|B,0
2026-07-19 23:50:43,Speed Baccarat 11,telecho|telecho|B,0
2026-07-19 23:52:12,Turbo Baccarat,niconico|nikoichi|P,1
2026-07-19 23:53:16,Chinese Speed Baccarat 1,niconico|dragon|B,0
2026-07-19 23:56:37,Vietnamese Speed Baccarat 3,niconico|nikoichi|P,0
2026-07-20 00:06:21,Speed Baccarat 3,telecho|telecho|B,1
2026-07-20 00:09:37,Speed Baccarat 9,telecho|nikoichi|P,0
2026-07-20 00:14:29,Korean Speed Baccarat 2,niconico|nikoichi|B,1
2026-07-20 00:21:22,Speed Baccarat 18,telecho|nikoichi|P,1
2026-07-20 00:29:34,Super 8 Baccarat,niconico|dragon|B,1
2026-07-20 00:38:28,Thai Speed Baccarat 1,telecho|telecho|B,1
2026-07-20 00:56:35,Speed Baccarat 12,telecho|telecho|B,0
2026-07-20 00:57:36,Vietnamese Speed Baccarat 3,telecho|telecho|B,0
2026-07-20 01:04:36,Speed Baccarat 3,telecho|telecho|B,1
2026-07-20 01:18:29,Speed Baccarat 1,niconico|dragon|B,1
2026-07-20 01:19:39,Chinese Speed Baccarat 1,telecho|telecho|B,0
2026-07-20 01:20:41,Korean Speed Baccarat 5,telecho|telecho|B,1
2026-07-20 01:27:18,Super 8 Baccarat,niconico|dragon|B,1
2026-07-20 01:28:44,Fortune 6 Baccarat,telecho|telecho|B,0
2026-07-20 01:30:33,Vietnamese Speed Baccarat 3,niconico|dragon|B,1
2026-07-20 01:38:18,Thai Speed Baccarat 2,telecho|telecho|B,0
2026-07-20 01:41:20,Speed Baccarat 8,telecho|nikoichi|P,1
2026-07-20 01:53:14,Baccarat 3,telecho|telecho|B,1
2026-07-20 01:56:22,Indonesian Speed Baccarat 1,niconico|nikoichi|B,1
2026-07-20 02:05:05,Speed Baccarat 13,niconico|dragon|B,1
2026-07-20 02:19:46,Korean Baccarat 1,niconico|nikoichi|B,0
2026-07-20 02:23:48,Thai Baccarat 1,niconico|dragon|B,0
2026-07-20 02:27:20,Speed Baccarat 18,niconico|dragon|B,1
2026-07-20 02:33:01,Speed Baccarat 3,niconico|dragon|B,0
2026-07-20 02:41:33,Speed Baccarat 11,niconico|nikoichi|P,0
2026-07-20 02:41:49,Thai Speed Baccarat 2,telecho|telecho|B,0
2026-07-20 02:43:59,Speed Baccarat 1,telecho|telecho|B,0
2026-07-20 02:49:25,HI LO BACCARAT,telecho|telecho|B,1
2026-07-20 02:52:25,Vietnamese Speed Baccarat 3,telecho|telecho|B,0
2026-07-20 02:52:40,Thai Baccarat 1,telecho|nikoichi|P,0
2026-07-20 02:54:25,Korean Speed Baccarat 5,telecho|telecho|B,0
2026-07-20 02:56:36,Thai Speed Baccarat 1,telecho|nikoichi|P,1
2026-07-20 02:59:07,Speed Baccarat 16,telecho|nikoichi|P,0
2026-07-20 03:25:03,Fortune 6 Baccarat,niconico|dragon|B,1
2026-07-20 03:26:06,Speed Baccarat 8,niconico|dragon|B,1
2026-07-20 03:26:25,Speed Baccarat 11,telecho|telecho|B,1
2026-07-20 03:28:37,Super 8 Baccarat,telecho|nikoichi|P,1
2026-07-20 03:55:32,Speed Baccarat 6,niconico|dragon|B,1
2026-07-20 04:11:52,Korean Speed Baccarat 2,telecho|nikoichi|P,0
2026-07-20 04:13:05,Korean Speed Baccarat 2,telecho|telecho|B,0
2026-07-20 04:19:28,Vietnamese Speed Baccarat 3,telecho|telecho|B,1
2026-07-20 04:21:31,Fortune 6 Baccarat,telecho|telecho|B,1
2026-07-20 04:29:58,Speed Baccarat 13,telecho|telecho|B,1
2026-07-20 04:51:48,Speed Baccarat 5,niconico|nikoichi|P,1
2026-07-20 04:55:14,Korean Speed Baccarat 3,telecho|nikoichi|P,0
2026-07-20 04:59:33,Speed Baccarat 15,telecho|telecho|B,0
2026-07-20 05:22:37,Korean Speed Baccarat 3,niconico|nikoichi|P,0
2026-07-20 05:28:25,Speed Baccarat 15,telecho|nikoichi|P,0
2026-07-20 05:33:43,Speed Baccarat 15,telecho|telecho|B,1
2026-07-20 05:35:27,Turbo Baccarat,niconico|nikoichi|P,1
2026-07-20 05:40:12,Chinese Speed Baccarat 3,niconico|nikoichi|B,1
2026-07-20 05:47:18,Speed Baccarat 18,telecho|telecho|B,0
2026-07-20 05:49:26,Korean Turbo Baccarat 1,telecho|telecho|B,0
2026-07-20 05:57:49,HI LO BACCARAT,telecho|nikoichi|P,1
2026-07-20 06:14:02,Korean Speed Baccarat 2,niconico|dragon|B,0
2026-07-20 06:28:20,Thai Baccarat 1,telecho|telecho|B,0
2026-07-20 06:31:26,Indonesian Speed Baccarat 1,telecho|telecho|B,0
2026-07-20 06:38:48,Japanese Speed Baccarat 2,niconico|dragon|B,1
2026-07-20 06:53:41,Vietnamese Speed Baccarat 1,sansan|telecho|P,1
2026-07-20 06:56:42,Korean Speed Baccarat 1,telecho|nikoichi|P,1
2026-07-20 07:01:43,Speed Baccarat 9,telecho|telecho|B,1
2026-07-20 07:03:05,Speed Baccarat 3,niconico|nikoichi|B,1
2026-07-20 07:06:04,Thai Baccarat 1,telecho|nikoichi|P,0
2026-07-20 07:08:27,Chinese Speed Baccarat 3,telecho|telecho|B,0
2026-07-20 07:14:34,STAKE SPEED BACCARAT,telecho|nikoichi|P,0
2026-07-20 07:18:11,Indonesian Speed Baccarat 2,telecho|telecho|B,1
2026-07-20 07:25:21,Indonesian Speed Baccarat 2,telecho|nikoichi|P,1
2026-07-20 07:33:36,Speed Baccarat 3,telecho|nikoichi|P,1
2026-07-20 07:52:17,Korean Baccarat 2,telecho|telecho|B,0
2026-07-20 07:57:31,Turbo Baccarat,niconico|dragon|B,0
2026-07-20 07:58:17,Speed Baccarat 9,telecho|telecho|B,1
2026-07-20 08:16:38,Speed Baccarat 8,telecho|nikoichi|P,0
2026-07-20 08:38:30,Vietnamese Speed Baccarat 2,niconico|nikoichi|B,1
2026-07-20 08:38:51,Vietnamese Speed Baccarat 2,niconico|nikoichi|P,0
2026-07-20 08:46:56,Chinese Speed Baccarat 2,telecho|nikoichi|P,1
2026-07-20 08:49:14,Japanese Speed Baccarat 2,niconico|dragon|B,1
2026-07-20 09:02:03,Super 8 Baccarat,telecho|nikoichi|P,0
2026-07-20 09:02:10,Chinese Speed Baccarat 2,telecho|nikoichi|P,0
2026-07-20 09:02:21,Korean Turbo Baccarat 1,telecho|nikoichi|P,1
2026-07-20 09:04:34,Thai Speed Baccarat 1,niconico|nikoichi|B,1
2026-07-20 09:05:07,Speed Baccarat 6,telecho|telecho|B,1
2026-07-20 09:06:19,Japanese Speed Baccarat 1,sansan|telecho|P,0
2026-07-20 09:06:38,Chinese Speed Baccarat 1,telecho|telecho|B,1
2026-07-20 09:20:14,STAKE SPEED BACCARAT,sansan|telecho|P,0
2026-07-20 09:33:06,Korean Speed Baccarat 5,niconico|dragon|B,0
2026-07-20 09:37:25,Korean Turbo Baccarat 1,telecho|nikoichi|P,0
2026-07-20 09:45:41,Speed Baccarat 8,niconico|dragon|B,0
2026-07-20 09:59:02,Thai Speed Baccarat 2,telecho|nikoichi|P,0
2026-07-20 10:04:03,Baccarat 3,niconico|dragon|B,0
2026-07-20 10:04:51,Korean Baccarat 1,niconico|nikoichi|P,1
2026-07-20 10:07:02,Vietnamese Speed Baccarat 3,telecho|telecho|B,1
2026-07-20 10:14:48,HI LO BACCARAT,telecho|nikoichi|P,1
2026-07-20 10:15:26,Fortune 6 Baccarat,niconico|nikoichi|B,0
2026-07-20 10:19:34,Thai Speed Baccarat 1,telecho|telecho|B,1
2026-07-20 10:20:36,Super 8 Baccarat,telecho|nikoichi|P,1
2026-07-20 10:21:01,Speed Baccarat 8,telecho|nikoichi|P,1
2026-07-20 10:24:26,Speed Baccarat 6,niconico|dragon|B,1
2026-07-20 10:29:55,Korean Speed Baccarat 1,telecho|nikoichi|P,0
2026-07-20 10:56:05,Speed Baccarat 15,sansan|telecho|P,1
2026-07-20 11:04:25,Japanese Speed Baccarat 3,niconico|nikoichi|P,1
2026-07-20 11:08:36,Vietnamese Speed Baccarat 2,telecho|nikoichi|P,0
2026-07-20 11:12:20,Korean Turbo Baccarat 1,niconico|nikoichi|P,0
2026-07-20 11:19:29,Chinese Speed Baccarat 2,telecho|telecho|B,0
2026-07-20 11:58:31,Chinese Speed Baccarat 1,telecho|telecho|B,0
2026-07-20 11:58:55,Speed Baccarat 9,telecho|nikoichi|P,0
2026-07-20 12:05:03,Japanese Speed Baccarat 3,telecho|telecho|B,1
2026-07-20 12:14:29,Thai Speed Baccarat 1,telecho|nikoichi|P,0
2026-07-20 12:31:17,Speed Baccarat 11,telecho|telecho|B,1
2026-07-20 12:34:04,Speed Baccarat 11,niconico|dragon|B,1
2026-07-20 12:48:32,Speed Baccarat 12,niconico|nikoichi|B,1
2026-07-20 12:49:58,Baccarat 5,niconico|nikoichi|B,0
2026-07-20 12:55:40,Chinese Speed Baccarat 1,telecho|nikoichi|P,0
2026-07-20 13:09:36,Fortune 6 Baccarat,niconico|dragon|B,0
2026-07-20 13:17:38,Korean Speed Baccarat 2,niconico|dragon|B,0
2026-07-20 13:22:45,HI LO BACCARAT,niconico|nikoichi|B,0
2026-07-20 13:49:52,STAKE SPEED BACCARAT,telecho|nikoichi|P,1
2026-07-20 13:50:38,STAKE SPEED BACCARAT,niconico|nikoichi|B,0
2026-07-20 13:52:04,Speed Baccarat 2,telecho|nikoichi|P,1
2026-07-20 14:03:59,Speed Baccarat 8,telecho|nikoichi|P,0
2026-07-20 14:04:19,Korean Speed Baccarat 5,telecho|nikoichi|P,1
2026-07-20 14:17:47,Baccarat 9,telecho|nikoichi|P,1
2026-07-20 14:29:07,Baccarat 2,telecho|telecho|B,1
2026-07-20 14:29:22,Japanese Speed Baccarat 1,telecho|telecho|B,0
2026-07-20 14:41:26,Vietnamese Speed Baccarat 3,telecho|telecho|B,1
2026-07-20 14:46:59,Indonesian Speed Baccarat 2,telecho|telecho|B,1
2026-07-20 14:49:50,Turbo Baccarat,telecho|nikoichi|P,1
2026-07-20 14:53:17,Vietnamese Speed Baccarat 1,niconico|dragon|B,0
2026-07-20 14:55:09,Japanese Speed Baccarat 1,telecho|telecho|B,0
2026-07-20 14:59:39,Speed Baccarat 9,niconico|dragon|B,1
2026-07-20 15:13:10,Speed Baccarat 17,niconico|dragon|B,0
2026-07-20 15:17:36,Japanese Speed Baccarat 2,telecho|nikoichi|P,1
2026-07-20 15:19:25,Korean Speed Baccarat 2,telecho|telecho|B,0
2026-07-20 15:19:45,Speed Baccarat 8,niconico|nikoichi|B,0
2026-07-20 15:51:24,Speed Baccarat 18,niconico|dragon|B,0
2026-07-20 15:59:07,Baccarat 5,niconico|dragon|B,0
2026-07-20 16:00:49,Indonesian Speed Baccarat 1,telecho|telecho|B,1
2026-07-20 16:11:52,Chinese Speed Baccarat 3,telecho|telecho|B,0
2026-07-20 16:15:14,Indonesian Speed Baccarat 2,telecho|telecho|B,1
2026-07-20 16:16:59,Speed Baccarat 15,telecho|telecho|B,1
2026-07-20 16:32:36,Thai Speed Baccarat 1,niconico|dragon|B,0
2026-07-20 16:42:41,Speed Baccarat 17,niconico|dragon|B,1
2026-07-20 16:42:57,Fortune 6 Baccarat,telecho|nikoichi|P,1
2026-07-20 17:01:26,Baccarat 1,niconico|dragon|B,1
2026-07-20 17:01:57,Baccarat 1,niconico|dragon|B,1
2026-07-20 17:02:09,Indonesian Speed Baccarat 1,telecho|nikoichi|P,1
2026-07-20 17:09:41,Super 8 Baccarat,niconico|nikoichi|B,1
2026-07-20 17:12:50,Korean Speed Baccarat 5,telecho|telecho|B,1
2026-07-20 17:20:47,Baccarat 6,telecho|telecho|B,0
2026-07-20 17:31:30,Korean Speed Baccarat 1,niconico|nikoichi|B,0
2026-07-20 17:37:07,Fortune 6 Baccarat,telecho|nikoichi|P,0
2026-07-20 17:51:04,Speed Baccarat 16,niconico|nikoichi|B,1
2026-07-20 17:51:24,Speed Baccarat 16,telecho|nikoichi|P,1
2026-07-20 17:53:58,Speed Baccarat 15,niconico|nikoichi|P,0
2026-07-20 18:02:10,Japanese Speed Baccarat 1,niconico|nikoichi|P,1
2026-07-20 18:11:03,Vietnamese Speed Baccarat 3,niconico|dragon|B,0
2026-07-20 18:17:28,Speed Baccarat 8,telecho|nikoichi|P,1
2026-07-20 18:34:37,Baccarat 6,niconico|dragon|B,1
2026-07-20 18:35:24,Fortune 6 Baccarat,niconico|dragon|B,0
2026-07-20 18:36:34,Vietnamese Speed Baccarat 3,telecho|nikoichi|P,0
2026-07-20 18:47:16,Speed Baccarat 12,telecho|telecho|B,1
2026-07-20 18:48:16,Baccarat 5,telecho|nikoichi|P,0
2026-07-20 18:49:07,Speed Baccarat 12,niconico|nikoichi|B,1
2026-07-20 18:51:45,Chinese Speed Baccarat 2,telecho|telecho|B,0
2026-07-20 18:55:47,Chinese Speed Baccarat 2,telecho|telecho|B,1
2026-07-20 19:03:25,Fortune 6 Baccarat,niconico|nikoichi|P,0
2026-07-20 19:04:46,Korean Turbo Baccarat 1,niconico|dragon|B,1
2026-07-20 19:14:08,Baccarat 7,telecho|nikoichi|P,0
2026-07-20 19:16:40,Speed Baccarat 15,telecho|telecho|B,1
2026-07-20 19:17:31,Speed Baccarat 18,telecho|telecho|B,1
2026-07-20 19:18:15,Speed Baccarat 18,telecho|telecho|B,1
2026-07-20 19:28:30,Baccarat 6,niconico|nikoichi|B,0
2026-07-20 19:36:40,Vietnamese Speed Baccarat 1,niconico|nikoichi|P,0
2026-07-20 19:37:50,Vietnamese Speed Baccarat 3,telecho|telecho|B,0
2026-07-20 19:40:40,Thai Baccarat 1,telecho|nikoichi|P,1
2026-07-20 19:43:35,Thai Baccarat 1,telecho|telecho|B,0
2026-07-20 19:48:44,Japanese Speed Baccarat 2,niconico|nikoichi|B,1
2026-07-20 19:54:06,Baccarat 7,niconico|nikoichi|B,1
2026-07-20 19:58:51,Baccarat 3,telecho|telecho|B,1
2026-07-20 20:02:18,Thai Speed Baccarat 2,niconico|nikoichi|B,0
2026-07-20 20:03:19,Speed Baccarat 3,niconico|dragon|B,0
2026-07-20 20:23:21,Baccarat 6,niconico|nikoichi|P,0
2026-07-20 20:27:06,Baccarat 6,sansan|telecho|P,1
2026-07-20 20:38:27,Super 8 Baccarat,niconico|dragon|B,1
2026-07-20 20:40:16,Baccarat 2,telecho|telecho|B,1
2026-07-20 20:43:14,Speed Baccarat 18,telecho|telecho|B,1
2026-07-20 20:45:29,Speed Baccarat 18,telecho|nikoichi|P,0
2026-07-20 20:48:06,Korean Speed Baccarat 2,telecho|nikoichi|P,0
2026-07-20 21:12:56,Speed Baccarat 17,niconico|dragon|B,0
2026-07-20 21:14:37,Baccarat 9,niconico|dragon|B,0
2026-07-20 21:27:42,Indonesian Speed Baccarat 1,telecho|telecho|B,0
2026-07-20 21:34:33,Baccarat 5,telecho|nikoichi|P,0
2026-07-20 21:35:27,Indonesian Speed Baccarat 1,niconico|dragon|B,0
2026-07-20 21:50:04,Turbo Baccarat,niconico|nikoichi|P,0
2026-07-20 21:55:04,Korean Turbo Baccarat 1,niconico|dragon|B,0
2026-07-20 22:03:21,Baccarat 1,niconico|nikoichi|P,1
2026-07-20 22:19:11,Japanese Speed Baccarat 3,telecho|telecho|B,1
2026-07-20 22:25:35,Indonesian Speed Baccarat 1,niconico|nikoichi|P,1
2026-07-20 22:30:07,Indonesian Speed Baccarat 1,niconico|nikoichi|B,1
2026-07-20 22:43:45,Speed Baccarat 8,telecho|telecho|B,1
2026-07-20 22:46:23,Baccarat 6,telecho|nikoichi|P,1
2026-07-20 22:52:07,Vietnamese Speed Baccarat 1,telecho|nikoichi|P,0
2026-07-20 23:18:38,Japanese Speed Baccarat 3,niconico|dragon|B,0
2026-07-20 23:28:03,Speed Baccarat 6,telecho|telecho|B,0
2026-07-20 23:46:31,Speed Baccarat 8,telecho|telecho|B,1
2026-07-20 23:59:56,Fortune 6 Baccarat,telecho|nikoichi|P,0
2026-07-21 00:07:39,Japanese Speed Baccarat 3,telecho|telecho|B,1
2026-07-21 00:14:17,Speed Baccarat 11,niconico|nikoichi|P,1
2026-07-21 00:19:48,Thai Speed Baccarat 2,telecho|telecho|B,0
2026-07-21 00:31:52,Speed Baccarat 2,telecho|telecho|B,1
2026-07-21 00:41:03,Speed Baccarat 2,telecho|telecho|B,1
2026-07-21 00:42:36,Chinese Speed Baccarat 2,telecho|telecho|B,0
2026-07-21 00:53:55,Speed Baccarat 3,telecho|nikoichi|P,0
2026-07-21 01:05:42,Chinese Speed Baccarat 2,niconico|dragon|B,0
2026-07-21 01:22:58,Fortune 6 Baccarat,telecho|telecho|B,1
2026-07-21 01:23:41,Thai Baccarat 1,telecho|telecho|B,1
2026-07-21 01:24:24,Speed Baccarat 13,niconico|dragon|B,1
2026-07-21 01:26:13,Chinese Speed Baccarat 3,telecho|nikoichi|P,1
2026-07-21 01:43:44,Speed Baccarat 1,niconico|dragon|B,0
2026-07-21 01:59:14,Speed Baccarat 12,niconico|dragon|B,0
2026-07-21 02:06:47,Speed Baccarat 2,telecho|telecho|B,0
2026-07-21 02:16:47,Chinese Speed Baccarat 1,niconico|dragon|B,1
2026-07-21 02:20:24,Korean Speed Baccarat 5,telecho|telecho|B,0
2026-07-21 02:24:33,Chinese Speed Baccarat 3,telecho|telecho|B,1
2026-07-21 02:33:15,Turbo Baccarat,telecho|telecho|B,1
2026-07-21 02:34:00,Japanese Speed Baccarat 3,niconico|nikoichi|B,1
2026-07-21 02:35:06,Speed Baccarat 5,niconico|dragon|B,0
2026-07-21 02:50:06,Vietnamese Speed Baccarat 1,telecho|telecho|B,1
2026-07-21 02:54:29,Korean Speed Baccarat 2,telecho|nikoichi|P,0
2026-07-21 03:05:17,Speed Baccarat 9,telecho|telecho|B,1
2026-07-21 03:15:23,Speed Baccarat 18,telecho|telecho|B,1
2026-07-21 03:42:05,Japanese Speed Baccarat 1,telecho|telecho|B,1
2026-07-21 03:44:39,Japanese Speed Baccarat 1,telecho|nikoichi|P,1
2026-07-21 03:56:19,Chinese Speed Baccarat 3,telecho|nikoichi|P,1
2026-07-21 03:57:43,STAKE SPEED BACCARAT,niconico|nikoichi|B,0
2026-07-21 04:08:30,Speed Baccarat 16,telecho|nikoichi|P,1
2026-07-21 04:12:53,Korean Speed Baccarat 1,telecho|nikoichi|P,0
2026-07-21 04:15:05,Speed Baccarat 16,telecho|telecho|B,1
2026-07-21 04:34:16,Speed Baccarat 2,niconico|dragon|B,0
2026-07-21 05:06:09,Korean Turbo Baccarat 1,niconico|nikoichi|P,0
2026-07-21 05:10:18,Speed Baccarat 15,telecho|telecho|B,0
2026-07-21 05:11:54,Korean Speed Baccarat 2,niconico|nikoichi|B,0
2026-07-21 05:16:39,Speed Baccarat 8,telecho|telecho|B,0
2026-07-21 05:16:53,Fortune 6 Baccarat,telecho|telecho|B,1
2026-07-21 05:19:41,STAKE SPEED BACCARAT,telecho|nikoichi|P,1
2026-07-21 05:20:48,Baccarat 9,niconico|nikoichi|B,1
2026-07-21 05:43:51,Speed Baccarat 18,niconico|dragon|B,1
2026-07-21 05:52:45,Thai Baccarat 1,niconico|dragon|B,1
2026-07-21 06:11:31,Baccarat 1,telecho|telecho|B,0
2026-07-21 06:13:20,Baccarat 1,telecho|nikoichi|P,0
2026-07-21 06:16:31,Baccarat 5,niconico|nikoichi|B,1
2026-07-21 06:50:44,Speed Baccarat 15,niconico|nikoichi|B,1
2026-07-21 07:10:36,Baccarat 3,telecho|telecho|B,0
2026-07-21 07:11:12,HI LO BACCARAT,telecho|telecho|B,0
2026-07-21 07:20:16,Korean Speed Baccarat 5,telecho|telecho|B,1
2026-07-21 07:22:49,Speed Baccarat 9,telecho|telecho|B,1
2026-07-21 07:23:34,Speed Baccarat 9,telecho|telecho|B,1
2026-07-21 07:40:58,Speed Baccarat 6,niconico|dragon|B,1
2026-07-21 07:44:46,Speed Baccarat 8,niconico|dragon|B,1
2026-07-21 07:51:59,Japanese Speed Baccarat 3,telecho|nikoichi|P,1
2026-07-21 07:52:32,Speed Baccarat 9,telecho|nikoichi|P,1
2026-07-21 08:03:20,Speed Baccarat 2,telecho|nikoichi|P,1
2026-07-21 08:08:01,Super 8 Baccarat,telecho|telecho|B,1
2026-07-21 08:09:47,Thai Speed Baccarat 2,niconico|dragon|B,1
2026-07-21 08:15:11,Korean Speed Baccarat 1,telecho|telecho|B,0
2026-07-21 08:45:02,Thai Speed Baccarat 1,telecho|telecho|B,1
2026-07-21 08:52:07,Speed Baccarat 9,telecho|nikoichi|P,0
2026-07-21 08:54:04,Japanese Speed Baccarat 2,telecho|nikoichi|P,0
2026-07-21 08:59:47,Thai Speed Baccarat 2,telecho|telecho|B,1
2026-07-21 09:02:46,Speed Baccarat 13,telecho|telecho|B,1
2026-07-21 09:04:08,Chinese Speed Baccarat 2,telecho|telecho|B,0
2026-07-21 09:09:01,Turbo Baccarat,niconico|nikoichi|P,1
2026-07-21 09:19:30,Vietnamese Speed Baccarat 2,telecho|telecho|B,1
2026-07-21 09:19:45,Fortune 6 Baccarat,telecho|nikoichi|P,1
2026-07-21 09:27:08,Japanese Speed Baccarat 2,niconico|dragon|B,0
2026-07-21 09:28:15,Japanese Speed Baccarat 3,niconico|dragon|B,1
2026-07-21 09:28:25,Thai Speed Baccarat 2,telecho|telecho|B,0
2026-07-21 09:39:49,Thai Baccarat 1,telecho|nikoichi|P,0
2026-07-21 09:40:02,Baccarat 5,niconico|dragon|B,1
2026-07-21 09:48:35,Turbo Baccarat,telecho|telecho|B,0
2026-07-21 10:01:14,Baccarat 1,telecho|telecho|B,0
2026-07-21 10:10:59,Speed Baccarat 8,telecho|nikoichi|P,1
2026-07-21 10:15:24,Chinese Speed Baccarat 1,telecho|nikoichi|P,0
2026-07-21 10:22:13,Korean Baccarat 2,telecho|nikoichi|P,0
2026-07-21 10:32:42,Korean Baccarat 1,telecho|nikoichi|P,0
2026-07-21 10:44:08,Baccarat 1,niconico|nikoichi|B,1
2026-07-21 10:45:33,Chinese Speed Baccarat 1,telecho|telecho|B,1
2026-07-21 10:46:02,Speed Baccarat 11,niconico|dragon|B,0
2026-07-21 10:52:14,HI LO BACCARAT,niconico|dragon|B,1
2026-07-21 10:56:20,Indonesian Speed Baccarat 1,telecho|nikoichi|P,0
2026-07-21 10:59:08,Korean Speed Baccarat 2,niconico|nikoichi|P,1
2026-07-21 11:09:08,Chinese Speed Baccarat 2,telecho|nikoichi|P,0
2026-07-21 11:27:42,Speed Baccarat 1,telecho|nikoichi|P,0
2026-07-21 11:28:39,Super 8 Baccarat,niconico|nikoichi|P,1
2026-07-21 11:44:54,Turbo Baccarat,niconico|dragon|B,0
2026-07-21 11:53:57,Korean Turbo Baccarat 1,niconico|nikoichi|P,1
2026-07-21 11:57:16,Japanese Speed Baccarat 2,telecho|telecho|B,0
2026-07-21 12:12:32,Chinese Speed Baccarat 1,telecho|telecho|B,0
2026-07-21 12:21:31,Japanese Speed Baccarat 1,telecho|nikoichi|P,1
2026-07-21 12:30:12,Speed Baccarat 2,niconico|nikoichi|P,0
2026-07-21 12:44:52,Korean Speed Baccarat 1,telecho|nikoichi|P,1
2026-07-21 12:52:27,Chinese Speed Baccarat 3,niconico|dragon|B,1
2026-07-21 13:05:44,Chinese Speed Baccarat 2,niconico|dragon|B,1
2026-07-21 13:15:01,Korean Speed Baccarat 1,telecho|nikoichi|P,1
2026-07-21 13:15:58,Indonesian Speed Baccarat 2,niconico|nikoichi|B,1
2026-07-21 13:53:03,Baccarat 1,niconico|dragon|B,0
2026-07-21 13:59:49,STAKE SPEED BACCARAT,telecho|telecho|B,1
2026-07-21 14:04:06,Speed Baccarat 3,telecho|telecho|B,1
2026-07-21 14:08:35,Speed Baccarat 16,telecho|telecho|B,1
2026-07-21 14:08:46,Thai Speed Baccarat 2,telecho|telecho|B,1
2026-07-21 14:10:15,Speed Baccarat 17,telecho|telecho|B,1
2026-07-21 14:23:18,Korean Baccarat 2,niconico|dragon|B,1
2026-07-21 14:30:49,Turbo Baccarat,niconico|dragon|B,1
2026-07-21 14:33:12,Baccarat 6,niconico|nikoichi|B,0
2026-07-21 14:42:03,Baccarat 2,telecho|telecho|B,0
2026-07-21 14:47:03,Vietnamese Speed Baccarat 2,sansan|telecho|P,1
2026-07-21 15:04:27,Vietnamese Speed Baccarat 1,telecho|telecho|B,0
2026-07-21 15:07:25,Baccarat 1,telecho|telecho|B,0
2026-07-21 15:13:40,HI LO BACCARAT,niconico|nikoichi|B,1
2026-07-21 15:26:07,Vietnamese Speed Baccarat 2,telecho|telecho|B,0
2026-07-21 15:27:56,Thai Speed Baccarat 1,telecho|telecho|B,1
2026-07-21 15:28:06,STAKE SPEED BACCARAT,niconico|dragon|B,0
2026-07-21 15:28:29,Chinese Speed Baccarat 2,telecho|telecho|B,1
2026-07-21 15:33:04,Thai Baccarat 1,niconico|nikoichi|P,0
2026-07-21 15:38:42,Speed Baccarat 2,niconico|dragon|B,1
2026-07-21 15:39:58,Chinese Speed Baccarat 2,niconico|dragon|B,0
2026-07-21 15:44:02,Baccarat 6,telecho|telecho|B,0
2026-07-21 15:46:56,Baccarat 6,niconico|nikoichi|B,1
2026-07-21 15:48:02,Korean Speed Baccarat 3,niconico|dragon|B,0
2026-07-21 16:08:28,Baccarat 2,telecho|nikoichi|P,0
2026-07-21 16:21:13,Japanese Speed Baccarat 3,telecho|telecho|B,1
2026-07-21 16:36:40,Speed Baccarat 5,telecho|telecho|B,0
2026-07-21 16:45:31,Japanese Speed Baccarat 1,telecho|telecho|B,1
2026-07-21 16:57:55,Baccarat 6,telecho|telecho|B,1
2026-07-21 17:04:13,Korean Turbo Baccarat 1,telecho|nikoichi|P,0
2026-07-21 17:10:02,Thai Speed Baccarat 2,niconico|dragon|B,0
2026-07-21 17:45:12,Indonesian Speed Baccarat 1,telecho|telecho|B,0
2026-07-21 17:45:21,Korean Speed Baccarat 1,telecho|nikoichi|P,1
2026-07-21 17:55:38,Speed Baccarat 9,telecho|telecho|B,1
2026-07-21 17:59:22,Speed Baccarat 9,telecho|telecho|B,0
2026-07-21 17:59:28,Speed Baccarat 1,telecho|telecho|B,1
2026-07-21 18:01:55,Vietnamese Speed Baccarat 1,niconico|nikoichi|P,1
2026-07-21 18:22:30,STAKE SPEED BACCARAT,telecho|telecho|B,0
2026-07-21 18:24:38,Baccarat 9,telecho|telecho|B,1
2026-07-21 18:41:13,Chinese Speed Baccarat 3,niconico|nikoichi|B,1
2026-07-21 18:54:03,Thai Baccarat 1,telecho|telecho|B,0
2026-07-21 18:55:26,Baccarat 5,telecho|telecho|B,0
2026-07-21 18:59:41,Speed Baccarat 16,niconico|dragon|B,1
2026-07-21 19:10:08,Baccarat 3,telecho|nikoichi|P,0
2026-07-21 19:16:36,Japanese Speed Baccarat 1,telecho|telecho|B,1
2026-07-21 19:38:08,Thai Baccarat 1,telecho|telecho|B,0
2026-07-21 19:49:31,Japanese Speed Baccarat 2,telecho|telecho|B,1
2026-07-21 19:57:36,Speed Baccarat 5,niconico|nikoichi|P,1
2026-07-21 20:00:42,HI LO BACCARAT,telecho|telecho|B,1
2026-07-21 20:04:41,Baccarat 6,telecho|nikoichi|P,1
2026-07-21 20:05:53,HI LO BACCARAT,telecho|telecho|B,1
2026-07-21 20:17:22,Chinese Speed Baccarat 3,telecho|telecho|B,1
2026-07-21 20:20:49,Speed Baccarat 9,telecho|nikoichi|P,0
2026-07-21 20:21:08,HI LO BACCARAT,telecho|telecho|B,0
2026-07-21 20:33:38,Chinese Speed Baccarat 2,telecho|telecho|B,1
2026-07-21 20:34:50,Fortune 6 Baccarat,niconico|nikoichi|B,0
2026-07-21 20:39:02,Speed Baccarat 11,niconico|dragon|B,1
2026-07-21 20:45:08,Speed Baccarat 11,niconico|dragon|B,0
2026-07-21 20:45:44,Speed Baccarat 9,telecho|telecho|B,1
2026-07-21 20:58:54,Speed Baccarat 6,telecho|nikoichi|P,1
2026-07-21 21:07:11,Turbo Baccarat,niconico|dragon|B,0
2026-07-21 21:13:04,Chinese Speed Baccarat 1,telecho|telecho|B,1
2026-07-21 21:16:48,Indonesian Speed Baccarat 2,niconico|dragon|B,0
2026-07-21 21:18:04,Speed Baccarat 12,niconico|dragon|B,0
2026-07-21 21:33:54,Speed Baccarat 16,telecho|nikoichi|P,0
2026-07-21 21:39:04,Baccarat 5,telecho|nikoichi|P,1
2026-07-21 22:00:19,Speed Baccarat 13,niconico|dragon|B,1
2026-07-21 22:24:22,Speed Baccarat 15,telecho|nikoichi|P,1
2026-07-21 22:29:30,Speed Baccarat 15,telecho|nikoichi|P,1
2026-07-21 22:34:50,Baccarat 6,niconico|dragon|B,0
2026-07-21 22:47:18,Korean Speed Baccarat 2,telecho|nikoichi|P,1
2026-07-21 22:58:16,Speed Baccarat 16,telecho|nikoichi|P,1
2026-07-21 23:05:36,Thai Speed Baccarat 1,niconico|dragon|B,0
2026-07-21 23:19:50,HI LO BACCARAT,niconico|nikoichi|P,1
2026-07-21 23:22:02,Japanese Speed Baccarat 2,niconico|nikoichi|P,0
2026-07-21 23:22:31,Speed Baccarat 12,telecho|telecho|B,1
2026-07-21 23:23:57,Baccarat 6,niconico|dragon|B,1
2026-07-21 23:31:37,Thai Baccarat 1,niconico|dragon|B,0
2026-07-21 23:36:27,Baccarat 1,telecho|telecho|B,1
2026-07-21 23:37:24,Baccarat 1,telecho|telecho|B,0
2026-07-21 23:39:16,Baccarat 1,telecho|nikoichi|P,0
2026-07-21 23:53:51,Korean Speed Baccarat 1,niconico|nikoichi|P,0
2026-07-21 23:58:32,Speed Baccarat 3,niconico|dragon|B,0
2026-07-22 00:01:18,Speed Baccarat 9,telecho|telecho|B,1
2026-07-22 00:06:36,Speed Baccarat 8,niconico|dragon|B,0
2026-07-22 00:12:00,Fortune 6 Baccarat,telecho|telecho|B,0
2026-07-22 00:25:42,Korean Baccarat 2,telecho|nikoichi|P,1
2026-07-22 00:27:47,Speed Baccarat 1,niconico|dragon|B,1
2026-07-22 00:27:54,Speed Baccarat 6,telecho|telecho|B,1
2026-07-22 00:36:25,Japanese Speed Baccarat 3,niconico|dragon|B,1
2026-07-22 00:44:44,Vietnamese Speed Baccarat 3,telecho|telecho|B,1
2026-07-22 00:47:41,Baccarat 5,telecho|nikoichi|P,1
2026-07-22 00:52:18,Korean Speed Baccarat 1,telecho|nikoichi|P,0
2026-07-22 01:21:31,Chinese Speed Baccarat 2,niconico|nikoichi|B,0
2026-07-22 01:21:59,Korean Turbo Baccarat 1,telecho|telecho|B,1
2026-07-22 01:23:06,Chinese Speed Baccarat 3,telecho|telecho|B,0
2026-07-22 01:24:03,Korean Turbo Baccarat 1,telecho|nikoichi|P,1
2026-07-22 01:42:48,HI LO BACCARAT,telecho|nikoichi|P,0
2026-07-22 01:43:28,Vietnamese Speed Baccarat 1,niconico|nikoichi|B,1
2026-07-22 01:44:19,STAKE SPEED BACCARAT,niconico|dragon|B,1
2026-07-22 01:47:16,Thai Speed Baccarat 2,telecho|nikoichi|P,1
2026-07-22 01:49:40,Thai Speed Baccarat 2,telecho|telecho|B,1
2026-07-22 01:57:36,Speed Baccarat 1,niconico|dragon|B,1
2026-07-22 02:02:55,Speed Baccarat 9,telecho|nikoichi|P,0
2026-07-22 02:07:57,Fortune 6 Baccarat,niconico|nikoichi|B,0
2026-07-22 02:29:29,Korean Baccarat 1,sansan|telecho|P,0
2026-07-22 02:40:52,Baccarat 3,telecho|telecho|B,0
2026-07-22 03:20:16,Baccarat 3,telecho|nikoichi|P,0
2026-07-22 03:33:04,Korean Baccarat 2,telecho|nikoichi|P,0
2026-07-22 03:33:57,Speed Baccarat 1,telecho|telecho|B,0
2026-07-22 03:36:54,Vietnamese Speed Baccarat 3,niconico|dragon|B,1
2026-07-22 03:42:31,Thai Speed Baccarat 2,telecho|nikoichi|P,0
2026-07-22 03:51:41,Korean Baccarat 2,telecho|telecho|B,1
2026-07-22 03:51:55,Fortune 6 Baccarat,niconico|nikoichi|P,1
2026-07-22 04:05:15,Indonesian Speed Baccarat 2,telecho|telecho|B,0
2026-07-22 04:07:38,Japanese Speed Baccarat 3,telecho|telecho|B,1
2026-07-22 04:15:57,Vietnamese Speed Baccarat 2,telecho|telecho|B,1
2026-07-22 04:16:54,Baccarat 6,telecho|nikoichi|P,1
2026-07-22 04:22:57,Chinese Speed Baccarat 2,niconico|dragon|B,1
2026-07-22 04:23:25,Speed Baccarat 5,niconico|nikoichi|P,0
2026-07-22 04:31:09,Speed Baccarat 1,telecho|telecho|B,0
2026-07-22 04:33:06,Indonesian Speed Baccarat 1,telecho|telecho|B,1
2026-07-22 04:40:37,Speed Baccarat 9,niconico|dragon|B,0
2026-07-22 04:44:46,Vietnamese Speed Baccarat 2,telecho|telecho|B,0
2026-07-22 04:47:30,Speed Baccarat 15,telecho|telecho|B,0
2026-07-22 04:49:28,Speed Baccarat 12,telecho|nikoichi|P,0
2026-07-22 04:56:05,Baccarat 2,niconico|dragon|B,1
2026-07-22 04:56:24,Korean Turbo Baccarat 1,telecho|nikoichi|P,0
2026-07-22 04:56:35,Speed Baccarat 1,telecho|telecho|B,1
2026-07-22 05:28:57,Japanese Speed Baccarat 2,niconico|nikoichi|P,1
2026-07-22 05:29:40,Korean Baccarat 2,telecho|telecho|B,0
2026-07-22 05:30:57,Japanese Speed Baccarat 2,telecho|nikoichi|P,1
2026-07-22 05:33:33,Korean Baccarat 1,telecho|nikoichi|P,0
2026-07-22 05:36:16,Chinese Speed Baccarat 1,telecho|nikoichi|P,0
2026-07-22 05:43:14,Speed Baccarat 3,telecho|telecho|B,0
2026-07-22 05:57:08,Chinese Speed Baccarat 2,telecho|nikoichi|P,1
2026-07-22 05:58:14,Thai Speed Baccarat 1,telecho|nikoichi|P,1
2026-07-22 05:58:28,Vietnamese Speed Baccarat 3,niconico|nikoichi|B,0
2026-07-22 05:59:20,Baccarat 3,niconico|dragon|B,1
2026-07-22 06:06:47,Baccarat 2,telecho|telecho|B,0
2026-07-22 06:08:02,Korean Speed Baccarat 5,telecho|nikoichi|P,0
2026-07-22 06:18:32,Korean Baccarat 1,telecho|nikoichi|P,1
2026-07-22 06:29:04,Fortune 6 Baccarat,telecho|telecho|B,1
2026-07-22 06:31:03,Japanese Speed Baccarat 2,niconico|dragon|B,0
2026-07-22 06:33:27,Speed Baccarat 11,telecho|telecho|B,0
2026-07-22 06:33:46,Thai Speed Baccarat 2,telecho|telecho|B,1
2026-07-22 06:38:08,Korean Speed Baccarat 5,telecho|nikoichi|P,0
2026-07-22 06:48:26,Korean Baccarat 2,niconico|dragon|B,0
2026-07-22 06:53:03,Korean Turbo Baccarat 1,telecho|nikoichi|P,1
2026-07-22 07:02:13,STAKE SPEED BACCARAT,telecho|telecho|B,0
2026-07-22 07:04:22,Speed Baccarat 11,telecho|nikoichi|P,1
2026-07-22 07:14:36,Thai Speed Baccarat 1,niconico|dragon|B,0
2026-07-22 07:17:55,Korean Speed Baccarat 2,telecho|nikoichi|P,0
2026-07-22 07:20:48,Baccarat 6,niconico|dragon|B,1
2026-07-22 07:29:13,Chinese Speed Baccarat 2,niconico|dragon|B,0
2026-07-22 07:34:04,Baccarat 6,niconico|dragon|B,0
2026-07-22 07:34:11,Japanese Speed Baccarat 2,niconico|dragon|B,0
2026-07-22 07:40:56,Korean Baccarat 2,niconico|dragon|B,1
2026-07-22 07:41:40,STAKE SPEED BACCARAT,niconico|dragon|B,0
2026-07-22 07:55:48,Japanese Speed Baccarat 1,telecho|telecho|B,0
2026-07-22 07:57:49,Fortune 6 Baccarat,sansan|telecho|P,1
2026-07-22 08:08:12,Chinese Speed Baccarat 3,telecho|telecho|B,1
2026-07-22 08:27:35,Baccarat 3,niconico|dragon|B,0
2026-07-22 08:31:51,Turbo Baccarat,niconico|dragon|B,0
2026-07-22 08:32:02,Baccarat 1,telecho|telecho|B,1
2026-07-22 08:37:45,Chinese Speed Baccarat 3,telecho|telecho|B,0
2026-07-22 08:57:39,HI LO BACCARAT,niconico|dragon|B,1
2026-07-22 08:59:57,Speed Baccarat 5,sansan|telecho|P,0
2026-07-22 09:14:00,Speed Baccarat 9,telecho|telecho|B,0
2026-07-22 09:14:08,Speed Baccarat 12,niconico|dragon|B,0
2026-07-22 09:40:18,Speed Baccarat 13,telecho|nikoichi|P,1
2026-07-22 09:40:44,Korean Turbo Baccarat 1,niconico|nikoichi|B,0
2026-07-22 09:42:07,Speed Baccarat 12,niconico|dragon|B,1
2026-07-22 09:45:41,Super 8 Baccarat,niconico|dragon|B,0
2026-07-22 09:47:30,Speed Baccarat 8,telecho|nikoichi|P,0
2026-07-22 09:48:51,Korean Speed Baccarat 5,telecho|telecho|B,1
2026-07-22 09:49:36,Korean Speed Baccarat 5,telecho|telecho|B,1
2026-07-22 09:53:54,Japanese Speed Baccarat 2,telecho|telecho|B,1
2026-07-22 10:02:53,Korean Speed Baccarat 1,niconico|dragon|B,1
2026-07-22 10:10:50,Japanese Speed Baccarat 3,telecho|nikoichi|P,1
2026-07-22 10:11:04,Speed Baccarat 3,telecho|telecho|B,1
2026-07-22 10:11:13,Korean Baccarat 1,telecho|nikoichi|P,1
2026-07-22 10:15:40,Speed Baccarat 3,telecho|telecho|B,1
2026-07-22 10:19:27,Fortune 6 Baccarat,telecho|nikoichi|P,1
2026-07-22 10:21:22,Speed Baccarat 5,telecho|nikoichi|P,1
2026-07-22 10:23:09,Korean Speed Baccarat 2,telecho|telecho|B,1
2026-07-22 10:31:31,HI LO BACCARAT,telecho|telecho|B,1
2026-07-22 10:41:05,STAKE SPEED BACCARAT,telecho|nikoichi|P,0
2026-07-22 10:57:41,Korean Speed Baccarat 3,telecho|telecho|B,0
2026-07-22 10:59:39,HI LO BACCARAT,telecho|telecho|B,0
2026-07-22 11:10:57,Speed Baccarat 12,telecho|nikoichi|P,1
2026-07-22 11:13:16,Speed Baccarat 12,telecho|telecho|B,0
2026-07-22 11:41:48,Japanese Speed Baccarat 2,telecho|telecho|B,1
2026-07-22 11:42:10,Korean Turbo Baccarat 1,telecho|telecho|B,1
2026-07-22 11:43:43,Indonesian Speed Baccarat 2,niconico|nikoichi|B,1
2026-07-22 11:46:10,Thai Baccarat 1,telecho|nikoichi|P,1
2026-07-22 11:46:45,Baccarat 2,niconico|dragon|B,0
2026-07-22 11:49:38,Thai Baccarat 1,telecho|telecho|B,1
2026-07-22 11:53:11,Thai Speed Baccarat 1,niconico|dragon|B,0
2026-07-22 12:02:36,Korean Turbo Baccarat 1,niconico|nikoichi|B,0
2026-07-22 12:10:58,Vietnamese Speed Baccarat 3,telecho|telecho|B,1
2026-07-22 12:12:11,Chinese Speed Baccarat 3,telecho|telecho|B,0
2026-07-22 12:21:03,Vietnamese Speed Baccarat 2,niconico|dragon|B,0
2026-07-22 12:39:49,Speed Baccarat 2,telecho|telecho|B,0
2026-07-22 12:40:07,Speed Baccarat 12,telecho|telecho|B,0
2026-07-22 12:44:14,Vietnamese Speed Baccarat 1,telecho|nikoichi|P,1
2026-07-22 12:48:54,Thai Baccarat 1,niconico|dragon|B,1
2026-07-22 12:55:58,Thai Speed Baccarat 1,niconico|dragon|B,1
2026-07-22 13:06:57,Korean Speed Baccarat 1,niconico|dragon|B,0
2026-07-22 13:07:26,Speed Baccarat 2,niconico|dragon|B,0
2026-07-22 13:15:23,Korean Speed Baccarat 5,telecho|nikoichi|P,0
2026-07-22 13:16:23,Fortune 6 Baccarat,niconico|dragon|B,1
2026-07-22 13:21:42,Speed Baccarat 18,telecho|telecho|B,1
2026-07-22 13:36:53,Indonesian Speed Baccarat 2,niconico|nikoichi|P,0
2026-07-22 13:39:04,HI LO BACCARAT,telecho|telecho|B,1
2026-07-22 13:41:05,Indonesian Speed Baccarat 1,telecho|nikoichi|P,1
2026-07-22 13:46:02,Korean Speed Baccarat 5,telecho|telecho|B,1
2026-07-22 13:46:19,Vietnamese Speed Baccarat 3,telecho|nikoichi|P,0
2026-07-22 13:50:42,STAKE SPEED BACCARAT,niconico|dragon|B,0
2026-07-22 14:11:26,Speed Baccarat 12,niconico|dragon|B,1
2026-07-22 14:29:34,Speed Baccarat 5,sansan|telecho|P,1
2026-07-22 14:36:06,Baccarat 1,telecho|telecho|B,0
2026-07-22 14:37:41,Speed Baccarat 17,telecho|telecho|B,0
2026-07-22 14:43:25,Vietnamese Speed Baccarat 3,telecho|telecho|B,1
2026-07-22 14:49:39,Japanese Speed Baccarat 3,telecho|telecho|B,1
2026-07-22 14:52:06,Japanese Speed Baccarat 3,telecho|nikoichi|P,1
2026-07-22 15:06:11,STAKE SPEED BACCARAT,telecho|telecho|B,0
2026-07-22 15:07:11,Korean Baccarat 2,niconico|dragon|B,1
2026-07-22 15:09:11,Speed Baccarat 12,telecho|nikoichi|P,0
2026-07-22 15:12:08,Indonesian Speed Baccarat 1,telecho|nikoichi|P,1
2026-07-22 15:16:17,Vietnamese Speed Baccarat 1,niconico|nikoichi|B,1
2026-07-22 15:20:42,Baccarat 1,sansan|telecho|P,0
2026-07-22 15:30:41,Japanese Speed Baccarat 2,telecho|telecho|B,1
2026-07-22 15:41:16,Indonesian Speed Baccarat 1,telecho|telecho|B,1
2026-07-22 15:44:44,Speed Baccarat 12,sansan|telecho|P,0
2026-07-22 16:18:16,Speed Baccarat 18,niconico|dragon|B,1
2026-07-22 16:35:13,Speed Baccarat 16,niconico|nikoichi|P,1
2026-07-22 16:43:58,Korean Turbo Baccarat 1,telecho|nikoichi|P,1
2026-07-22 16:45:55,Vietnamese Speed Baccarat 2,telecho|telecho|B,1
2026-07-22 17:04:47,Speed Baccarat 15,niconico|dragon|B,1
2026-07-22 17:10:11,Korean Turbo Baccarat 1,telecho|nikoichi|P,1
2026-07-22 17:10:47,Speed Baccarat 13,telecho|telecho|B,1
2026-07-22 17:12:02,Speed Baccarat 15,niconico|dragon|B,0
2026-07-22 17:12:38,Indonesian Speed Baccarat 1,telecho|nikoichi|P,1
2026-07-22 17:13:13,Baccarat 6,niconico|dragon|B,1
2026-07-22 17:28:54,Speed Baccarat 11,telecho|telecho|B,0
2026-07-22 17:30:29,Speed Baccarat 5,telecho|nikoichi|P,1
2026-07-22 17:34:01,Speed Baccarat 8,telecho|telecho|B,0
2026-07-22 17:44:58,Super 8 Baccarat,niconico|dragon|B,1
2026-07-22 17:47:30,Chinese Speed Baccarat 2,telecho|nikoichi|P,1
2026-07-22 17:51:53,Korean Speed Baccarat 2,telecho|telecho|B,1
2026-07-22 17:52:43,Korean Speed Baccarat 2,telecho|telecho|B,1
2026-07-22 18:03:18,Baccarat 7,sansan|telecho|P,0
2026-07-22 18:08:17,Speed Baccarat 8,telecho|telecho|B,0
2026-07-22 18:31:36,Thai Speed Baccarat 2,niconico|dragon|B,0
2026-07-22 18:33:16,Korean Baccarat 1,telecho|nikoichi|P,1
2026-07-22 18:39:41,Vietnamese Speed Baccarat 3,telecho|telecho|B,0
2026-07-22 18:56:31,Korean Baccarat 2,niconico|dragon|B,1
2026-07-22 18:58:58,Speed Baccarat 16,telecho|nikoichi|P,0
2026-07-22 19:03:00,Korean Speed Baccarat 2,niconico|dragon|B,1
2026-07-22 19:06:01,Speed Baccarat 17,telecho|nikoichi|P,0
2026-07-22 19:07:42,Chinese Speed Baccarat 3,telecho|telecho|B,0
2026-07-22 19:11:38,Vietnamese Speed Baccarat 2,niconico|nikoichi|P,0
2026-07-22 19:25:01,Fortune 6 Baccarat,telecho|telecho|B,1
2026-07-22 19:28:30,Speed Baccarat 13,telecho|telecho|B,0
2026-07-22 19:43:01,Speed Baccarat 5,telecho|nikoichi|P,0
2026-07-22 19:43:46,Speed Baccarat 5,telecho|telecho|B,1
2026-07-22 19:43:54,Chinese Speed Baccarat 2,telecho|telecho|B,0
2026-07-22 19:44:21,Fortune 6 Baccarat,telecho|nikoichi|P,0
2026-07-22 19:46:03,Speed Baccarat 5,telecho|nikoichi|P,1
2026-07-22 19:52:13,Speed Baccarat 2,telecho|telecho|B,1
2026-07-22 19:54:16,Turbo Baccarat,niconico|nikoichi|P,0
2026-07-22 20:06:53,Speed Baccarat 18,niconico|nikoichi|B,1
2026-07-22 20:15:34,Speed Baccarat 5,telecho|nikoichi|P,1
2026-07-22 20:40:52,HI LO BACCARAT,telecho|nikoichi|P,1
2026-07-22 20:41:09,Chinese Speed Baccarat 3,telecho|telecho|B,1
2026-07-22 20:49:06,Speed Baccarat 2,telecho|telecho|B,1
2026-07-22 20:51:25,Baccarat 1,niconico|dragon|B,1
2026-07-22 20:56:13,Thai Speed Baccarat 2,niconico|nikoichi|B,1
2026-07-22 21:00:49,Speed Baccarat 15,niconico|dragon|B,0
2026-07-22 21:02:39,Speed Baccarat 8,niconico|dragon|B,0
2026-07-22 21:06:57,Chinese Speed Baccarat 3,telecho|telecho|B,1
2026-07-22 21:07:59,Baccarat 2,niconico|nikoichi|P,0
2026-07-22 21:11:02,Korean Speed Baccarat 1,telecho|telecho|B,0
2026-07-22 21:19:44,Korean Speed Baccarat 5,niconico|dragon|B,1
2026-07-22 21:21:15,Speed Baccarat 9,telecho|nikoichi|P,1
2026-07-22 21:27:03,Speed Baccarat 15,telecho|nikoichi|P,0
2026-07-22 21:35:54,Speed Baccarat 18,niconico|dragon|B,1
2026-07-22 21:45:15,Speed Baccarat 18,niconico|nikoichi|B,0
2026-07-22 22:13:43,Korean Speed Baccarat 1,niconico|nikoichi|B,0
2026-07-22 22:17:22,Korean Turbo Baccarat 1,sansan|telecho|P,0
2026-07-22 22:19:33,Thai Baccarat 1,niconico|dragon|B,0
2026-07-22 22:31:22,Baccarat 6,telecho|nikoichi|P,1
2026-07-22 22:35:06,Korean Speed Baccarat 3,telecho|telecho|B,0
2026-07-22 22:38:09,Japanese Speed Baccarat 2,telecho|nikoichi|P,1
2026-07-22 22:38:22,Korean Turbo Baccarat 1,telecho|telecho|B,1
2026-07-22 22:39:54,Chinese Speed Baccarat 3,niconico|nikoichi|P,1
2026-07-22 22:47:48,Vietnamese Speed Baccarat 1,telecho|nikoichi|P,0
2026-07-22 22:51:48,Korean Speed Baccarat 5,niconico|dragon|B,0
2026-07-22 22:58:55,Thai Baccarat 1,niconico|nikoichi|P,0
2026-07-22 23:03:37,Korean Speed Baccarat 3,niconico|dragon|B,1
2026-07-22 23:16:39,Turbo Baccarat,niconico|nikoichi|B,0
2026-07-22 23:21:27,Korean Turbo Baccarat 1,telecho|telecho|B,1
2026-07-22 23:47:10,STAKE SPEED BACCARAT,telecho|nikoichi|P,1
2026-07-22 23:49:07,Thai Speed Baccarat 2,niconico|nikoichi|B,0
2026-07-23 00:00:59,Korean Speed Baccarat 3,telecho|telecho|B,0
2026-07-23 00:07:01,Japanese Speed Baccarat 3,telecho|telecho|B,0
2026-07-23 00:09:45,Speed Baccarat 3,niconico|dragon|B,1
2026-07-23 00:18:44,STAKE SPEED BACCARAT,telecho|telecho|B,1
2026-07-23 00:22:45,Vietnamese Speed Baccarat 1,niconico|nikoichi|B,0
2026-07-23 00:22:54,Japanese Speed Baccarat 1,niconico|dragon|B,1
2026-07-23 00:23:02,Baccarat 5,telecho|telecho|B,0
2026-07-23 00:30:28,Speed Baccarat 1,telecho|nikoichi|P,1
2026-07-23 00:36:15,Korean Baccarat 2,telecho|telecho|B,1
2026-07-23 00:46:52,Thai Baccarat 1,telecho|telecho|B,0
2026-07-23 01:29:27,Speed Baccarat 11,telecho|telecho|B,1
2026-07-23 01:32:57,Speed Baccarat 1,telecho|nikoichi|P,1
2026-07-23 01:34:45,Speed Baccarat 18,niconico|dragon|B,1
2026-07-23 01:35:25,Baccarat 6,telecho|telecho|B,0
2026-07-23 01:50:01,Korean Baccarat 2,telecho|telecho|B,1
2026-07-23 01:57:50,Thai Speed Baccarat 1,niconico|dragon|B,1
2026-07-23 02:05:24,Chinese Speed Baccarat 3,telecho|telecho|B,1
2026-07-23 02:07:09,Speed Baccarat 3,telecho|nikoichi|P,0
2026-07-23 02:16:14,Baccarat 5,telecho|nikoichi|P,1
2026-07-23 02:16:23,Speed Baccarat 16,telecho|nikoichi|P,0
2026-07-23 02:17:45,Baccarat 5,telecho|nikoichi|P,1
2026-07-23 02:23:48,Speed Baccarat 11,telecho|telecho|B,1
2026-07-23 02:34:02,Chinese Speed Baccarat 3,telecho|telecho|B,1
2026-07-23 02:42:03,Speed Baccarat 5,telecho|nikoichi|P,0
2026-07-23 02:42:18,Korean Speed Baccarat 1,telecho|nikoichi|P,1
2026-07-23 02:47:30,Korean Baccarat 1,telecho|nikoichi|P,0
2026-07-23 02:52:15,Thai Speed Baccarat 1,telecho|nikoichi|P,0
2026-07-23 02:53:49,Japanese Speed Baccarat 2,telecho|nikoichi|P,1
2026-07-23 03:01:18,Chinese Speed Baccarat 1,telecho|nikoichi|P,1
2026-07-23 03:08:35,Baccarat 3,telecho|telecho|B,1
2026-07-23 03:15:19,Speed Baccarat 16,telecho|telecho|B,1
2026-07-23 03:38:33,Baccarat 9,telecho|telecho|B,0
2026-07-23 04:14:38,Korean Speed Baccarat 1,niconico|nikoichi|B,1
2026-07-23 04:14:49,Speed Baccarat 11,telecho|telecho|B,1
2026-07-23 04:24:15,Speed Baccarat 13,niconico|nikoichi|P,0
2026-07-23 04:24:57,Korean Speed Baccarat 2,niconico|nikoichi|B,1
2026-07-23 04:27:33,Baccarat 3,niconico|dragon|B,0
2026-07-23 04:43:41,Speed Baccarat 9,telecho|telecho|B,0
2026-07-23 04:47:24,Baccarat 9,telecho|nikoichi|P,1
2026-07-23 05:00:15,Thai Speed Baccarat 2,telecho|telecho|B,1
2026-07-23 05:03:30,Chinese Speed Baccarat 1,niconico|nikoichi|P,1
2026-07-23 05:03:51,Speed Baccarat 15,telecho|nikoichi|P,1
2026-07-23 05:05:28,Speed Baccarat 8,niconico|dragon|B,1
2026-07-23 05:07:07,Thai Baccarat 1,niconico|nikoichi|B,0
2026-07-23 05:15:02,Korean Baccarat 1,niconico|dragon|B,1
2026-07-23 05:24:24,Japanese Speed Baccarat 2,niconico|dragon|B,0
2026-07-23 05:33:23,Japanese Speed Baccarat 3,telecho|nikoichi|P,0
2026-07-23 05:33:32,Speed Baccarat 3,telecho|telecho|B,1
2026-07-23 05:52:31,Speed Baccarat 6,telecho|telecho|B,0
2026-07-23 06:16:13,Vietnamese Speed Baccarat 3,niconico|nikoichi|P,1
2026-07-23 06:23:34,Speed Baccarat 2,telecho|telecho|B,0
2026-07-23 06:36:33,STAKE SPEED BACCARAT,telecho|nikoichi|P,0
2026-07-23 06:41:54,Korean Turbo Baccarat 1,niconico|dragon|B,0
2026-07-23 06:56:05,Fortune 6 Baccarat,telecho|telecho|B,0
2026-07-23 06:56:18,Korean Speed Baccarat 2,niconico|nikoichi|P,0
2026-07-23 06:57:32,Speed Baccarat 18,telecho|nikoichi|P,1
2026-07-23 07:04:21,Chinese Speed Baccarat 1,telecho|telecho|B,1
2026-07-23 07:11:26,Japanese Speed Baccarat 3,niconico|dragon|B,0
2026-07-23 07:26:08,Korean Speed Baccarat 2,niconico|nikoichi|P,0
2026-07-23 07:26:56,Speed Baccarat 2,telecho|telecho|B,1
2026-07-23 07:34:54,Speed Baccarat 8,niconico|dragon|B,1
2026-07-23 08:02:36,Indonesian Speed Baccarat 2,telecho|telecho|B,0
2026-07-23 08:24:59,Korean Speed Baccarat 2,niconico|nikoichi|B,1
2026-07-23 08:25:16,Super 8 Baccarat,niconico|nikoichi|B,0
2026-07-23 08:35:16,Speed Baccarat 11,niconico|dragon|B,1
2026-07-23 08:53:43,Vietnamese Speed Baccarat 3,telecho|nikoichi|P,1
2026-07-23 08:55:14,HI LO BACCARAT,telecho|telecho|B,0
2026-07-23 09:13:32,Korean Speed Baccarat 1,telecho|nikoichi|P,1
2026-07-23 09:18:32,Baccarat 3,telecho|nikoichi|P,0
2026-07-23 09:26:53,Japanese Speed Baccarat 2,niconico|nikoichi|B,1
2026-07-23 09:28:46,Turbo Baccarat,niconico|dragon|B,0
2026-07-23 09:30:30,Korean Baccarat 2,telecho|telecho|B,1
2026-07-23 09:36:01,Speed Baccarat 3,telecho|telecho|B,1
2026-07-23 09:36:32,Japanese Speed Baccarat 3,niconico|dragon|B,1
2026-07-23 09:37:26,Thai Speed Baccarat 2,telecho|telecho|B,0
2026-07-23 09:41:23,Korean Turbo Baccarat 1,niconico|dragon|B,1
2026-07-23 09:46:24,Korean Speed Baccarat 1,niconico|nikoichi|P,0
2026-07-23 09:50:36,Korean Speed Baccarat 3,telecho|telecho|B,1
2026-07-23 09:50:49,Baccarat 2,telecho|telecho|B,1
2026-07-23 10:01:29,Korean Speed Baccarat 3,telecho|telecho|B,0
2026-07-23 10:04:31,Thai Speed Baccarat 2,telecho|telecho|B,1
2026-07-23 10:11:23,Turbo Baccarat,niconico|dragon|B,0
2026-07-23 10:15:06,Indonesian Speed Baccarat 1,telecho|telecho|B,0
2026-07-23 10:33:54,Fortune 6 Baccarat,niconico|nikoichi|P,1
2026-07-23 10:34:18,Fortune 6 Baccarat,niconico|nikoichi|B,1
2026-07-23 10:46:40,Indonesian Speed Baccarat 1,niconico|nikoichi|P,1
2026-07-23 10:47:49,Super 8 Baccarat,niconico|nikoichi|B,1
2026-07-23 10:49:18,Speed Baccarat 15,telecho|telecho|B,1
2026-07-23 11:08:02,Speed Baccarat 6,niconico|dragon|B,0
2026-07-23 11:08:11,Baccarat 2,telecho|telecho|B,1
2026-07-23 11:22:56,Speed Baccarat 18,telecho|telecho|B,0
2026-07-23 11:23:29,Korean Speed Baccarat 1,sansan|telecho|P,1
2026-07-23 11:31:55,Speed Baccarat 3,telecho|telecho|B,1
2026-07-23 11:39:30,Vietnamese Speed Baccarat 2,telecho|nikoichi|P,0
2026-07-23 11:48:41,Speed Baccarat 13,niconico|dragon|B,0
2026-07-23 11:50:22,Korean Speed Baccarat 1,telecho|telecho|B,1
2026-07-23 11:53:50,Baccarat 1,telecho|nikoichi|P,1
2026-07-23 11:58:46,Speed Baccarat 11,telecho|telecho|B,1
2026-07-23 12:02:28,Speed Baccarat 5,telecho|nikoichi|P,1
2026-07-23 12:03:05,STAKE SPEED BACCARAT,niconico|dragon|B,0
2026-07-23 12:03:51,Korean Turbo Baccarat 1,niconico|dragon|B,0
2026-07-23 12:15:37,Vietnamese Speed Baccarat 1,niconico|dragon|B,0
2026-07-23 12:16:10,Chinese Speed Baccarat 2,niconico|nikoichi|B,1
2026-07-23 12:31:46,STAKE SPEED BACCARAT,telecho|telecho|B,1
2026-07-23 12:55:24,Korean Speed Baccarat 3,telecho|nikoichi|P,1
2026-07-23 12:59:11,Baccarat 5,niconico|nikoichi|P,0
2026-07-23 13:00:41,Chinese Speed Baccarat 1,niconico|dragon|B,0
2026-07-23 13:01:54,Baccarat 3,telecho|telecho|B,0
2026-07-23 13:08:38,Turbo Baccarat,niconico|dragon|B,0
2026-07-23 13:12:03,Korean Baccarat 1,telecho|nikoichi|P,1
2026-07-23 13:19:44,Speed Baccarat 2,niconico|dragon|B,0
2026-07-23 13:24:50,Thai Speed Baccarat 2,telecho|telecho|B,1
2026-07-23 13:44:24,Korean Speed Baccarat 5,telecho|telecho|B,0
2026-07-23 13:51:41,Japanese Speed Baccarat 3,telecho|telecho|B,1
2026-07-23 13:56:17,Vietnamese Speed Baccarat 3,telecho|telecho|B,1
2026-07-23 14:07:37,Korean Speed Baccarat 2,telecho|telecho|B,0
2026-07-23 14:11:53,Speed Baccarat 17,sansan|telecho|P,0
2026-07-23 14:12:31,Baccarat 6,niconico|nikoichi|B,0
2026-07-23 14:17:26,Vietnamese Speed Baccarat 2,telecho|nikoichi|P,0
2026-07-23 14:18:08,Japanese Speed Baccarat 2,niconico|nikoichi|P,1
2026-07-23 14:19:18,Japanese Speed Baccarat 2,niconico|nikoichi|P,1
2026-07-23 14:22:59,Korean Speed Baccarat 1,telecho|nikoichi|P,0
2026-07-23 14:25:36,Korean Speed Baccarat 3,telecho|telecho|B,0
2026-07-23 14:38:31,Indonesian Speed Baccarat 1,telecho|nikoichi|P,1
2026-07-23 14:40:10,Vietnamese Speed Baccarat 2,telecho|nikoichi|P,0
2026-07-23 14:55:51,Baccarat 9,niconico|dragon|B,0
2026-07-23 15:22:57,Japanese Speed Baccarat 2,telecho|telecho|B,0
2026-07-23 15:29:18,Baccarat 6,telecho|nikoichi|P,0
2026-07-23 16:03:40,Speed Baccarat 5,niconico|nikoichi|P,1
2026-07-23 16:31:56,Turbo Baccarat,telecho|telecho|B,1
2026-07-23 16:32:51,HI LO BACCARAT,telecho|telecho|B,0
2026-07-23 16:44:48,Speed Baccarat 2,telecho|nikoichi|P,0
2026-07-23 16:46:26,Korean Turbo Baccarat 1,telecho|nikoichi|P,0
2026-07-23 16:54:30,Korean Baccarat 1,sansan|telecho|P,1
2026-07-23 17:08:50,Indonesian Speed Baccarat 1,telecho|telecho|B,1
2026-07-23 17:11:34,Speed Baccarat 1,telecho|nikoichi|P,0
2026-07-23 17:16:00,Baccarat 9,telecho|nikoichi|P,1
2026-07-23 17:26:11,Speed Baccarat 8,niconico|nikoichi|P,0
2026-07-23 17:26:32,Fortune 6 Baccarat,telecho|nikoichi|P,0
2026-07-23 17:34:26,Speed Baccarat 16,sansan|telecho|P,1
2026-07-23 17:43:55,HI LO BACCARAT,telecho|nikoichi|P,0
2026-07-23 17:48:06,Baccarat 2,telecho|telecho|B,0
2026-07-23 17:55:11,Chinese Speed Baccarat 2,telecho|telecho|B,0
2026-07-23 17:55:18,Baccarat 6,niconico|nikoichi|P,0
2026-07-23 17:55:25,Speed Baccarat 11,telecho|telecho|B,0
2026-07-23 17:58:49,STAKE SPEED BACCARAT,telecho|nikoichi|P,1
2026-07-23 18:11:22,Speed Baccarat 17,telecho|telecho|B,1
2026-07-23 18:59:54,Vietnamese Speed Baccarat 1,niconico|nikoichi|B,1
2026-07-23 19:00:42,Vietnamese Speed Baccarat 1,niconico|nikoichi|P,0
2026-07-23 19:07:45,Speed Baccarat 1,telecho|telecho|B,0
2026-07-23 19:20:54,Japanese Speed Baccarat 2,niconico|dragon|B,0
2026-07-23 19:44:31,Speed Baccarat 6,telecho|nikoichi|P,1
2026-07-23 19:45:17,Baccarat 2,sansan|telecho|P,1
2026-07-23 20:04:35,Speed Baccarat 1,telecho|telecho|B,0
2026-07-23 20:13:50,Thai Speed Baccarat 2,telecho|telecho|B,1
2026-07-23 20:14:35,Baccarat 9,telecho|telecho|B,0
2026-07-23 20:15:26,Japanese Speed Baccarat 3,telecho|nikoichi|P,1
2026-07-23 20:32:19,Indonesian Speed Baccarat 1,telecho|telecho|B,1
2026-07-23 20:32:49,Korean Turbo Baccarat 1,niconico|dragon|B,1
2026-07-23 20:34:37,Indonesian Speed Baccarat 1,telecho|nikoichi|P,1
2026-07-23 20:38:54,Super 8 Baccarat,telecho|telecho|B,0
2026-07-23 20:48:57,Japanese Speed Baccarat 1,niconico|dragon|B,1
2026-07-23 20:49:39,Korean Speed Baccarat 2,telecho|telecho|B,0
2026-07-23 21:03:35,Thai Baccarat 1,telecho|telecho|B,0
2026-07-23 21:07:54,Thai Speed Baccarat 2,telecho|telecho|B,0
2026-07-23 21:14:43,Japanese Speed Baccarat 2,telecho|nikoichi|P,1
2026-07-23 21:17:03,Japanese Speed Baccarat 2,telecho|telecho|B,1
2026-07-23 21:19:00,Turbo Baccarat,telecho|nikoichi|P,1
2026-07-23 21:34:49,Speed Baccarat 1,niconico|dragon|B,1
2026-07-23 21:34:57,Speed Baccarat 12,telecho|telecho|B,1
2026-07-23 21:43:50,Speed Baccarat 18,telecho|telecho|B,0
2026-07-23 21:50:01,Thai Speed Baccarat 1,telecho|telecho|B,1
2026-07-23 21:52:53,STAKE SPEED BACCARAT,niconico|dragon|B,0
2026-07-23 21:55:24,Speed Baccarat 11,telecho|telecho|B,0
2026-07-23 22:06:13,Korean Speed Baccarat 1,niconico|nikoichi|P,0
2026-07-23 22:10:39,Korean Speed Baccarat 3,telecho|telecho|B,0
2026-07-23 22:39:25,Korean Baccarat 1,telecho|nikoichi|P,1
2026-07-23 22:44:12,Chinese Speed Baccarat 1,niconico|dragon|B,1
2026-07-23 22:50:12,Chinese Speed Baccarat 3,telecho|nikoichi|P,1
2026-07-23 22:58:48,Indonesian Speed Baccarat 1,telecho|telecho|B,0
2026-07-23 23:00:13,Korean Baccarat 2,niconico|dragon|B,0
2026-07-23 23:02:34,Thai Speed Baccarat 2,telecho|telecho|B,0
2026-07-23 23:03:11,Speed Baccarat 12,telecho|telecho|B,0
2026-07-23 23:10:22,Korean Turbo Baccarat 1,telecho|nikoichi|P,1
2026-07-23 23:22:18,HI LO BACCARAT,telecho|telecho|B,1
2026-07-23 23:32:57,Speed Baccarat 6,niconico|nikoichi|B,1
2026-07-23 23:37:55,Baccarat 3,niconico|nikoichi|B,0
2026-07-23 23:50:17,Japanese Speed Baccarat 1,niconico|dragon|B,1
2026-07-23 23:51:53,Speed Baccarat 8,niconico|dragon|B,0
2026-07-24 01:08:11,Korean Speed Baccarat 5,telecho|nikoichi|P,1
2026-07-24 01:29:50,Korean Baccarat 2,niconico|nikoichi|B,1
2026-07-24 01:31:42,Speed Baccarat 9,niconico|dragon|B,0
2026-07-24 01:32:04,Korean Turbo Baccarat 1,telecho|telecho|B,1
2026-07-24 01:41:36,STAKE SPEED BACCARAT,telecho|nikoichi|P,1
2026-07-24 01:42:11,Vietnamese Speed Baccarat 3,telecho|nikoichi|P,1
2026-07-24 01:57:01,Baccarat 3,telecho|telecho|B,0
2026-07-24 02:09:14,Speed Baccarat 2,niconico|nikoichi|B,0
2026-07-24 02:12:15,Fortune 6 Baccarat,niconico|dragon|B,1
2026-07-24 02:13:40,Vietnamese Speed Baccarat 1,niconico|dragon|B,1
2026-07-24 02:23:27,Vietnamese Speed Baccarat 1,niconico|dragon|B,1
2026-07-24 02:25:15,Korean Speed Baccarat 2,telecho|telecho|B,0
2026-07-24 02:29:26,Korean Speed Baccarat 2,niconico|nikoichi|B,0
2026-07-24 02:30:18,Speed Baccarat 12,telecho|telecho|B,0
2026-07-24 02:31:13,Vietnamese Speed Baccarat 2,niconico|nikoichi|B,1
2026-07-24 02:47:30,Speed Baccarat 5,telecho|telecho|B,0
2026-07-24 02:50:28,Thai Speed Baccarat 2,telecho|nikoichi|P,0
2026-07-24 02:56:18,Speed Baccarat 12,telecho|nikoichi|P,1
2026-07-24 03:10:00,Korean Turbo Baccarat 1,niconico|dragon|B,1
2026-07-24 03:16:04,Vietnamese Speed Baccarat 1,telecho|nikoichi|P,1
2026-07-24 03:25:11,Indonesian Speed Baccarat 1,telecho|telecho|B,0
2026-07-24 03:26:23,Korean Speed Baccarat 2,niconico|nikoichi|P,0
2026-07-24 03:31:27,Speed Baccarat 9,telecho|nikoichi|P,1
2026-07-24 03:42:01,Korean Speed Baccarat 1,niconico|dragon|B,1
2026-07-24 03:49:04,Japanese Speed Baccarat 1,telecho|telecho|B,0
2026-07-24 03:58:41,Baccarat 5,telecho|telecho|B,1
2026-07-24 03:58:48,Korean Speed Baccarat 2,telecho|nikoichi|P,0
2026-07-24 04:01:06,Super 8 Baccarat,niconico|dragon|B,1
2026-07-24 04:04:22,Indonesian Speed Baccarat 2,telecho|telecho|B,0
2026-07-24 04:07:49,Speed Baccarat 13,telecho|nikoichi|P,1
2026-07-24 04:07:58,HI LO BACCARAT,niconico|nikoichi|B,1
2026-07-24 04:12:25,Japanese Speed Baccarat 2,niconico|dragon|B,1
2026-07-24 04:41:29,Baccarat 1,telecho|telecho|B,0
2026-07-24 04:50:44,Speed Baccarat 12,telecho|telecho|B,1
2026-07-24 04:53:38,Indonesian Speed Baccarat 1,telecho|telecho|B,1
2026-07-24 04:59:58,Korean Speed Baccarat 2,telecho|nikoichi|P,1
2026-07-24 05:02:31,Korean Baccarat 1,niconico|dragon|B,1
2026-07-24 05:04:43,Korean Speed Baccarat 5,sansan|telecho|P,0
2026-07-24 05:12:08,Japanese Speed Baccarat 3,telecho|telecho|B,0
2026-07-24 05:15:54,Speed Baccarat 5,niconico|dragon|B,1
2026-07-24 05:39:10,Baccarat 5,niconico|nikoichi|B,1
2026-07-24 05:41:00,Speed Baccarat 13,telecho|nikoichi|P,0
2026-07-24 05:56:46,Japanese Speed Baccarat 1,telecho|telecho|B,1
2026-07-24 06:03:39,Speed Baccarat 11,niconico|dragon|B,1
2026-07-24 06:05:57,Thai Speed Baccarat 2,telecho|telecho|B,1
2026-07-24 06:18:39,Chinese Speed Baccarat 1,telecho|telecho|B,0
2026-07-24 06:20:46,Speed Baccarat 1,telecho|telecho|B,1
2026-07-24 06:22:17,Korean Baccarat 1,telecho|nikoichi|P,1
2026-07-24 06:26:16,Indonesian Speed Baccarat 1,telecho|telecho|B,1
2026-07-24 06:32:45,Korean Speed Baccarat 2,telecho|nikoichi|P,1
2026-07-24 06:35:18,Speed Baccarat 8,niconico|dragon|B,1
2026-07-24 07:04:05,Thai Speed Baccarat 2,niconico|nikoichi|B,0
2026-07-24 07:06:42,Speed Baccarat 13,niconico|dragon|B,1
2026-07-24 07:19:43,Turbo Baccarat,telecho|telecho|B,0
2026-07-24 07:20:27,Indonesian Speed Baccarat 1,telecho|nikoichi|P,1
2026-07-24 07:22:01,Korean Baccarat 2,niconico|nikoichi|P,0
2026-07-24 07:37:54,Speed Baccarat 13,sansan|telecho|P,1
2026-07-24 07:46:48,Baccarat 1,niconico|nikoichi|B,0
2026-07-24 07:48:01,Japanese Speed Baccarat 2,telecho|telecho|B,0
2026-07-24 07:55:26,Korean Speed Baccarat 3,telecho|telecho|B,1
2026-07-24 08:11:13,Vietnamese Speed Baccarat 3,telecho|nikoichi|P,1
2026-07-24 08:13:00,Baccarat 3,telecho|telecho|B,0
2026-07-24 08:15:18,Chinese Speed Baccarat 1,telecho|nikoichi|P,0
2026-07-24 08:16:46,Korean Speed Baccarat 1,niconico|dragon|B,0
2026-07-24 08:17:17,Chinese Speed Baccarat 1,niconico|dragon|B,0
2026-07-24 08:26:04,Vietnamese Speed Baccarat 1,niconico|nikoichi|P,1
2026-07-24 08:26:49,Baccarat 1,niconico|dragon|B,0
2026-07-24 08:32:46,Thai Speed Baccarat 2,telecho|telecho|B,0
2026-07-24 08:34:18,Korean Baccarat 2,niconico|dragon|B,1
2026-07-24 08:34:35,Thai Speed Baccarat 2,telecho|telecho|B,1
2026-07-24 08:45:54,Japanese Speed Baccarat 2,telecho|nikoichi|P,0
2026-07-24 08:55:03,Baccarat 5,niconico|dragon|B,1
2026-07-24 08:55:43,Chinese Speed Baccarat 3,niconico|dragon|B,0
2026-07-24 09:03:26,Thai Speed Baccarat 2,telecho|telecho|B,1
2026-07-24 09:04:53,Chinese Speed Baccarat 2,telecho|telecho|B,1
2026-07-24 09:05:53,Korean Turbo Baccarat 1,telecho|telecho|B,1
2026-07-24 09:07:24,Korean Turbo Baccarat 1,telecho|nikoichi|P,0
2026-07-24 09:11:31,Vietnamese Speed Baccarat 3,telecho|telecho|B,1
2026-07-24 09:13:22,Speed Baccarat 6,sansan|telecho|P,0
2026-07-24 09:13:42,Korean Baccarat 2,telecho|nikoichi|P,1
2026-07-24 09:33:26,Korean Speed Baccarat 2,telecho|nikoichi|P,1
2026-07-24 09:33:49,Baccarat 2,telecho|telecho|B,1
2026-07-24 09:36:21,Korean Baccarat 1,telecho|telecho|B,0
2026-07-24 09:38:08,Korean Speed Baccarat 2,telecho|nikoichi|P,1
2026-07-24 09:39:11,Vietnamese Speed Baccarat 1,telecho|telecho|B,0
2026-07-24 09:41:06,Baccarat 1,niconico|nikoichi|B,1
2026-07-24 09:43:04,Speed Baccarat 15,telecho|nikoichi|P,0
2026-07-24 10:06:03,Baccarat 6,telecho|nikoichi|P,1
2026-07-24 10:13:56,Thai Baccarat 1,niconico|dragon|B,1
2026-07-24 10:32:44,Japanese Speed Baccarat 3,sansan|telecho|P,1
2026-07-24 10:34:22,Speed Baccarat 9,niconico|nikoichi|P,1
2026-07-24 10:38:07,Korean Baccarat 2,telecho|telecho|B,0
2026-07-24 10:38:19,Speed Baccarat 18,niconico|nikoichi|B,0
2026-07-24 10:43:42,Baccarat 5,telecho|nikoichi|P,1
2026-07-24 10:45:11,Baccarat 5,telecho|nikoichi|P,1
2026-07-24 10:46:10,Fortune 6 Baccarat,telecho|telecho|B,0
2026-07-24 10:46:55,Vietnamese Speed Baccarat 3,niconico|nikoichi|B,1
2026-07-24 10:49:24,Korean Turbo Baccarat 1,telecho|nikoichi|P,1
2026-07-24 10:54:00,Baccarat 2,telecho|telecho|B,0
2026-07-24 11:06:17,Speed Baccarat 9,niconico|dragon|B,1
2026-07-24 11:20:28,Indonesian Speed Baccarat 2,telecho|telecho|B,0
2026-07-24 11:55:17,Baccarat 5,telecho|telecho|B,1
2026-07-24 11:55:54,Japanese Speed Baccarat 2,telecho|telecho|B,1
2026-07-24 12:03:36,Speed Baccarat 9,telecho|telecho|B,0
2026-07-24 12:13:53,Baccarat 2,sansan|telecho|P,0
2026-07-24 12:16:51,Chinese Speed Baccarat 1,telecho|telecho|B,1
2026-07-24 12:18:16,Chinese Speed Baccarat 1,telecho|telecho|B,1
2026-07-24 12:20:00,Korean Speed Baccarat 5,sansan|telecho|P,0
2026-07-24 12:30:01,Chinese Speed Baccarat 3,niconico|nikoichi|P,1
2026-07-24 12:35:28,Speed Baccarat 9,telecho|telecho|B,0
2026-07-24 12:44:29,Turbo Baccarat,telecho|telecho|B,1
2026-07-24 12:50:52,Vietnamese Speed Baccarat 2,niconico|dragon|B,0
2026-07-24 12:51:45,Indonesian Speed Baccarat 2,telecho|nikoichi|P,0
2026-07-24 13:39:36,Speed Baccarat 16,sansan|telecho|P,1
2026-07-24 13:45:53,Japanese Speed Baccarat 1,niconico|dragon|B,1
2026-07-24 13:49:03,Baccarat 9,telecho|nikoichi|P,0
2026-07-24 13:51:23,Indonesian Speed Baccarat 2,telecho|nikoichi|P,0
2026-07-24 13:53:10,Speed Baccarat 5,telecho|telecho|B,1
2026-07-24 13:56:13,Speed Baccarat 3,telecho|nikoichi|P,1
2026-07-24 14:00:31,Baccarat 2,telecho|telecho|B,1
2026-07-24 14:19:00,Turbo Baccarat,telecho|telecho|B,0
2026-07-24 14:19:12,Indonesian Speed Baccarat 2,telecho|nikoichi|P,1
2026-07-24 14:25:06,Thai Speed Baccarat 1,telecho|telecho|B,1
2026-07-24 14:32:44,Japanese Speed Baccarat 3,telecho|nikoichi|P,1
2026-07-24 14:36:18,Baccarat 6,telecho|nikoichi|P,1
2026-07-24 14:44:43,Korean Turbo Baccarat 1,telecho|nikoichi|P,0
2026-07-24 15:06:36,Thai Baccarat 1,niconico|nikoichi|B,1
2026-07-24 15:41:07,Baccarat 6,niconico|nikoichi|P,1
2026-07-24 15:41:23,Chinese Speed Baccarat 2,telecho|nikoichi|P,1
2026-07-24 15:41:57,Korean Speed Baccarat 5,telecho|nikoichi|P,1
2026-07-24 15:42:32,Speed Baccarat 16,telecho|telecho|B,1
2026-07-24 15:42:49,Speed Baccarat 9,sansan|telecho|P,1
2026-07-24 15:50:18,Indonesian Speed Baccarat 2,niconico|nikoichi|P,1
2026-07-24 15:57:41,Speed Baccarat 8,telecho|telecho|B,0
2026-07-24 16:07:03,Speed Baccarat 18,telecho|telecho|B,0
2026-07-24 16:08:19,Japanese Speed Baccarat 3,telecho|telecho|B,1
2026-07-24 16:08:25,Speed Baccarat 16,niconico|dragon|B,0
2026-07-24 16:08:36,Korean Baccarat 1,niconico|nikoichi|P,0
2026-07-24 16:14:48,Vietnamese Speed Baccarat 3,telecho|telecho|B,1
2026-07-24 16:17:27,Speed Baccarat 16,niconico|dragon|B,1
2026-07-24 16:22:37,Chinese Speed Baccarat 1,niconico|nikoichi|B,0
2026-07-24 16:24:23,Speed Baccarat 11,sansan|telecho|P,0
2026-07-24 16:26:14,Speed Baccarat 8,telecho|nikoichi|P,1
2026-07-24 16:36:36,Speed Baccarat 17,niconico|nikoichi|P,1
2026-07-24 17:02:36,Indonesian Speed Baccarat 1,telecho|telecho|B,1
2026-07-24 17:03:42,Baccarat 5,niconico|nikoichi|B,1
2026-07-24 17:05:26,Korean Turbo Baccarat 1,niconico|dragon|B,0
2026-07-24 17:07:44,Chinese Speed Baccarat 3,niconico|dragon|B,0
2026-07-24 17:07:58,Baccarat 5,niconico|nikoichi|B,1
2026-07-24 17:09:15,Turbo Baccarat,telecho|nikoichi|P,0
2026-07-24 17:33:20,Baccarat 1,niconico|dragon|B,1
2026-07-24 17:41:14,Chinese Speed Baccarat 2,telecho|telecho|B,0
2026-07-24 17:45:36,Speed Baccarat 15,telecho|nikoichi|P,0
2026-07-24 17:47:12,Speed Baccarat 12,niconico|dragon|B,1
2026-07-24 18:05:13,Korean Speed Baccarat 3,telecho|telecho|B,1
2026-07-24 18:12:37,Korean Speed Baccarat 2,telecho|nikoichi|P,0
2026-07-24 18:13:09,Japanese Speed Baccarat 3,telecho|telecho|B,0
2026-07-24 18:28:06,Speed Baccarat 13,niconico|nikoichi|B,1
2026-07-24 18:28:29,Speed Baccarat 13,niconico|nikoichi|P,1
2026-07-24 18:46:49,Japanese Speed Baccarat 3,telecho|telecho|B,0
2026-07-24 18:51:56,Speed Baccarat 6,niconico|nikoichi|B,0
2026-07-24 18:55:01,Baccarat 5,niconico|nikoichi|P,0
2026-07-24 18:58:08,Speed Baccarat 8,telecho|nikoichi|P,0
2026-07-24 18:58:23,Korean Speed Baccarat 3,telecho|telecho|B,1
2026-07-24 19:10:30,Fortune 6 Baccarat,telecho|telecho|B,1
2026-07-24 19:13:45,Speed Baccarat 9,telecho|telecho|B,1
2026-07-24 19:36:43,Chinese Speed Baccarat 3,niconico|nikoichi|P,0
2026-07-24 19:39:35,Speed Baccarat 15,niconico|nikoichi|P,0
2026-07-24 19:45:47,Korean Speed Baccarat 2,niconico|nikoichi|B,0
2026-07-24 20:08:44,Thai Baccarat 1,niconico|dragon|B,1
2026-07-24 20:14:34,Korean Turbo Baccarat 1,sansan|telecho|P,1
2026-07-24 20:15:02,Speed Baccarat 9,telecho|nikoichi|P,0
2026-07-24 20:20:17,Speed Baccarat 12,niconico|dragon|B,0
2026-07-24 20:38:30,Chinese Speed Baccarat 3,niconico|nikoichi|P,0
2026-07-24 21:02:30,Japanese Speed Baccarat 2,telecho|telecho|B,0
2026-07-24 21:06:08,Japanese Speed Baccarat 2,niconico|dragon|B,0
2026-07-24 21:19:24,Speed Baccarat 3,sansan|telecho|P,0
2026-07-24 21:22:10,Vietnamese Speed Baccarat 2,niconico|dragon|B,0
2026-07-24 21:23:38,Vietnamese Speed Baccarat 1,telecho|telecho|B,0
2026-07-24 21:26:39,Korean Speed Baccarat 1,telecho|telecho|B,0
2026-07-24 21:34:26,STAKE SPEED BACCARAT,telecho|telecho|B,0
2026-07-24 21:38:02,Speed Baccarat 5,telecho|telecho|B,1
2026-07-24 21:38:46,Speed Baccarat 5,telecho|telecho|B,1
2026-07-24 21:39:14,Speed Baccarat 15,telecho|nikoichi|P,0
2026-07-24 22:00:08,Korean Speed Baccarat 1,telecho|nikoichi|P,0
2026-07-24 22:02:02,Baccarat 5,telecho|telecho|B,1
2026-07-24 23:06:02,Baccarat 9,niconico|dragon|B,0
2026-07-24 23:06:14,Speed Baccarat 15,telecho|telecho|B,0
2026-07-24 23:07:21,Baccarat 6,niconico|dragon|B,1
2026-07-24 23:12:22,Speed Baccarat 12,telecho|telecho|B,0
2026-07-24 23:23:23,Korean Baccarat 2,niconico|nikoichi|B,1
2026-07-24 23:27:11,Japanese Speed Baccarat 1,telecho|telecho|B,1
2026-07-24 23:28:47,Speed Baccarat 9,niconico|nikoichi|B,1
2026-07-24 23:29:52,Speed Baccarat 9,niconico|dragon|B,0
2026-07-24 23:32:31,Fortune 6 Baccarat,telecho|telecho|B,0
2026-07-24 23:37:36,Thai Speed Baccarat 1,niconico|dragon|B,0
2026-07-24 23:42:55,Baccarat 1,telecho|nikoichi|P,0
2026-07-24 23:44:56,Korean Baccarat 1,sansan|telecho|P,0
2026-07-24 23:52:25,Vietnamese Speed Baccarat 2,telecho|nikoichi|P,1
2026-07-25 00:16:01,Baccarat 6,telecho|telecho|B,0
2026-07-25 00:22:45,Vietnamese Speed Baccarat 2,telecho|nikoichi|P,0
2026-07-25 00:29:12,Korean Speed Baccarat 1,telecho|nikoichi|P,0
2026-07-25 00:29:54,Korean Speed Baccarat 1,telecho|telecho|B,1
2026-07-25 00:30:42,Korean Turbo Baccarat 1,niconico|dragon|B,1
2026-07-25 00:47:31,Speed Baccarat 3,niconico|nikoichi|B,0
2026-07-25 00:47:44,Super 8 Baccarat,niconico|dragon|B,1
2026-07-25 01:02:21,Baccarat 2,telecho|telecho|B,0
2026-07-25 01:03:14,Korean Speed Baccarat 1,telecho|telecho|B,0
2026-07-25 01:30:54,Chinese Speed Baccarat 1,niconico|nikoichi|B,1
2026-07-25 01:37:37,Turbo Baccarat,niconico|nikoichi|B,1
2026-07-25 01:41:25,Japanese Speed Baccarat 2,telecho|nikoichi|P,0
2026-07-25 01:52:11,Speed Baccarat 13,telecho|telecho|B,0
2026-07-25 02:39:48,Korean Speed Baccarat 3,telecho|telecho|B,0
2026-07-25 02:41:34,Baccarat 9,niconico|nikoichi|B,1
2026-07-25 02:41:42,Speed Baccarat 5,niconico|dragon|B,0
2026-07-25 03:05:54,Speed Baccarat 12,telecho|telecho|B,1
2026-07-25 03:13:44,Speed Baccarat 13,telecho|nikoichi|P,0
2026-07-25 03:30:25,Baccarat 3,telecho|nikoichi|P,0
2026-07-25 03:48:17,STAKE SPEED BACCARAT,telecho|nikoichi|P,0
2026-07-25 03:49:57,Vietnamese Speed Baccarat 3,niconico|nikoichi|B,0
2026-07-25 03:57:43,Speed Baccarat 16,telecho|telecho|B,1
2026-07-25 04:05:41,Thai Baccarat 1,telecho|telecho|B,0
2026-07-25 05:15:50,Speed Baccarat 1,sansan|telecho|P,1
2026-07-25 05:27:18,Chinese Speed Baccarat 1,telecho|telecho|B,0
2026-07-25 05:32:08,Korean Turbo Baccarat 1,telecho|telecho|B,1
2026-07-25 05:44:42,Speed Baccarat 15,telecho|telecho|B,1
2026-07-25 05:46:57,STAKE SPEED BACCARAT,niconico|dragon|B,1
2026-07-25 06:01:38,Fortune 6 Baccarat,niconico|nikoichi|B,0
2026-07-25 06:13:24,Baccarat 5,niconico|nikoichi|P,0
2026-07-25 06:18:27,Indonesian Speed Baccarat 1,niconico|nikoichi|P,0
2026-07-25 06:32:17,Speed Baccarat 2,niconico|dragon|B,1
2026-07-25 06:43:32,Korean Speed Baccarat 2,niconico|nikoichi|P,0
2026-07-25 06:49:16,Korean Baccarat 1,niconico|dragon|B,1
2026-07-25 06:58:43,Japanese Speed Baccarat 3,sansan|telecho|P,0
2026-07-25 07:01:16,Baccarat 5,niconico|nikoichi|P,1
2026-07-25 07:05:46,Chinese Speed Baccarat 3,telecho|telecho|B,1
2026-07-25 07:31:50,Speed Baccarat 12,niconico|nikoichi|B,1
2026-07-25 07:32:12,Speed Baccarat 12,telecho|nikoichi|P,1
2026-07-25 07:37:54,Speed Baccarat 15,telecho|nikoichi|P,1
2026-07-25 07:42:44,Turbo Baccarat,telecho|nikoichi|P,1
2026-07-25 07:52:45,Indonesian Speed Baccarat 2,niconico|dragon|B,1
2026-07-25 08:04:58,Baccarat 5,niconico|dragon|B,0
2026-07-25 08:15:40,Speed Baccarat 11,telecho|telecho|B,1
2026-07-25 08:20:04,Fortune 6 Baccarat,telecho|telecho|B,0
2026-07-25 08:47:25,Speed Baccarat 5,niconico|dragon|B,1
2026-07-25 09:09:43,Thai Speed Baccarat 1,niconico|dragon|B,0
2026-07-25 09:38:08,Chinese Speed Baccarat 2,telecho|nikoichi|P,1
2026-07-25 09:50:20,Korean Turbo Baccarat 1,niconico|dragon|B,0
2026-07-25 10:20:26,Korean Turbo Baccarat 1,telecho|telecho|B,0
2026-07-25 10:23:46,Thai Speed Baccarat 2,niconico|dragon|B,0
2026-07-25 10:32:45,Speed Baccarat 2,telecho|nikoichi|P,0
2026-07-25 11:00:08,Thai Speed Baccarat 1,telecho|nikoichi|P,1
2026-07-25 11:07:17,Thai Speed Baccarat 1,niconico|dragon|B,0
2026-07-25 11:31:47,Vietnamese Speed Baccarat 2,telecho|telecho|B,0
2026-07-25 11:34:49,Korean Speed Baccarat 5,niconico|dragon|B,0
2026-07-25 11:35:47,Baccarat 3,niconico|dragon|B,0
2026-07-25 11:42:09,Korean Speed Baccarat 1,telecho|telecho|B,1
2026-07-25 11:45:41,Korean Baccarat 2,niconico|dragon|B,1
2026-07-25 11:51:50,Baccarat 5,telecho|telecho|B,0
2026-07-25 12:01:14,Speed Baccarat 2,niconico|nikoichi|B,0
2026-07-25 12:13:29,Thai Speed Baccarat 2,niconico|nikoichi|B,1
2026-07-25 12:14:01,Speed Baccarat 6,telecho|telecho|B,0
2026-07-25 12:35:44,Speed Baccarat 1,niconico|nikoichi|P,0
2026-07-25 12:53:14,Baccarat 3,niconico|nikoichi|P,1
2026-07-25 12:57:27,Korean Speed Baccarat 2,telecho|nikoichi|P,0
2026-07-25 13:14:13,Baccarat 1,niconico|dragon|B,0
2026-07-25 13:28:26,Japanese Speed Baccarat 3,niconico|dragon|B,0
2026-07-25 13:29:59,Thai Speed Baccarat 1,telecho|telecho|B,0
2026-07-25 13:47:57,Vietnamese Speed Baccarat 3,niconico|nikoichi|B,0
2026-07-25 14:05:16,Speed Baccarat 5,telecho|telecho|B,1
2026-07-25 14:07:16,Speed Baccarat 9,niconico|nikoichi|B,1
2026-07-25 14:08:57,Speed Baccarat 16,telecho|nikoichi|P,1
2026-07-25 14:12:17,Chinese Speed Baccarat 3,niconico|dragon|B,1
2026-07-25 14:19:24,Speed Baccarat 8,niconico|dragon|B,1
2026-07-25 14:31:36,Vietnamese Speed Baccarat 2,telecho|telecho|B,0
2026-07-25 14:51:17,Speed Baccarat 12,niconico|dragon|B,0
2026-07-25 15:10:01,Chinese Speed Baccarat 3,telecho|nikoichi|P,1
2026-07-25 15:19:07,Speed Baccarat 15,telecho|nikoichi|P,0
2026-07-25 15:20:23,Baccarat 2,niconico|dragon|B,0
2026-07-25 15:25:52,Baccarat 3,telecho|telecho|B,1
2026-07-25 15:35:33,Chinese Speed Baccarat 1,niconico|dragon|B,1
2026-07-25 15:39:56,Speed Baccarat 3,telecho|nikoichi|P,0
2026-07-25 15:40:48,Speed Baccarat 5,telecho|telecho|B,1
2026-07-25 15:43:01,Speed Baccarat 3,niconico|dragon|B,1
2026-07-25 15:43:58,Indonesian Speed Baccarat 1,niconico|dragon|B,0
2026-07-25 15:44:15,Vietnamese Speed Baccarat 2,telecho|telecho|B,1
2026-07-25 15:49:55,Indonesian Speed Baccarat 2,niconico|dragon|B,0
2026-07-25 15:54:59,Baccarat 2,telecho|telecho|B,0
2026-07-25 16:06:03,Fortune 6 Baccarat,telecho|nikoichi|P,1
2026-07-25 16:06:15,Chinese Speed Baccarat 1,telecho|telecho|B,1
2026-07-25 16:07:07,Speed Baccarat 17,niconico|dragon|B,1
2026-07-25 16:11:06,Chinese Speed Baccarat 1,telecho|telecho|B,1
2026-07-25 16:30:18,Speed Baccarat 2,telecho|nikoichi|P,0
2026-07-25 16:36:30,Korean Speed Baccarat 1,niconico|dragon|B,1
2026-07-25 16:45:43,Chinese Speed Baccarat 2,niconico|nikoichi|B,1
2026-07-25 16:47:33,Korean Speed Baccarat 5,telecho|telecho|B,0
2026-07-25 17:00:54,Vietnamese Speed Baccarat 1,sansan|telecho|P,1
2026-07-25 17:09:28,Chinese Speed Baccarat 3,niconico|dragon|B,0
2026-07-25 17:10:44,Korean Baccarat 1,telecho|telecho|B,0
2026-07-25 17:11:41,Fortune 6 Baccarat,telecho|telecho|B,1
2026-07-25 17:17:00,Speed Baccarat 8,telecho|telecho|B,1
2026-07-25 17:22:16,Chinese Speed Baccarat 2,telecho|telecho|B,1
2026-07-25 17:27:22,Vietnamese Speed Baccarat 1,niconico|nikoichi|B,0
2026-07-25 17:28:32,Japanese Speed Baccarat 3,telecho|telecho|B,0
2026-07-25 17:34:59,Chinese Speed Baccarat 1,telecho|telecho|B,0
2026-07-25 17:42:44,Fortune 6 Baccarat,niconico|dragon|B,0
2026-07-25 17:48:17,Korean Speed Baccarat 3,telecho|telecho|B,1
2026-07-25 17:49:31,Korean Speed Baccarat 3,telecho|telecho|B,1
2026-07-25 17:58:05,Japanese Speed Baccarat 3,telecho|nikoichi|P,1
2026-07-25 18:03:38,Super 8 Baccarat,telecho|nikoichi|P,0
2026-07-25 18:40:58,Speed Baccarat 3,telecho|telecho|B,1
2026-07-25 18:41:04,Speed Baccarat 13,niconico|dragon|B,0
2026-07-25 18:45:52,Korean Speed Baccarat 3,telecho|nikoichi|P,0
2026-07-25 18:46:00,Korean Speed Baccarat 5,niconico|nikoichi|P,0
2026-07-25 18:59:24,Speed Baccarat 9,telecho|telecho|B,1
2026-07-25 19:06:35,Fortune 6 Baccarat,niconico|dragon|B,1
2026-07-25 19:11:17,Chinese Speed Baccarat 1,telecho|telecho|B,0
2026-07-25 19:25:05,Japanese Speed Baccarat 1,telecho|telecho|B,1
2026-07-25 19:30:30,Speed Baccarat 2,niconico|nikoichi|P,0
2026-07-25 19:32:27,Super 8 Baccarat,telecho|telecho|B,0
2026-07-25 19:34:27,Korean Baccarat 1,telecho|telecho|B,1
2026-07-25 19:39:55,Speed Baccarat 13,niconico|dragon|B,0
2026-07-25 19:42:42,Chinese Speed Baccarat 1,telecho|telecho|B,1
2026-07-25 19:44:49,Thai Baccarat 1,niconico|nikoichi|B,0
2026-07-25 19:45:04,Vietnamese Speed Baccarat 2,niconico|nikoichi|B,0
2026-07-25 19:47:48,Korean Baccarat 2,telecho|telecho|B,1
2026-07-25 19:49:23,Baccarat 3,telecho|telecho|B,1
2026-07-25 19:57:48,Baccarat 5,niconico|nikoichi|P,1
2026-07-25 20:00:41,Speed Baccarat 2,niconico|nikoichi|P,0
2026-07-25 20:01:34,Speed Baccarat 16,niconico|nikoichi|B,0
2026-07-25 20:06:07,Super 8 Baccarat,niconico|dragon|B,1
2026-07-25 20:10:41,Korean Turbo Baccarat 1,niconico|dragon|B,1
2026-07-25 20:13:11,Baccarat 7,niconico|nikoichi|P,1
2026-07-25 20:16:51,Speed Baccarat 18,telecho|telecho|B,0
2026-07-25 20:17:08,Chinese Speed Baccarat 3,sansan|telecho|P,1
2026-07-25 20:30:14,Japanese Speed Baccarat 1,telecho|nikoichi|P,0
2026-07-25 20:32:58,Baccarat 5,telecho|nikoichi|P,0
2026-07-25 20:38:40,Speed Baccarat 3,telecho|nikoichi|P,0
2026-07-25 20:39:23,Speed Baccarat 3,telecho|telecho|B,1
2026-07-25 20:43:25,Speed Baccarat 12,niconico|dragon|B,0
2026-07-25 20:48:06,Speed Baccarat 11,niconico|dragon|B,1
2026-07-25 20:48:13,Baccarat 9,niconico|dragon|B,1
2026-07-25 20:48:20,Baccarat 2,niconico|dragon|B,0
2026-07-25 20:51:41,Korean Speed Baccarat 3,niconico|nikoichi|P,1
2026-07-25 20:51:59,Baccarat 1,telecho|telecho|B,0
2026-07-25 20:55:46,Thai Baccarat 1,niconico|dragon|B,1
2026-07-25 21:00:29,Fortune 6 Baccarat,niconico|nikoichi|P,1
2026-07-25 21:03:58,Speed Baccarat 2,telecho|nikoichi|P,1
2026-07-25 21:04:53,Speed Baccarat 17,telecho|telecho|B,1
2026-07-25 21:10:25,Speed Baccarat 8,telecho|telecho|B,0
2026-07-25 21:30:55,Vietnamese Speed Baccarat 1,telecho|nikoichi|P,1
2026-07-25 21:36:45,Speed Baccarat 2,niconico|dragon|B,1
2026-07-25 21:44:26,Indonesian Speed Baccarat 2,telecho|nikoichi|P,1
2026-07-25 21:45:23,Chinese Speed Baccarat 3,telecho|nikoichi|P,1
2026-07-25 21:51:54,Baccarat 9,telecho|telecho|B,0
2026-07-25 21:53:43,Korean Turbo Baccarat 1,telecho|nikoichi|P,1
2026-07-25 22:11:57,Korean Speed Baccarat 5,telecho|nikoichi|P,1
2026-07-25 22:32:06,Vietnamese Speed Baccarat 1,niconico|dragon|B,0
2026-07-25 22:43:56,Korean Baccarat 1,telecho|telecho|B,0
2026-07-25 22:49:26,Korean Speed Baccarat 3,telecho|telecho|B,0
2026-07-25 22:52:07,Thai Baccarat 1,niconico|nikoichi|P,0
2026-07-25 22:54:24,Chinese Speed Baccarat 2,niconico|nikoichi|P,0
2026-07-25 23:13:14,Baccarat 2,telecho|nikoichi|P,1
2026-07-25 23:22:26,Speed Baccarat 16,telecho|telecho|B,0
2026-07-25 23:22:48,Japanese Speed Baccarat 2,sansan|telecho|P,0
2026-07-25 23:35:15,Speed Baccarat 6,niconico|nikoichi|P,0
2026-07-25 23:40:36,Speed Baccarat 18,telecho|telecho|B,1
2026-07-25 23:53:16,Vietnamese Speed Baccarat 2,niconico|dragon|B,0
2026-07-26 00:15:01,Korean Baccarat 2,telecho|telecho|B,1
2026-07-26 00:15:58,Indonesian Speed Baccarat 2,niconico|dragon|B,0
2026-07-26 00:17:05,Korean Turbo Baccarat 1,niconico|dragon|B,1
2026-07-26 00:21:31,Korean Speed Baccarat 5,telecho|telecho|B,1
2026-07-26 00:23:34,Korean Speed Baccarat 3,telecho|telecho|B,1
2026-07-26 00:31:03,Fortune 6 Baccarat,niconico|nikoichi|B,0
2026-07-26 00:31:13,Korean Speed Baccarat 3,telecho|nikoichi|P,0
2026-07-26 00:36:58,Speed Baccarat 11,telecho|nikoichi|P,0
2026-07-26 00:46:09,Speed Baccarat 16,niconico|nikoichi|P,0
2026-07-26 00:58:05,Indonesian Speed Baccarat 1,telecho|telecho|B,0
2026-07-26 01:10:19,Vietnamese Speed Baccarat 3,telecho|nikoichi|P,0
2026-07-26 01:10:58,Speed Baccarat 15,niconico|dragon|B,0
2026-07-26 01:23:03,Japanese Speed Baccarat 2,sansan|telecho|P,0
2026-07-26 01:41:45,Speed Baccarat 11,niconico|nikoichi|B,0
2026-07-26 01:56:42,Speed Baccarat 2,niconico|nikoichi|B,1
2026-07-26 01:57:02,Speed Baccarat 2,niconico|nikoichi|P,1
2026-07-26 02:06:32,Korean Turbo Baccarat 1,telecho|telecho|B,0
2026-07-26 02:20:21,Chinese Speed Baccarat 1,telecho|telecho|B,0
2026-07-26 02:47:12,Korean Baccarat 2,telecho|nikoichi|P,1
2026-07-26 02:50:19,Korean Baccarat 2,telecho|telecho|B,1
2026-07-26 02:50:28,Chinese Speed Baccarat 3,telecho|telecho|B,0
2026-07-26 03:19:26,Korean Turbo Baccarat 1,niconico|dragon|B,0
2026-07-26 03:42:45,Korean Turbo Baccarat 1,telecho|telecho|B,0
2026-07-26 03:52:47,Chinese Speed Baccarat 3,telecho|telecho|B,1
2026-07-26 04:03:49,Speed Baccarat 18,niconico|nikoichi|B,0
2026-07-26 04:06:37,Baccarat 5,niconico|dragon|B,0
2026-07-26 04:14:30,Baccarat 2,telecho|nikoichi|P,1
2026-07-26 04:22:27,Chinese Speed Baccarat 1,telecho|nikoichi|P,0
2026-07-26 04:29:16,Speed Baccarat 6,telecho|telecho|B,1
2026-07-26 04:29:54,Speed Baccarat 12,telecho|nikoichi|P,1
2026-07-26 04:51:48,Thai Speed Baccarat 1,telecho|telecho|B,0
2026-07-26 05:12:16,Korean Speed Baccarat 2,niconico|nikoichi|B,1
2026-07-26 05:18:53,Super 8 Baccarat,telecho|telecho|B,1
2026-07-26 05:19:10,Thai Speed Baccarat 1,telecho|nikoichi|P,1
2026-07-26 05:23:54,Indonesian Speed Baccarat 1,niconico|nikoichi|P,0
2026-07-26 05:24:02,Baccarat 9,telecho|telecho|B,1
2026-07-26 05:35:02,Baccarat 3,niconico|dragon|B,1
2026-07-26 05:36:32,Baccarat 6,niconico|nikoichi|B,1
2026-07-26 05:41:47,Thai Baccarat 1,telecho|telecho|B,1
2026-07-26 05:46:03,Speed Baccarat 13,telecho|telecho|B,1
2026-07-26 06:10:19,Speed Baccarat 8,telecho|telecho|B,1
2026-07-26 06:13:31,Korean Speed Baccarat 2,niconico|dragon|B,1
2026-07-26 06:22:30,Speed Baccarat 6,telecho|nikoichi|P,1
2026-07-26 06:28:34,Korean Speed Baccarat 3,telecho|telecho|B,0
2026-07-26 06:46:32,Baccarat 2,telecho|nikoichi|P,0
2026-07-26 06:57:12,Speed Baccarat 12,niconico|nikoichi|B,0
2026-07-26 06:58:48,Speed Baccarat 6,telecho|telecho|B,1
2026-07-26 07:00:48,Korean Speed Baccarat 3,telecho|telecho|B,1
2026-07-26 07:03:05,Korean Speed Baccarat 3,telecho|nikoichi|P,0
2026-07-26 07:22:10,Speed Baccarat 13,niconico|nikoichi|P,0
2026-07-26 07:23:42,Baccarat 6,telecho|nikoichi|P,0
2026-07-26 07:41:16,Thai Speed Baccarat 1,telecho|nikoichi|P,1
2026-07-26 07:46:58,Baccarat 5,telecho|telecho|B,0
2026-07-26 07:49:31,Baccarat 5,niconico|dragon|B,1
2026-07-26 08:08:14,Thai Speed Baccarat 1,telecho|telecho|B,1
2026-07-26 08:11:41,Vietnamese Speed Baccarat 3,telecho|nikoichi|P,0
2026-07-26 08:13:59,STAKE SPEED BACCARAT,telecho|nikoichi|P,1
2026-07-26 08:23:30,Speed Baccarat 1,niconico|nikoichi|P,1
2026-07-26 08:34:55,Speed Baccarat 11,niconico|nikoichi|B,0
2026-07-26 08:42:42,Korean Baccarat 2,niconico|dragon|B,1
2026-07-26 08:53:21,Speed Baccarat 15,telecho|nikoichi|P,1
2026-07-26 08:58:01,Chinese Speed Baccarat 1,niconico|nikoichi|B,0
2026-07-26 09:13:58,Indonesian Speed Baccarat 1,telecho|telecho|B,0
2026-07-26 09:16:33,Speed Baccarat 12,telecho|telecho|B,0
2026-07-26 09:19:50,Chinese Speed Baccarat 3,telecho|telecho|B,1
2026-07-26 09:22:20,STAKE SPEED BACCARAT,niconico|nikoichi|B,1
2026-07-26 09:25:02,Speed Baccarat 11,telecho|telecho|B,1
2026-07-26 09:36:06,Korean Baccarat 1,telecho|nikoichi|P,1
2026-07-26 10:03:27,Korean Turbo Baccarat 1,telecho|nikoichi|P,0
2026-07-26 10:44:36,Japanese Speed Baccarat 1,telecho|telecho|B,1
2026-07-26 10:54:22,Speed Baccarat 13,telecho|telecho|B,1
2026-07-26 11:00:43,Speed Baccarat 15,telecho|nikoichi|P,0
2026-07-26 11:07:30,Vietnamese Speed Baccarat 3,niconico|nikoichi|P,1
2026-07-26 11:12:27,Indonesian Speed Baccarat 2,telecho|nikoichi|P,0
2026-07-26 11:17:30,Japanese Speed Baccarat 1,niconico|dragon|B,1
2026-07-26 11:28:28,Speed Baccarat 15,niconico|dragon|B,1
2026-07-26 11:52:24,Indonesian Speed Baccarat 2,niconico|nikoichi|B,1
2026-07-26 11:52:42,Speed Baccarat 8,sansan|telecho|P,0
2026-07-26 12:17:50,Korean Speed Baccarat 1,niconico|nikoichi|P,0
2026-07-26 12:41:45,Korean Baccarat 2,niconico|dragon|B,0
2026-07-26 12:46:45,Speed Baccarat 1,telecho|nikoichi|P,1
2026-07-26 12:50:35,Speed Baccarat 5,telecho|nikoichi|P,0
2026-07-26 12:52:04,Korean Speed Baccarat 2,niconico|nikoichi|P,0
2026-07-26 13:09:36,Fortune 6 Baccarat,niconico|dragon|B,0
2026-07-26 13:12:55,Speed Baccarat 1,telecho|telecho|B,1
2026-07-26 13:18:28,Speed Baccarat 5,niconico|dragon|B,1
2026-07-26 13:22:37,Indonesian Speed Baccarat 2,telecho|telecho|B,1
2026-07-26 13:30:35,Speed Baccarat 16,telecho|telecho|B,1
2026-07-26 13:47:10,Baccarat 1,telecho|telecho|B,0
2026-07-26 13:48:23,Thai Speed Baccarat 2,niconico|nikoichi|B,1
2026-07-26 13:48:29,Turbo Baccarat,niconico|dragon|B,0
2026-07-26 13:48:51,Baccarat 1,telecho|nikoichi|P,1
2026-07-26 13:49:04,Speed Baccarat 1,telecho|telecho|B,0
2026-07-26 14:01:02,Vietnamese Speed Baccarat 1,telecho|telecho|B,1
2026-07-26 14:09:52,Speed Baccarat 17,niconico|nikoichi|P,0
2026-07-26 14:17:25,Thai Speed Baccarat 2,niconico|dragon|B,1
2026-07-26 14:17:51,Speed Baccarat 5,telecho|telecho|B,1
2026-07-26 14:18:40,Speed Baccarat 5,telecho|telecho|B,1
2026-07-26 14:22:42,Korean Speed Baccarat 2,niconico|nikoichi|P,1
2026-07-26 14:24:34,Speed Baccarat 8,telecho|nikoichi|P,0
2026-07-26 14:27:33,Korean Speed Baccarat 2,niconico|dragon|B,1
2026-07-26 14:37:20,Speed Baccarat 6,telecho|telecho|B,1
2026-07-26 14:45:23,Speed Baccarat 1,telecho|telecho|B,1
2026-07-26 14:46:40,STAKE SPEED BACCARAT,telecho|telecho|B,0
2026-07-26 14:49:59,Japanese Speed Baccarat 3,niconico|nikoichi|P,1
2026-07-26 14:53:56,Japanese Speed Baccarat 1,telecho|nikoichi|P,1
2026-07-26 14:59:25,Japanese Speed Baccarat 1,telecho|nikoichi|P,1
2026-07-26 15:33:16,Chinese Speed Baccarat 1,niconico|dragon|B,0
2026-07-26 15:51:13,Korean Turbo Baccarat 1,telecho|telecho|B,1
2026-07-26 15:51:32,Korean Baccarat 2,niconico|nikoichi|B,0
2026-07-26 15:59:42,Speed Baccarat 11,telecho|telecho|B,1
2026-07-26 16:02:01,Turbo Baccarat,telecho|telecho|B,0
2026-07-26 16:11:44,Speed Baccarat 17,telecho|telecho|B,0
2026-07-26 16:12:46,Thai Speed Baccarat 2,telecho|nikoichi|P,1
2026-07-26 16:21:27,Speed Baccarat 15,telecho|nikoichi|P,0
2026-07-26 16:27:36,Speed Baccarat 3,telecho|nikoichi|P,1
2026-07-26 16:40:38,Fortune 6 Baccarat,telecho|telecho|B,0
2026-07-26 16:55:41,Korean Speed Baccarat 1,telecho|telecho|B,1
2026-07-26 16:59:22,Thai Baccarat 1,telecho|telecho|B,1
2026-07-26 17:07:53,Speed Baccarat 9,telecho|nikoichi|P,0
2026-07-26 17:22:49,Speed Baccarat 8,telecho|nikoichi|P,0
2026-07-26 17:26:27,Speed Baccarat 6,telecho|telecho|B,0
2026-07-26 17:28:31,Speed Baccarat 3,telecho|nikoichi|P,0
2026-07-26 17:36:19,Speed Baccarat 16,telecho|nikoichi|P,0
2026-07-26 17:41:21,Baccarat 5,telecho|telecho|B,0
2026-07-26 17:42:13,Thai Speed Baccarat 1,telecho|telecho|B,1
2026-07-26 17:43:30,Speed Baccarat 5,niconico|nikoichi|P,0
2026-07-26 17:44:13,Speed Baccarat 5,telecho|telecho|B,1
2026-07-26 18:02:32,Fortune 6 Baccarat,telecho|telecho|B,1
2026-07-26 18:03:40,Fortune 6 Baccarat,telecho|telecho|B,0
2026-07-26 18:06:34,Speed Baccarat 12,telecho|telecho|B,0
2026-07-26 18:07:00,Fortune 6 Baccarat,telecho|telecho|B,1
2026-07-26 18:09:05,Baccarat 1,telecho|telecho|B,0
2026-07-26 18:09:21,Speed Baccarat 12,niconico|dragon|B,1
2026-07-26 18:10:22,Thai Speed Baccarat 1,niconico|dragon|B,0
2026-07-26 18:13:18,Korean Baccarat 1,niconico|dragon|B,0
2026-07-26 18:13:59,Speed Baccarat 5,sansan|telecho|P,0
2026-07-26 18:18:07,Japanese Speed Baccarat 3,telecho|telecho|B,0
2026-07-26 18:19:50,Korean Baccarat 2,telecho|telecho|B,1
2026-07-26 18:22:01,Super 8 Baccarat,telecho|telecho|B,0
2026-07-26 18:22:31,Japanese Speed Baccarat 2,telecho|telecho|B,0
2026-07-26 18:25:23,Vietnamese Speed Baccarat 2,niconico|nikoichi|B,0
2026-07-26 18:27:14,Japanese Speed Baccarat 1,niconico|nikoichi|P,0
2026-07-26 18:36:43,Baccarat 6,telecho|telecho|B,0
2026-07-26 18:40:38,Speed Baccarat 12,telecho|nikoichi|P,1
2026-07-26 18:47:53,Baccarat 3,niconico|dragon|B,1
2026-07-26 18:51:57,Super 8 Baccarat,niconico|nikoichi|P,1
2026-07-26 18:53:41,Vietnamese Speed Baccarat 2,niconico|nikoichi|P,1
2026-07-26 19:05:36,Korean Turbo Baccarat 1,telecho|nikoichi|P,1
2026-07-26 19:10:53,Speed Baccarat 5,telecho|telecho|B,0
2026-07-26 19:17:37,Baccarat 7,telecho|nikoichi|P,1
2026-07-26 19:20:13,Super 8 Baccarat,telecho|telecho|B,0
2026-07-26 19:23:38,Vietnamese Speed Baccarat 3,niconico|dragon|B,1
2026-07-26 19:30:08,Turbo Baccarat,telecho|telecho|B,0
2026-07-26 19:31:55,Fortune 6 Baccarat,telecho|telecho|B,1
2026-07-26 19:50:05,Speed Baccarat 8,telecho|telecho|B,1
2026-07-26 20:00:55,Korean Baccarat 1,sansan|telecho|P,1
2026-07-26 20:14:58,Korean Speed Baccarat 3,niconico|nikoichi|P,1
2026-07-26 20:23:19,Speed Baccarat 15,niconico|dragon|B,0
2026-07-26 20:38:11,Indonesian Speed Baccarat 2,niconico|nikoichi|P,0
2026-07-26 20:39:20,Vietnamese Speed Baccarat 2,telecho|telecho|B,0
2026-07-26 20:41:05,Turbo Baccarat,telecho|nikoichi|P,0
2026-07-26 20:51:57,Japanese Speed Baccarat 2,niconico|dragon|B,0
2026-07-26 21:02:04,Speed Baccarat 3,sansan|telecho|P,0
2026-07-26 21:15:11,Speed Baccarat 6,telecho|telecho|B,1
2026-07-26 21:20:30,Indonesian Speed Baccarat 1,telecho|telecho|B,1
2026-07-26 21:23:42,Thai Baccarat 1,niconico|dragon|B,1
2026-07-26 21:38:12,Chinese Speed Baccarat 1,telecho|telecho|B,0
2026-07-26 21:51:26,Speed Baccarat 15,telecho|telecho|B,1
2026-07-26 21:54:35,STAKE SPEED BACCARAT,telecho|nikoichi|P,1
2026-07-26 22:11:44,Chinese Speed Baccarat 2,telecho|nikoichi|P,1
2026-07-26 22:21:23,Fortune 6 Baccarat,niconico|nikoichi|B,0
2026-07-26 22:28:15,Vietnamese Speed Baccarat 2,telecho|nikoichi|P,0
2026-07-26 22:47:04,Speed Baccarat 1,telecho|nikoichi|P,0
2026-07-26 22:52:26,Speed Baccarat 18,telecho|nikoichi|P,1
2026-07-26 22:52:32,Korean Baccarat 2,niconico|dragon|B,1
2026-07-26 23:04:55,Speed Baccarat 3,niconico|nikoichi|B,0
2026-07-26 23:17:41,Korean Speed Baccarat 3,telecho|nikoichi|P,1
2026-07-26 23:18:03,Korean Speed Baccarat 3,niconico|nikoichi|B,0
2026-07-26 23:18:23,Speed Baccarat 15,telecho|telecho|B,0
2026-07-26 23:23:49,Speed Baccarat 11,telecho|nikoichi|P,0
2026-07-26 23:27:58,Korean Turbo Baccarat 1,telecho|telecho|B,1
2026-07-26 23:31:29,Korean Baccarat 2,niconico|dragon|B,0
2026-07-26 23:31:37,Speed Baccarat 12,sansan|telecho|P,0
2026-07-26 23:33:27,Indonesian Speed Baccarat 2,telecho|nikoichi|P,0
2026-07-26 23:45:34,Chinese Speed Baccarat 2,niconico|dragon|B,1
2026-07-26 23:53:31,Thai Speed Baccarat 2,sansan|telecho|P,0
2026-07-27 00:01:33,Speed Baccarat 16,telecho|telecho|B,1
2026-07-27 00:20:14,Korean Speed Baccarat 5,niconico|nikoichi|B,0
2026-07-27 00:20:33,Speed Baccarat 2,telecho|nikoichi|P,1
2026-07-27 00:27:36,Speed Baccarat 12,telecho|nikoichi|P,0
2026-07-27 00:28:13,Baccarat 1,niconico|nikoichi|B,1
2026-07-27 00:36:37,Speed Baccarat 5,telecho|telecho|B,0
2026-07-27 00:40:07,Speed Baccarat 8,telecho|telecho|B,1
2026-07-27 00:46:50,Baccarat 6,telecho|telecho|B,1
2026-07-27 00:46:56,Speed Baccarat 9,telecho|nikoichi|P,0
2026-07-27 00:51:38,STAKE SPEED BACCARAT,niconico|nikoichi|B,0
2026-07-27 01:00:15,Turbo Baccarat,telecho|nikoichi|P,0
2026-07-27 01:01:29,Speed Baccarat 5,telecho|nikoichi|P,0
2026-07-27 01:04:12,Korean Turbo Baccarat 1,telecho|telecho|B,1
2026-07-27 01:09:47,Speed Baccarat 8,telecho|telecho|B,1
2026-07-27 01:17:22,Speed Baccarat 1,telecho|nikoichi|P,1
2026-07-27 01:22:57,Speed Baccarat 2,telecho|telecho|B,0
2026-07-27 01:38:58,Super 8 Baccarat,telecho|telecho|B,1
2026-07-27 01:48:45,STAKE SPEED BACCARAT,telecho|telecho|B,0
2026-07-27 01:50:11,Japanese Speed Baccarat 1,telecho|telecho|B,0
2026-07-27 01:50:44,Thai Speed Baccarat 2,niconico|dragon|B,1
2026-07-27 02:06:27,Vietnamese Speed Baccarat 3,telecho|telecho|B,0
2026-07-27 02:30:30,Baccarat 2,telecho|telecho|B,0
2026-07-27 02:42:16,Korean Baccarat 2,niconico|dragon|B,0
2026-07-27 02:50:07,Vietnamese Speed Baccarat 1,telecho|telecho|B,1
2026-07-27 02:57:46,Indonesian Speed Baccarat 2,telecho|telecho|B,0
2026-07-27 02:58:12,Baccarat 6,telecho|nikoichi|P,0
2026-07-27 03:00:39,Speed Baccarat 12,niconico|dragon|B,0
2026-07-27 03:06:57,Speed Baccarat 5,telecho|telecho|B,1
2026-07-27 03:07:27,Speed Baccarat 15,sansan|telecho|P,1
2026-07-27 03:09:17,Korean Turbo Baccarat 1,telecho|nikoichi|P,0
2026-07-27 03:21:56,Speed Baccarat 12,telecho|telecho|B,1
2026-07-27 03:28:58,Korean Speed Baccarat 1,telecho|telecho|B,1
2026-07-27 03:48:07,Thai Speed Baccarat 2,niconico|nikoichi|B,1
2026-07-27 03:49:18,Speed Baccarat 8,telecho|telecho|B,0
2026-07-27 04:00:00,Korean Speed Baccarat 2,niconico|dragon|B,0
2026-07-27 04:10:18,Baccarat 1,telecho|telecho|B,0
2026-07-27 04:13:31,Korean Baccarat 1,telecho|telecho|B,1
2026-07-27 04:15:59,Speed Baccarat 1,telecho|telecho|B,1
2026-07-27 04:21:58,Speed Baccarat 12,telecho|nikoichi|P,1
2026-07-27 04:35:49,Baccarat 6,telecho|telecho|B,1
2026-07-27 04:47:04,Baccarat 1,telecho|telecho|B,0
2026-07-27 04:50:50,Vietnamese Speed Baccarat 1,telecho|nikoichi|P,1
2026-07-27 04:57:45,Speed Baccarat 2,telecho|nikoichi|P,0
2026-07-27 05:07:36,Baccarat 9,telecho|telecho|B,0
2026-07-27 05:09:03,Speed Baccarat 11,niconico|dragon|B,1
2026-07-27 05:10:00,Japanese Speed Baccarat 3,niconico|dragon|B,1
2026-07-27 05:13:38,Thai Speed Baccarat 1,niconico|nikoichi|P,0
2026-07-27 05:22:43,Baccarat 3,telecho|telecho|B,0
2026-07-27 05:32:35,Korean Speed Baccarat 2,telecho|telecho|B,0
2026-07-27 05:43:26,Korean Speed Baccarat 1,telecho|nikoichi|P,1
2026-07-27 05:46:43,Baccarat 6,niconico|dragon|B,0
2026-07-27 05:51:54,STAKE SPEED BACCARAT,telecho|telecho|B,1
2026-07-27 05:53:02,Speed Baccarat 13,niconico|nikoichi|P,0
2026-07-27 05:53:47,Speed Baccarat 1,telecho|nikoichi|P,1
2026-07-27 06:06:33,Indonesian Speed Baccarat 2,telecho|telecho|B,1
2026-07-27 06:14:14,Korean Turbo Baccarat 1,niconico|dragon|B,1
2026-07-27 06:32:19,Speed Baccarat 2,niconico|nikoichi|B,1
2026-07-27 06:40:08,STAKE SPEED BACCARAT,telecho|telecho|B,1
2026-07-27 06:47:38,Japanese Speed Baccarat 2,telecho|telecho|B,0
2026-07-27 06:56:45,Speed Baccarat 2,telecho|telecho|B,0
2026-07-27 06:58:14,Speed Baccarat 12,telecho|telecho|B,0
2026-07-27 07:09:10,STAKE SPEED BACCARAT,niconico|nikoichi|B,0
2026-07-27 07:09:52,Indonesian Speed Baccarat 1,telecho|telecho|B,0
2026-07-27 07:15:12,Speed Baccarat 1,telecho|telecho|B,0
2026-07-27 07:21:17,Korean Turbo Baccarat 1,telecho|nikoichi|P,0
2026-07-27 07:28:32,Vietnamese Speed Baccarat 2,niconico|nikoichi|P,1
2026-07-27 07:31:33,Baccarat 2,niconico|dragon|B,0
2026-07-27 07:42:03,Vietnamese Speed Baccarat 3,telecho|telecho|B,0
2026-07-27 07:48:18,Vietnamese Speed Baccarat 1,telecho|telecho|B,1
2026-07-27 07:58:04,Baccarat 3,niconico|dragon|B,0
2026-07-27 08:04:33,Korean Speed Baccarat 1,telecho|nikoichi|P,0
2026-07-27 08:07:11,Korean Turbo Baccarat 1,telecho|telecho|B,1
2026-07-27 08:19:26,STAKE SPEED BACCARAT,niconico|nikoichi|P,0
2026-07-27 08:19:36,Speed Baccarat 3,niconico|nikoichi|B,1
2026-07-27 08:24:40,Korean Speed Baccarat 5,telecho|nikoichi|P,0
2026-07-27 08:35:01,Speed Baccarat 18,niconico|nikoichi|P,0
2026-07-27 08:38:10,Speed Baccarat 9,niconico|dragon|B,1
2026-07-27 08:47:32,Speed Baccarat 3,niconico|dragon|B,0
2026-07-27 08:58:22,Speed Baccarat 8,sansan|telecho|P,1
2026-07-27 09:09:23,Thai Baccarat 1,telecho|telecho|B,0
2026-07-27 09:27:44,Chinese Speed Baccarat 2,telecho|telecho|B,1
2026-07-27 09:30:28,Chinese Speed Baccarat 2,telecho|nikoichi|P,0
2026-07-27 09:33:55,Indonesian Speed Baccarat 1,telecho|nikoichi|P,0
2026-07-27 09:54:26,Japanese Speed Baccarat 1,niconico|nikoichi|B,0
2026-07-27 09:55:48,Chinese Speed Baccarat 1,telecho|nikoichi|P,1
2026-07-27 10:02:00,Vietnamese Speed Baccarat 2,niconico|dragon|B,1
2026-07-27 10:04:40,Korean Speed Baccarat 1,telecho|telecho|B,0
2026-07-27 10:11:05,Speed Baccarat 18,niconico|nikoichi|P,1
2026-07-27 10:11:40,Fortune 6 Baccarat,niconico|dragon|B,0
2026-07-27 10:15:23,Vietnamese Speed Baccarat 1,telecho|telecho|B,1
2026-07-27 10:15:56,Speed Baccarat 18,niconico|dragon|B,0
2026-07-27 10:21:05,Japanese Speed Baccarat 2,telecho|nikoichi|P,1
2026-07-27 10:25:54,Korean Turbo Baccarat 1,telecho|nikoichi|P,1
2026-07-27 10:31:54,Korean Turbo Baccarat 1,telecho|telecho|B,0
2026-07-27 10:39:46,STAKE SPEED BACCARAT,niconico|dragon|B,0
2026-07-27 10:40:52,Turbo Baccarat,niconico|dragon|B,1
2026-07-27 10:43:55,Speed Baccarat 1,telecho|telecho|B,0
2026-07-27 10:47:40,Super 8 Baccarat,telecho|telecho|B,0
2026-07-27 10:58:43,Speed Baccarat 6,telecho|telecho|B,0
2026-07-27 11:00:54,Chinese Speed Baccarat 2,telecho|telecho|B,1
2026-07-27 11:01:53,Speed Baccarat 12,niconico|dragon|B,1
2026-07-27 11:03:21,Chinese Speed Baccarat 2,telecho|nikoichi|P,0
2026-07-27 11:34:16,Speed Baccarat 9,telecho|telecho|B,0
2026-07-27 11:43:04,Speed Baccarat 3,niconico|nikoichi|P,0
2026-07-27 11:44:57,Speed Baccarat 11,telecho|nikoichi|P,1
2026-07-27 11:52:22,Baccarat 2,telecho|nikoichi|P,1
2026-07-27 12:00:24,Korean Turbo Baccarat 1,niconico|dragon|B,1
2026-07-27 12:06:55,Korean Speed Baccarat 3,niconico|nikoichi|P,0
2026-07-27 12:07:52,Chinese Speed Baccarat 2,sansan|telecho|P,0
2026-07-27 12:15:50,Speed Baccarat 11,niconico|nikoichi|P,1
2026-07-27 12:21:04,Super 8 Baccarat,telecho|telecho|B,0
2026-07-27 12:26:25,Speed Baccarat 6,telecho|telecho|B,1
2026-07-27 12:35:11,Speed Baccarat 9,telecho|telecho|B,1
2026-07-27 12:46:45,Japanese Speed Baccarat 2,telecho|nikoichi|P,1
2026-07-27 12:52:20,Super 8 Baccarat,telecho|telecho|B,0
2026-07-27 13:02:14,Speed Baccarat 12,telecho|telecho|B,0
2026-07-27 13:05:53,STAKE SPEED BACCARAT,telecho|nikoichi|P,1
2026-07-27 13:11:42,Korean Speed Baccarat 3,telecho|telecho|B,0
2026-07-27 13:14:08,Korean Turbo Baccarat 1,telecho|telecho|B,0
2026-07-27 13:28:17,Super 8 Baccarat,niconico|dragon|B,1
2026-07-27 13:32:06,Speed Baccarat 12,telecho|telecho|B,1
2026-07-27 13:32:29,Speed Baccarat 17,niconico|nikoichi|P,0
2026-07-27 13:33:44,Indonesian Speed Baccarat 2,telecho|telecho|B,0
2026-07-27 13:36:08,Baccarat 5,telecho|telecho|B,1
2026-07-27 13:39:09,Baccarat 5,telecho|nikoichi|P,0
2026-07-27 13:47:33,Korean Baccarat 2,telecho|telecho|B,1
2026-07-27 13:51:31,Turbo Baccarat,niconico|dragon|B,0
2026-07-27 14:09:04,Speed Baccarat 11,telecho|telecho|B,0
2026-07-27 14:09:52,Vietnamese Speed Baccarat 3,telecho|telecho|B,1
2026-07-27 14:13:39,Baccarat 9,telecho|telecho|B,0
2026-07-27 14:14:13,Vietnamese Speed Baccarat 1,telecho|telecho|B,1
2026-07-27 14:16:27,Thai Speed Baccarat 2,telecho|nikoichi|P,1
2026-07-27 14:31:47,Korean Turbo Baccarat 1,niconico|dragon|B,1
2026-07-27 14:34:56,Vietnamese Speed Baccarat 3,telecho|nikoichi|P,0
2026-07-27 14:43:42,Thai Speed Baccarat 1,telecho|telecho|B,1
2026-07-27 14:44:54,Thai Speed Baccarat 1,telecho|telecho|B,1
2026-07-27 14:45:38,Thai Speed Baccarat 1,telecho|telecho|B,0
2026-07-27 14:54:40,Korean Turbo Baccarat 1,telecho|telecho|B,0
2026-07-27 14:58:05,Japanese Speed Baccarat 1,telecho|telecho|B,1
2026-07-27 14:58:51,Super 8 Baccarat,niconico|dragon|B,0
2026-07-27 15:00:34,Korean Speed Baccarat 5,telecho|telecho|B,1
2026-07-27 15:04:15,Fortune 6 Baccarat,telecho|nikoichi|P,1
2026-07-27 15:05:06,Super 8 Baccarat,niconico|dragon|B,0
2026-07-27 15:08:23,Speed Baccarat 16,telecho|nikoichi|P,0
2026-07-27 15:36:09,Korean Baccarat 1,niconico|dragon|B,0
2026-07-27 15:37:50,Speed Baccarat 11,niconico|dragon|B,0
2026-07-27 15:39:13,Speed Baccarat 1,telecho|telecho|B,1
2026-07-27 15:51:38,Speed Baccarat 5,telecho|telecho|B,1
2026-07-27 16:03:11,Speed Baccarat 13,niconico|dragon|B,0
2026-07-27 16:04:42,Speed Baccarat 16,telecho|telecho|B,1
2026-07-27 16:05:06,Vietnamese Speed Baccarat 3,telecho|nikoichi|P,1
2026-07-27 16:07:42,Thai Speed Baccarat 2,niconico|dragon|B,1
2026-07-27 16:09:40,Fortune 6 Baccarat,telecho|telecho|B,1
2026-07-27 16:13:44,Korean Speed Baccarat 1,telecho|telecho|B,1
2026-07-27 16:41:53,Speed Baccarat 3,niconico|dragon|B,0
2026-07-27 16:50:37,Japanese Speed Baccarat 2,niconico|nikoichi|P,0
2026-07-27 17:06:46,Speed Baccarat 15,telecho|telecho|B,0
2026-07-27 17:36:23,Speed Baccarat 17,niconico|nikoichi|B,0
2026-07-27 18:23:34,Indonesian Speed Baccarat 1,telecho|nikoichi|P,1
2026-07-27 18:25:27,Speed Baccarat 18,niconico|nikoichi|P,0
2026-07-27 18:26:13,Speed Baccarat 6,niconico|dragon|B,0
2026-07-27 18:29:38,Indonesian Speed Baccarat 1,niconico|nikoichi|B,1
2026-07-27 18:32:07,Korean Speed Baccarat 3,niconico|dragon|B,1
2026-07-27 18:44:26,Korean Baccarat 1,telecho|nikoichi|P,1
2026-07-27 18:45:13,Baccarat 1,niconico|nikoichi|B,1
2026-07-27 18:46:51,Speed Baccarat 6,telecho|nikoichi|P,1
2026-07-27 19:10:39,Korean Speed Baccarat 5,niconico|nikoichi|P,0
2026-07-27 19:11:03,Thai Speed Baccarat 1,niconico|dragon|B,1
2026-07-27 19:24:14,Turbo Baccarat,niconico|dragon|B,0
2026-07-27 19:27:09,Baccarat 1,niconico|dragon|B,0
2026-07-27 19:38:52,Korean Baccarat 2,telecho|nikoichi|P,0
2026-07-27 19:43:30,Chinese Speed Baccarat 1,telecho|nikoichi|P,0
2026-07-27 19:44:26,Japanese Speed Baccarat 3,niconico|nikoichi|P,1
2026-07-27 19:46:33,Korean Speed Baccarat 3,niconico|dragon|B,1
2026-07-27 19:49:21,Japanese Speed Baccarat 3,niconico|dragon|B,0
2026-07-27 20:01:49,Baccarat 1,telecho|nikoichi|P,0
2026-07-27 20:02:29,Fortune 6 Baccarat,telecho|telecho|B,1
2026-07-27 20:10:16,Japanese Speed Baccarat 3,telecho|telecho|B,0
2026-07-27 20:26:21,Speed Baccarat 13,niconico|nikoichi|B,1
2026-07-27 20:27:07,Speed Baccarat 15,telecho|telecho|B,1
2026-07-27 20:30:01,Speed Baccarat 11,telecho|telecho|B,0
2026-07-27 20:32:40,Baccarat 5,telecho|telecho|B,1
2026-07-27 20:41:35,Baccarat 7,telecho|nikoichi|P,0
2026-07-27 20:47:55,Baccarat 6,telecho|nikoichi|P,0
2026-07-27 20:49:12,Speed Baccarat 8,telecho|telecho|B,1
2026-07-27 21:21:50,Speed Baccarat 8,niconico|dragon|B,1
2026-07-27 21:27:27,Speed Baccarat 11,telecho|telecho|B,1
2026-07-27 21:43:37,Vietnamese Speed Baccarat 3,niconico|dragon|B,0
2026-07-27 22:12:37,Speed Baccarat 3,telecho|nikoichi|P,0
2026-07-27 22:13:12,Japanese Speed Baccarat 2,niconico|nikoichi|B,0
2026-07-27 22:23:35,Speed Baccarat 5,niconico|nikoichi|B,0
2026-07-27 22:30:20,Indonesian Speed Baccarat 2,niconico|nikoichi|B,1
2026-07-27 22:31:29,Speed Baccarat 11,niconico|nikoichi|P,1
2026-07-27 22:35:31,Speed Baccarat 12,telecho|telecho|B,1
2026-07-27 22:44:16,Baccarat 6,telecho|nikoichi|P,1
2026-07-27 22:44:47,Thai Speed Baccarat 1,telecho|telecho|B,0
2026-07-27 22:48:49,Speed Baccarat 3,niconico|dragon|B,0
2026-07-27 22:48:55,Thai Baccarat 1,telecho|nikoichi|P,0
2026-07-27 22:56:27,Japanese Speed Baccarat 3,niconico|dragon|B,1
2026-07-27 22:58:25,Korean Baccarat 1,niconico|nikoichi|P,0
2026-07-27 23:02:08,Speed Baccarat 9,niconico|dragon|B,0
2026-07-27 23:11:47,Baccarat 9,telecho|telecho|B,1
2026-07-27 23:17:36,Speed Baccarat 13,telecho|telecho|B,0
2026-07-27 23:20:29,Thai Speed Baccarat 2,telecho|telecho|B,1
2026-07-27 23:22:46,Korean Baccarat 2,niconico|nikoichi|P,1
2026-07-27 23:41:56,Vietnamese Speed Baccarat 3,telecho|nikoichi|P,1
2026-07-27 23:51:43,Speed Baccarat 5,telecho|telecho|B,1
2026-07-27 23:59:05,Speed Baccarat 6,telecho|telecho|B,1
2026-07-28 00:02:13,Speed Baccarat 6,niconico|dragon|B,0
2026-07-28 00:18:37,STAKE SPEED BACCARAT,niconico|dragon|B,1
2026-07-28 00:20:38,Speed Baccarat 13,telecho|telecho|B,0
2026-07-28 00:31:20,Baccarat 6,telecho|telecho|B,1
2026-07-28 00:38:35,Thai Speed Baccarat 2,telecho|telecho|B,1
2026-07-28 00:41:29,Speed Baccarat 3,telecho|telecho|B,1
2026-07-28 00:44:21,Speed Baccarat 1,niconico|dragon|B,0
2026-07-28 00:54:02,Korean Speed Baccarat 1,telecho|telecho|B,0
2026-07-28 00:55:42,Indonesian Speed Baccarat 2,niconico|dragon|B,0
2026-07-28 00:56:43,Speed Baccarat 8,telecho|nikoichi|P,1
2026-07-28 01:03:26,Speed Baccarat 18,telecho|telecho|B,1
2026-07-28 01:11:52,Korean Turbo Baccarat 1,niconico|dragon|B,1
2026-07-28 01:16:55,Japanese Speed Baccarat 2,telecho|telecho|B,0
2026-07-28 01:32:54,Korean Speed Baccarat 3,telecho|nikoichi|P,0
2026-07-28 01:47:02,Fortune 6 Baccarat,telecho|nikoichi|P,0
2026-07-28 01:47:20,Speed Baccarat 3,telecho|telecho|B,1
2026-07-28 01:54:41,Japanese Speed Baccarat 3,telecho|nikoichi|P,1
2026-07-28 01:55:38,Korean Turbo Baccarat 1,niconico|dragon|B,0
2026-07-28 02:01:09,Korean Speed Baccarat 2,telecho|telecho|B,1
2026-07-28 02:02:07,Thai Speed Baccarat 1,telecho|telecho|B,1
2026-07-28 02:02:17,Baccarat 2,telecho|telecho|B,1
2026-07-28 02:09:07,Super 8 Baccarat,niconico|nikoichi|B,0
2026-07-28 02:21:43,Japanese Speed Baccarat 3,telecho|telecho|B,1
2026-07-28 02:27:47,Thai Speed Baccarat 1,telecho|telecho|B,1
2026-07-28 02:28:27,Speed Baccarat 5,niconico|nikoichi|P,1
2026-07-28 03:07:59,Speed Baccarat 2,telecho|nikoichi|P,1
2026-07-28 03:08:17,Speed Baccarat 9,telecho|telecho|B,1
2026-07-28 03:14:22,Baccarat 9,niconico|nikoichi|B,0
2026-07-28 03:17:03,Baccarat 2,niconico|nikoichi|P,0
2026-07-28 03:18:46,Speed Baccarat 13,niconico|dragon|B,0
2026-07-28 03:37:38,Speed Baccarat 2,telecho|nikoichi|P,0
2026-07-28 03:40:38,Korean Speed Baccarat 2,niconico|dragon|B,1
2026-07-28 03:55:37,Speed Baccarat 3,telecho|telecho|B,0
2026-07-28 03:56:16,Baccarat 2,niconico|dragon|B,1
2026-07-28 04:02:15,Speed Baccarat 18,telecho|nikoichi|P,0
2026-07-28 04:03:34,Korean Speed Baccarat 3,niconico|dragon|B,0
2026-07-28 04:06:52,Speed Baccarat 2,niconico|nikoichi|P,0
2026-07-28 04:07:34,Speed Baccarat 2,telecho|telecho|B,0
2026-07-28 04:13:34,Super 8 Baccarat,telecho|nikoichi|P,0
2026-07-28 04:17:38,Chinese Speed Baccarat 2,niconico|dragon|B,0
2026-07-28 04:18:13,Korean Turbo Baccarat 1,telecho|nikoichi|P,1
2026-07-28 04:19:49,Indonesian Speed Baccarat 2,telecho|telecho|B,1
2026-07-28 04:21:24,Thai Speed Baccarat 1,telecho|nikoichi|P,1
2026-07-28 04:22:56,Fortune 6 Baccarat,telecho|telecho|B,1
2026-07-28 04:26:25,Speed Baccarat 13,telecho|telecho|B,0
2026-07-28 04:30:23,Japanese Speed Baccarat 2,telecho|telecho|B,0
2026-07-28 04:37:47,STAKE SPEED BACCARAT,niconico|dragon|B,1
2026-07-28 05:00:09,Vietnamese Speed Baccarat 2,niconico|dragon|B,0
2026-07-28 05:07:23,Korean Speed Baccarat 1,niconico|dragon|B,1
2026-07-28 05:09:50,Thai Baccarat 1,telecho|nikoichi|P,1
2026-07-28 05:17:31,Japanese Speed Baccarat 1,telecho|telecho|B,0
2026-07-28 05:39:44,Baccarat 2,telecho|telecho|B,0
2026-07-28 05:57:53,Speed Baccarat 18,niconico|dragon|B,0
2026-07-28 06:17:04,Baccarat 1,telecho|nikoichi|P,1
2026-07-28 06:19:47,Vietnamese Speed Baccarat 3,niconico|nikoichi|P,1
2026-07-28 06:31:00,Vietnamese Speed Baccarat 2,niconico|dragon|B,0
2026-07-28 06:44:28,Indonesian Speed Baccarat 1,telecho|telecho|B,0
2026-07-28 07:06:01,Korean Turbo Baccarat 1,telecho|telecho|B,1
2026-07-28 07:19:16,Japanese Speed Baccarat 1,telecho|nikoichi|P,1
2026-07-28 07:28:24,Baccarat 2,niconico|nikoichi|P,1
2026-07-28 07:30:19,Japanese Speed Baccarat 2,niconico|dragon|B,1
2026-07-28 07:34:31,Baccarat 2,niconico|dragon|B,1
2026-07-28 07:34:45,Japanese Speed Baccarat 3,telecho|telecho|B,1
2026-07-28 07:41:52,Thai Speed Baccarat 2,niconico|dragon|B,1
2026-07-28 07:51:27,Speed Baccarat 18,niconico|dragon|B,0
2026-07-28 07:52:36,Korean Turbo Baccarat 1,telecho|nikoichi|P,0
2026-07-28 07:59:00,Speed Baccarat 2,telecho|telecho|B,1
2026-07-28 08:07:49,Fortune 6 Baccarat,telecho|telecho|B,1
2026-07-28 08:35:47,Speed Baccarat 9,sansan|telecho|P,1
2026-07-28 08:36:37,Baccarat 6,telecho|telecho|B,1
2026-07-28 08:55:38,Vietnamese Speed Baccarat 2,niconico|nikoichi|B,0
2026-07-28 09:04:50,Fortune 6 Baccarat,telecho|telecho|B,1
2026-07-28 09:07:18,Baccarat 5,telecho|telecho|B,0
2026-07-28 09:18:31,Vietnamese Speed Baccarat 3,niconico|nikoichi|B,0
2026-07-28 09:18:49,Turbo Baccarat,telecho|nikoichi|P,0
2026-07-28 09:21:27,Chinese Speed Baccarat 2,telecho|nikoichi|P,1
2026-07-28 09:28:43,Speed Baccarat 9,telecho|nikoichi|P,1
2026-07-28 09:31:08,Speed Baccarat 2,niconico|nikoichi|B,0
2026-07-28 09:42:07,Speed Baccarat 13,telecho|nikoichi|P,1
2026-07-28 09:48:47,Speed Baccarat 18,telecho|telecho|B,1
2026-07-28 09:50:21,Speed Baccarat 18,telecho|telecho|B,0
2026-07-28 09:58:54,STAKE SPEED BACCARAT,niconico|dragon|B,1
2026-07-28 10:05:24,Turbo Baccarat,telecho|telecho|B,0
2026-07-28 10:06:00,Vietnamese Speed Baccarat 2,telecho|telecho|B,1
2026-07-28 10:12:58,Korean Baccarat 2,telecho|telecho|B,0
2026-07-28 10:15:48,Korean Speed Baccarat 5,telecho|telecho|B,0
2026-07-28 10:28:30,Vietnamese Speed Baccarat 2,niconico|dragon|B,1
2026-07-28 10:47:55,Korean Baccarat 2,telecho|telecho|B,0
2026-07-28 10:56:31,Fortune 6 Baccarat,telecho|telecho|B,1
2026-07-28 11:11:34,Turbo Baccarat,niconico|dragon|B,1
2026-07-28 11:12:39,Speed Baccarat 5,telecho|nikoichi|P,0
2026-07-28 11:16:38,Chinese Speed Baccarat 1,telecho|nikoichi|P,1
2026-07-28 11:17:30,Speed Baccarat 18,niconico|dragon|B,0
2026-07-28 11:24:26,Chinese Speed Baccarat 2,sansan|telecho|P,1
2026-07-28 11:30:08,Korean Baccarat 2,niconico|nikoichi|P,0
2026-07-28 11:32:11,Baccarat 1,telecho|telecho|B,0
2026-07-28 11:41:59,Baccarat 6,niconico|nikoichi|B,1
2026-07-28 11:53:28,Chinese Speed Baccarat 1,niconico|dragon|B,1
2026-07-28 11:56:25,Fortune 6 Baccarat,niconico|nikoichi|B,1
2026-07-28 11:56:44,Fortune 6 Baccarat,telecho|nikoichi|P,0
2026-07-28 12:30:46,Speed Baccarat 2,niconico|dragon|B,1
2026-07-28 12:31:42,Chinese Speed Baccarat 2,niconico|nikoichi|P,0
2026-07-28 12:45:17,Korean Baccarat 2,niconico|nikoichi|B,1
2026-07-28 12:47:03,Korean Speed Baccarat 3,telecho|telecho|B,1
2026-07-28 12:47:17,Speed Baccarat 18,niconico|dragon|B,0
2026-07-28 12:51:51,Baccarat 6,niconico|nikoichi|B,0
2026-07-28 12:53:54,Korean Speed Baccarat 5,niconico|dragon|B,0
2026-07-28 13:05:17,Chinese Speed Baccarat 3,niconico|dragon|B,1
2026-07-28 13:20:21,Thai Speed Baccarat 2,telecho|telecho|B,0
2026-07-28 13:22:21,Speed Baccarat 2,niconico|dragon|B,0
2026-07-28 13:23:43,Vietnamese Speed Baccarat 2,telecho|telecho|B,0
2026-07-28 13:37:58,Speed Baccarat 3,niconico|dragon|B,1
2026-07-28 13:47:12,Korean Speed Baccarat 3,telecho|nikoichi|P,0
2026-07-28 13:54:03,Speed Baccarat 18,niconico|nikoichi|B,0
2026-07-28 13:59:04,Chinese Speed Baccarat 3,niconico|nikoichi|B,0
2026-07-28 14:08:43,Baccarat 5,telecho|telecho|B,0
2026-07-28 14:36:19,Speed Baccarat 18,telecho|telecho|B,0
2026-07-28 14:36:26,Speed Baccarat 17,telecho|telecho|B,1
2026-07-28 14:46:07,Indonesian Speed Baccarat 2,telecho|telecho|B,0
2026-07-28 14:49:32,Vietnamese Speed Baccarat 1,telecho|telecho|B,1
2026-07-28 14:50:32,Japanese Speed Baccarat 1,telecho|telecho|B,0
2026-07-28 15:10:36,Speed Baccarat 18,telecho|nikoichi|P,0
2026-07-28 15:16:09,Korean Speed Baccarat 2,niconico|dragon|B,1
2026-07-28 15:18:29,Baccarat 2,telecho|telecho|B,1
2026-07-28 15:36:22,Speed Baccarat 8,telecho|nikoichi|P,1
2026-07-28 15:37:58,Speed Baccarat 6,telecho|nikoichi|P,1
2026-07-28 15:48:54,Speed Baccarat 2,telecho|telecho|B,0
2026-07-28 15:53:33,Chinese Speed Baccarat 1,niconico|dragon|B,0
2026-07-28 15:53:58,Baccarat 6,sansan|telecho|P,1
2026-07-28 16:03:52,Turbo Baccarat,telecho|nikoichi|P,1
2026-07-28 16:08:56,Super 8 Baccarat,niconico|nikoichi|P,1
2026-07-28 16:18:25,Speed Baccarat 2,telecho|telecho|B,1
2026-07-28 16:19:01,Vietnamese Speed Baccarat 1,telecho|telecho|B,0
2026-07-28 16:19:19,Japanese Speed Baccarat 3,niconico|nikoichi|P,1
2026-07-28 16:24:51,Vietnamese Speed Baccarat 1,telecho|telecho|B,1
2026-07-28 16:25:40,Korean Speed Baccarat 5,niconico|dragon|B,0
2026-07-28 16:41:52,Fortune 6 Baccarat,telecho|nikoichi|P,0
2026-07-28 16:46:39,Indonesian Speed Baccarat 2,telecho|nikoichi|P,0
2026-07-28 16:47:57,Speed Baccarat 9,niconico|dragon|B,1
2026-07-28 16:52:25,Speed Baccarat 9,niconico|nikoichi|P,0
2026-07-28 16:55:23,Thai Baccarat 1,telecho|nikoichi|P,1
2026-07-28 16:56:43,Thai Baccarat 1,telecho|nikoichi|P,0
2026-07-28 17:03:28,Speed Baccarat 17,telecho|telecho|B,0
2026-07-28 17:04:37,Speed Baccarat 13,telecho|telecho|B,1
2026-07-28 17:11:54,Thai Speed Baccarat 1,telecho|telecho|B,0
2026-07-28 17:23:11,Thai Speed Baccarat 2,telecho|telecho|B,1
2026-07-28 17:34:42,Thai Baccarat 1,telecho|telecho|B,0
2026-07-28 17:43:56,Thai Speed Baccarat 1,niconico|dragon|B,0
2026-07-28 17:46:26,Korean Baccarat 1,niconico|dragon|B,1
2026-07-28 17:46:49,Vietnamese Speed Baccarat 1,telecho|telecho|B,1
2026-07-28 17:47:18,Speed Baccarat 8,niconico|dragon|B,1
2026-07-28 17:50:58,Korean Speed Baccarat 1,telecho|telecho|B,1
2026-07-28 17:56:49,Speed Baccarat 16,telecho|nikoichi|P,0
2026-07-28 18:17:19,Indonesian Speed Baccarat 1,sansan|telecho|P,1
2026-07-28 18:23:20,Korean Speed Baccarat 3,telecho|telecho|B,0
2026-07-28 18:23:45,Korean Baccarat 2,niconico|nikoichi|B,0
2026-07-28 18:28:50,Speed Baccarat 16,niconico|dragon|B,1
2026-07-28 18:41:51,Turbo Baccarat,telecho|telecho|B,0
2026-07-28 18:45:47,Vietnamese Speed Baccarat 1,niconico|dragon|B,0
2026-07-28 18:48:54,Speed Baccarat 8,niconico|nikoichi|B,1
2026-07-28 18:56:56,Speed Baccarat 16,telecho|nikoichi|P,1
2026-07-28 19:15:38,Speed Baccarat 2,telecho|telecho|B,1
2026-07-28 19:21:36,Speed Baccarat 1,niconico|dragon|B,0
2026-07-28 19:40:56,Speed Baccarat 11,niconico|dragon|B,1
2026-07-28 19:46:52,Korean Baccarat 2,sansan|telecho|P,0
2026-07-28 20:00:18,Speed Baccarat 17,telecho|telecho|B,1
2026-07-28 20:04:06,Super 8 Baccarat,niconico|nikoichi|P,0
2026-07-28 20:08:30,Chinese Speed Baccarat 1,telecho|telecho|B,1
2026-07-28 20:11:07,STAKE SPEED BACCARAT,niconico|nikoichi|B,0
2026-07-28 20:13:09,Korean Speed Baccarat 2,telecho|telecho|B,1
2026-07-28 20:23:14,Speed Baccarat 12,telecho|nikoichi|P,0
2026-07-28 20:30:57,Korean Speed Baccarat 3,niconico|dragon|B,1
2026-07-28 20:34:50,Speed Baccarat 11,telecho|nikoichi|P,0
2026-07-28 20:38:14,Thai Baccarat 1,telecho|telecho|B,0
2026-07-28 20:44:04,Baccarat 5,niconico|nikoichi|B,0
2026-07-28 20:49:03,Speed Baccarat 1,telecho|telecho|B,0
2026-07-28 20:49:14,Baccarat 6,telecho|nikoichi|P,1
2026-07-28 21:14:48,Chinese Speed Baccarat 3,telecho|nikoichi|P,0
2026-07-28 21:20:46,Speed Baccarat 9,telecho|nikoichi|P,0
2026-07-28 21:27:58,Speed Baccarat 5,telecho|telecho|B,0
2026-07-28 22:01:33,Speed Baccarat 6,niconico|nikoichi|P,0
2026-07-28 22:10:16,Indonesian Speed Baccarat 1,telecho|telecho|B,0
2026-07-28 22:23:49,Speed Baccarat 6,niconico|nikoichi|P,1
2026-07-28 22:33:29,Speed Baccarat 9,telecho|nikoichi|P,0
2026-07-28 22:38:37,Chinese Speed Baccarat 1,telecho|telecho|B,0
2026-07-28 22:50:28,Korean Turbo Baccarat 1,telecho|telecho|B,0
2026-07-28 22:55:59,Speed Baccarat 16,telecho|telecho|B,1
2026-07-28 23:06:30,Japanese Speed Baccarat 1,telecho|nikoichi|P,1
2026-07-28 23:08:04,Speed Baccarat 2,telecho|nikoichi|P,1
2026-07-28 23:14:06,Vietnamese Speed Baccarat 1,telecho|telecho|B,0
2026-07-28 23:31:41,Korean Baccarat 2,telecho|telecho|B,0
2026-07-28 23:40:05,Indonesian Speed Baccarat 1,niconico|nikoichi|P,0
2026-07-28 23:51:38,Speed Baccarat 15,telecho|nikoichi|P,0
2026-07-28 23:51:45,Speed Baccarat 1,niconico|dragon|B,1
2026-07-29 00:20:32,Baccarat 1,niconico|dragon|B,0
2026-07-29 00:20:55,Speed Baccarat 3,telecho|telecho|B,1
2026-07-29 00:23:14,Fortune 6 Baccarat,niconico|nikoichi|P,1
2026-07-29 00:32:30,Baccarat 5,telecho|telecho|B,1
2026-07-29 00:32:38,Speed Baccarat 18,telecho|nikoichi|P,0
2026-07-29 00:46:50,Speed Baccarat 13,niconico|nikoichi|P,1
2026-07-29 00:51:25,Korean Speed Baccarat 5,telecho|telecho|B,1
2026-07-29 01:02:52,Baccarat 9,niconico|dragon|B,1
2026-07-29 01:03:39,STAKE SPEED BACCARAT,telecho|nikoichi|P,0
2026-07-29 01:14:32,Speed Baccarat 2,telecho|telecho|B,0
2026-07-29 01:14:47,Speed Baccarat 13,niconico|dragon|B,1
2026-07-29 01:16:44,Korean Speed Baccarat 1,telecho|nikoichi|P,0
2026-07-29 01:17:38,Thai Speed Baccarat 2,telecho|telecho|B,0
2026-07-29 01:19:41,Chinese Speed Baccarat 2,niconico|nikoichi|P,0
2026-07-29 01:33:25,Speed Baccarat 1,telecho|telecho|B,1
2026-07-29 01:34:59,Baccarat 9,telecho|nikoichi|P,0
2026-07-29 01:59:03,Korean Baccarat 1,niconico|dragon|B,0
2026-07-29 02:16:19,Baccarat 2,telecho|telecho|B,0
2026-07-29 02:17:39,Speed Baccarat 2,niconico|nikoichi|B,1
2026-07-29 02:46:39,Chinese Speed Baccarat 2,telecho|telecho|B,0
2026-07-29 02:55:20,Speed Baccarat 3,niconico|dragon|B,0
2026-07-29 03:01:14,Fortune 6 Baccarat,niconico|nikoichi|B,0
2026-07-29 03:05:23,Japanese Speed Baccarat 1,telecho|nikoichi|P,0
2026-07-29 03:07:52,Speed Baccarat 13,telecho|telecho|B,1
2026-07-29 03:39:07,Japanese Speed Baccarat 3,telecho|telecho|B,0
2026-07-29 03:57:53,Turbo Baccarat,telecho|telecho|B,1
2026-07-29 04:03:46,Indonesian Speed Baccarat 2,telecho|telecho|B,1
2026-07-29 04:07:02,Baccarat 5,telecho|telecho|B,0
2026-07-29 04:10:57,Indonesian Speed Baccarat 2,telecho|nikoichi|P,1
2026-07-29 04:17:50,Vietnamese Speed Baccarat 1,niconico|nikoichi|P,1
2026-07-29 04:25:37,Speed Baccarat 18,niconico|dragon|B,1
2026-07-29 04:27:25,Speed Baccarat 16,niconico|dragon|B,0
2026-07-29 04:30:46,Speed Baccarat 9,niconico|dragon|B,1
2026-07-29 04:39:50,Thai Baccarat 1,telecho|telecho|B,0
2026-07-29 04:57:57,Speed Baccarat 16,niconico|nikoichi|B,1
2026-07-29 04:59:02,Indonesian Speed Baccarat 1,telecho|telecho|B,1
2026-07-29 05:00:47,STAKE SPEED BACCARAT,niconico|dragon|B,0
2026-07-29 05:16:59,Baccarat 1,sansan|telecho|P,0
2026-07-29 05:25:28,Speed Baccarat 11,telecho|nikoichi|P,1
2026-07-29 05:31:26,STAKE SPEED BACCARAT,niconico|nikoichi|P,0
2026-07-29 05:50:11,Chinese Speed Baccarat 1,telecho|nikoichi|P,0
2026-07-29 05:50:49,Korean Speed Baccarat 1,telecho|telecho|B,0
2026-07-29 05:52:12,Korean Speed Baccarat 3,telecho|telecho|B,0
2026-07-29 06:08:04,Korean Speed Baccarat 2,telecho|nikoichi|P,0
2026-07-29 06:17:54,Korean Turbo Baccarat 1,telecho|telecho|B,1
2026-07-29 06:22:33,Japanese Speed Baccarat 2,niconico|nikoichi|B,0
2026-07-29 06:23:15,Vietnamese Speed Baccarat 2,sansan|telecho|P,0
2026-07-29 06:28:50,Thai Speed Baccarat 1,niconico|nikoichi|P,1
2026-07-29 06:29:08,Speed Baccarat 9,niconico|dragon|B,1
2026-07-29 06:32:39,Speed Baccarat 2,telecho|nikoichi|P,0
2026-07-29 06:34:07,Speed Baccarat 15,telecho|telecho|B,1
2026-07-29 06:50:48,Japanese Speed Baccarat 2,telecho|nikoichi|P,1
2026-07-29 06:53:17,Chinese Speed Baccarat 3,telecho|telecho|B,0
2026-07-29 07:03:41,Speed Baccarat 9,niconico|nikoichi|P,1
2026-07-29 07:16:31,Vietnamese Speed Baccarat 1,niconico|dragon|B,0
2026-07-29 07:28:05,Indonesian Speed Baccarat 2,telecho|telecho|B,0
2026-07-29 07:36:00,Korean Baccarat 1,niconico|dragon|B,1
2026-07-29 07:47:49,Vietnamese Speed Baccarat 1,telecho|telecho|B,1
2026-07-29 07:56:03,Korean Baccarat 2,niconico|dragon|B,0
2026-07-29 08:08:00,Indonesian Speed Baccarat 2,telecho|nikoichi|P,0
2026-07-29 08:21:57,Korean Speed Baccarat 2,telecho|telecho|B,1
2026-07-29 08:28:36,Speed Baccarat 1,telecho|nikoichi|P,0
2026-07-29 08:34:59,Speed Baccarat 18,niconico|nikoichi|P,1
2026-07-29 08:40:40,Speed Baccarat 12,telecho|nikoichi|P,0
2026-07-29 08:57:36,Fortune 6 Baccarat,niconico|dragon|B,0
2026-07-29 09:14:33,Speed Baccarat 5,telecho|nikoichi|P,1
2026-07-29 09:22:49,Indonesian Speed Baccarat 1,telecho|telecho|B,1
2026-07-29 09:25:29,Korean Speed Baccarat 1,telecho|telecho|B,1
2026-07-29 09:30:20,Turbo Baccarat,niconico|nikoichi|P,1
2026-07-29 09:32:07,Korean Baccarat 1,telecho|nikoichi|P,1
2026-07-29 09:50:06,Korean Speed Baccarat 2,telecho|nikoichi|P,0
2026-07-29 09:53:08,Korean Speed Baccarat 5,telecho|telecho|B,1
2026-07-29 09:56:35,Baccarat 6,telecho|telecho|B,0
2026-07-29 10:20:28,STAKE SPEED BACCARAT,niconico|dragon|B,1
2026-07-29 10:33:13,Baccarat 6,telecho|nikoichi|P,1
2026-07-29 10:40:05,Chinese Speed Baccarat 2,niconico|nikoichi|P,0
2026-07-29 10:43:47,Thai Speed Baccarat 1,telecho|telecho|B,0
2026-07-29 11:37:58,Chinese Speed Baccarat 2,telecho|telecho|B,0
2026-07-29 11:38:05,Speed Baccarat 8,telecho|nikoichi|P,1
2026-07-29 11:51:17,Speed Baccarat 8,telecho|nikoichi|P,0
2026-07-29 12:02:33,Speed Baccarat 6,niconico|dragon|B,1
2026-07-29 12:06:12,Korean Baccarat 1,telecho|nikoichi|P,1
2026-07-29 12:10:18,Thai Speed Baccarat 1,niconico|nikoichi|B,0
2026-07-29 12:12:23,Korean Baccarat 1,telecho|nikoichi|P,0
2026-07-29 12:15:20,Vietnamese Speed Baccarat 2,niconico|dragon|B,0
2026-07-29 12:21:53,Speed Baccarat 9,telecho|telecho|B,0
2026-07-29 12:25:48,Speed Baccarat 6,niconico|dragon|B,0
2026-07-29 12:28:02,Speed Baccarat 11,telecho|telecho|B,0
2026-07-29 12:42:49,Indonesian Speed Baccarat 2,telecho|telecho|B,1
2026-07-29 12:45:13,Indonesian Speed Baccarat 2,telecho|nikoichi|P,1
2026-07-29 13:03:59,Korean Baccarat 2,niconico|nikoichi|P,0
2026-07-29 13:10:29,Baccarat 5,niconico|dragon|B,0
2026-07-29 13:11:13,Japanese Speed Baccarat 3,telecho|telecho|B,0
2026-07-29 13:35:39,Chinese Speed Baccarat 3,niconico|nikoichi|P,1
2026-07-29 13:41:35,Korean Baccarat 2,niconico|nikoichi|P,1
2026-07-29 13:46:06,Vietnamese Speed Baccarat 1,telecho|telecho|B,0
2026-07-29 13:51:48,Super 8 Baccarat,telecho|telecho|B,1
2026-07-29 13:53:16,Korean Speed Baccarat 2,telecho|telecho|B,0
2026-07-29 13:54:20,Baccarat 1,telecho|telecho|B,0
2026-07-29 13:57:14,Chinese Speed Baccarat 3,telecho|nikoichi|P,0
2026-07-29 14:06:38,Korean Speed Baccarat 1,telecho|nikoichi|P,0
2026-07-29 14:20:33,Speed Baccarat 6,niconico|dragon|B,1
2026-07-29 15:03:02,Speed Baccarat 12,telecho|nikoichi|P,1
2026-07-29 15:17:01,Super 8 Baccarat,telecho|nikoichi|P,0
2026-07-29 15:17:59,Speed Baccarat 13,niconico|dragon|B,1
2026-07-29 15:20:56,Korean Turbo Baccarat 1,sansan|telecho|P,1
2026-07-29 15:30:06,Speed Baccarat 11,sansan|telecho|P,1
2026-07-29 15:32:03,Speed Baccarat 2,niconico|nikoichi|P,1
2026-07-29 15:43:04,Chinese Speed Baccarat 2,niconico|dragon|B,1
2026-07-29 16:03:41,Speed Baccarat 12,niconico|dragon|B,0
2026-07-29 16:11:10,STAKE SPEED BACCARAT,telecho|telecho|B,1
2026-07-29 16:18:18,Super 8 Baccarat,telecho|telecho|B,1
2026-07-29 16:18:36,Vietnamese Speed Baccarat 1,telecho|telecho|B,0
2026-07-29 16:23:24,Speed Baccarat 2,telecho|telecho|B,1
2026-07-29 16:43:37,Chinese Speed Baccarat 2,telecho|telecho|B,1
2026-07-29 16:46:37,Vietnamese Speed Baccarat 3,telecho|telecho|B,0
2026-07-29 16:46:57,Baccarat 5,telecho|telecho|B,0
2026-07-29 16:56:42,Speed Baccarat 2,niconico|dragon|B,1
2026-07-29 17:23:19,Baccarat 5,telecho|nikoichi|P,1
2026-07-29 17:24:26,Speed Baccarat 15,niconico|dragon|B,1
2026-07-29 17:26:08,Baccarat 5,niconico|dragon|B,1
2026-07-29 17:35:09,Korean Speed Baccarat 5,niconico|dragon|B,1
2026-07-29 17:42:33,Speed Baccarat 17,niconico|dragon|B,0
2026-07-29 17:46:11,Korean Turbo Baccarat 1,telecho|nikoichi|P,1
2026-07-29 17:46:36,Chinese Speed Baccarat 2,niconico|nikoichi|P,1
2026-07-29 17:50:05,Indonesian Speed Baccarat 1,telecho|telecho|B,0
2026-07-29 17:53:00,Vietnamese Speed Baccarat 2,telecho|telecho|B,1
2026-07-29 17:56:05,Speed Baccarat 8,niconico|dragon|B,1
2026-07-29 18:03:43,Korean Speed Baccarat 2,niconico|dragon|B,1
2026-07-29 18:05:57,Baccarat 7,telecho|telecho|B,1
2026-07-29 18:10:52,Speed Baccarat 18,niconico|dragon|B,1
2026-07-29 18:23:41,Speed Baccarat 2,niconico|dragon|B,0
2026-07-29 18:28:27,Thai Baccarat 1,telecho|telecho|B,1
2026-07-29 18:43:59,Korean Baccarat 1,telecho|telecho|B,0
2026-07-29 18:46:10,Baccarat 5,telecho|nikoichi|P,1
2026-07-29 19:18:31,Speed Baccarat 15,niconico|dragon|B,0
2026-07-29 20:21:06,Chinese Speed Baccarat 3,niconico|nikoichi|B,1
2026-07-29 20:23:02,Vietnamese Speed Baccarat 1,telecho|telecho|B,0
2026-07-29 20:36:34,Fortune 6 Baccarat,niconico|dragon|B,1
2026-07-29 20:40:46,Speed Baccarat 5,niconico|dragon|B,1
2026-07-29 20:43:00,Indonesian Speed Baccarat 2,niconico|dragon|B,1
2026-07-29 20:53:08,Japanese Speed Baccarat 3,telecho|telecho|B,0
2026-07-29 21:05:02,Indonesian Speed Baccarat 2,telecho|nikoichi|P,0
2026-07-29 21:05:55,STAKE SPEED BACCARAT,telecho|telecho|B,0
2026-07-29 21:08:05,Baccarat 7,telecho|nikoichi|P,0
2026-07-29 21:13:56,Baccarat 2,niconico|dragon|B,0
2026-07-29 21:17:07,Speed Baccarat 1,niconico|nikoichi|P,1
2026-07-29 21:17:18,Baccarat 1,niconico|nikoichi|B,0
2026-07-29 21:21:20,Japanese Speed Baccarat 3,niconico|nikoichi|B,0
2026-07-29 21:24:23,Japanese Speed Baccarat 3,sansan|telecho|P,1
2026-07-29 21:28:31,Super 8 Baccarat,telecho|telecho|B,0
2026-07-29 21:53:05,Vietnamese Speed Baccarat 1,telecho|telecho|B,1
2026-07-29 21:54:21,Speed Baccarat 13,telecho|nikoichi|P,1
2026-07-29 21:55:44,Baccarat 9,telecho|telecho|B,1
2026-07-29 21:58:43,Vietnamese Speed Baccarat 3,telecho|nikoichi|P,0
2026-07-29 22:03:53,Speed Baccarat 12,telecho|nikoichi|P,1
2026-07-29 22:20:22,Japanese Speed Baccarat 3,telecho|telecho|B,1
2026-07-29 22:21:26,Thai Speed Baccarat 1,niconico|nikoichi|P,0
2026-07-29 22:26:21,Japanese Speed Baccarat 3,telecho|telecho|B,0
2026-07-29 22:29:12,Speed Baccarat 16,telecho|nikoichi|P,1
2026-07-29 22:35:08,Indonesian Speed Baccarat 2,telecho|telecho|B,0
2026-07-29 22:55:55,Speed Baccarat 8,telecho|telecho|B,1
2026-07-29 23:26:53,Chinese Speed Baccarat 3,telecho|telecho|B,1
2026-07-29 23:27:27,Speed Baccarat 11,niconico|dragon|B,0
2026-07-29 23:30:13,Speed Baccarat 12,sansan|telecho|P,0
2026-07-29 23:38:19,Korean Baccarat 1,telecho|telecho|B,0
2026-07-29 23:46:33,Baccarat 1,sansan|telecho|P,0
2026-07-30 00:17:32,Speed Baccarat 15,niconico|dragon|B,0
2026-07-30 00:27:59,Turbo Baccarat,niconico|dragon|B,1
2026-07-30 00:30:09,Speed Baccarat 12,telecho|nikoichi|P,0
2026-07-30 00:30:52,Indonesian Speed Baccarat 2,telecho|telecho|B,1
2026-07-30 00:44:47,Korean Turbo Baccarat 1,telecho|telecho|B,0
2026-07-30 00:47:05,Baccarat 6,niconico|nikoichi|B,1
2026-07-30 00:47:57,Korean Speed Baccarat 1,telecho|nikoichi|P,0
2026-07-30 01:04:26,Fortune 6 Baccarat,niconico|dragon|B,1
2026-07-30 01:05:19,Speed Baccarat 13,niconico|dragon|B,0
2026-07-30 01:15:52,Turbo Baccarat,telecho|nikoichi|P,0
2026-07-30 01:32:49,STAKE SPEED BACCARAT,telecho|nikoichi|P,0
2026-07-30 01:40:42,Speed Baccarat 8,telecho|telecho|B,1
2026-07-30 01:41:49,Korean Baccarat 2,telecho|nikoichi|P,0
2026-07-30 01:41:55,Korean Baccarat 1,telecho|nikoichi|P,1
2026-07-30 01:54:01,Speed Baccarat 1,niconico|dragon|B,1
2026-07-30 02:08:12,Speed Baccarat 2,telecho|telecho|B,1
2026-07-30 02:14:05,Speed Baccarat 1,niconico|dragon|B,0
2026-07-30 02:22:07,Korean Speed Baccarat 5,niconico|nikoichi|P,0
2026-07-30 02:29:19,Fortune 6 Baccarat,telecho|telecho|B,1
2026-07-30 02:34:40,Speed Baccarat 6,telecho|telecho|B,1
2026-07-30 02:35:30,Speed Baccarat 2,niconico|nikoichi|P,0
2026-07-30 02:44:54,Thai Speed Baccarat 1,telecho|telecho|B,1
2026-07-30 02:50:47,Speed Baccarat 11,niconico|nikoichi|B,0
2026-07-30 02:51:36,Speed Baccarat 3,telecho|telecho|B,0
2026-07-30 02:58:59,Indonesian Speed Baccarat 2,niconico|nikoichi|B,1
2026-07-30 03:04:21,Chinese Speed Baccarat 1,telecho|nikoichi|P,0
2026-07-30 03:05:01,Vietnamese Speed Baccarat 2,telecho|telecho|B,0
2026-07-30 03:05:54,Chinese Speed Baccarat 1,niconico|dragon|B,0
2026-07-30 03:06:11,Japanese Speed Baccarat 1,telecho|telecho|B,1
2026-07-30 03:19:41,Baccarat 5,telecho|nikoichi|P,0
2026-07-30 03:27:12,Baccarat 1,telecho|telecho|B,0
2026-07-30 03:53:31,Turbo Baccarat,sansan|telecho|P,0
2026-07-30 03:56:04,Indonesian Speed Baccarat 2,telecho|nikoichi|P,1
2026-07-30 04:03:33,Vietnamese Speed Baccarat 2,telecho|nikoichi|P,1
2026-07-30 04:09:18,Super 8 Baccarat,telecho|nikoichi|P,0
2026-07-30 04:14:37,Speed Baccarat 16,niconico|dragon|B,1
2026-07-30 04:31:20,Baccarat 9,telecho|telecho|B,0
2026-07-30 04:33:22,Chinese Speed Baccarat 2,telecho|telecho|B,0
2026-07-30 05:03:06,Indonesian Speed Baccarat 1,telecho|nikoichi|P,1
2026-07-30 05:23:33,Korean Speed Baccarat 2,telecho|nikoichi|P,1
2026-07-30 05:23:53,Thai Baccarat 1,telecho|telecho|B,1
2026-07-30 05:27:05,Speed Baccarat 3,niconico|nikoichi|P,1
2026-07-30 05:28:51,Korean Speed Baccarat 2,telecho|nikoichi|P,1
2026-07-30 05:30:18,Speed Baccarat 15,telecho|telecho|B,1
2026-07-30 05:54:49,Korean Turbo Baccarat 1,niconico|dragon|B,1
2026-07-30 06:00:32,Korean Baccarat 1,niconico|dragon|B,1
2026-07-30 06:20:12,Baccarat 6,niconico|nikoichi|B,0
2026-07-30 06:21:01,Japanese Speed Baccarat 1,telecho|telecho|B,0
2026-07-30 06:27:12,Speed Baccarat 12,niconico|nikoichi|P,1
2026-07-30 06:37:08,Turbo Baccarat,niconico|dragon|B,1
2026-07-30 07:03:10,Super 8 Baccarat,telecho|telecho|B,1
2026-07-30 07:05:57,Speed Baccarat 1,telecho|nikoichi|P,1
2026-07-30 07:20:20,Korean Baccarat 2,telecho|telecho|B,0
2026-07-30 07:44:27,Chinese Speed Baccarat 2,niconico|dragon|B,0
2026-07-30 07:50:24,Korean Turbo Baccarat 1,telecho|telecho|B,1
2026-07-30 07:58:05,Japanese Speed Baccarat 2,niconico|nikoichi|P,0
2026-07-30 07:59:55,Fortune 6 Baccarat,niconico|dragon|B,0
2026-07-30 08:02:13,Thai Speed Baccarat 1,telecho|nikoichi|P,1
2026-07-30 08:08:08,Vietnamese Speed Baccarat 1,telecho|telecho|B,1
2026-07-30 08:10:08,Vietnamese Speed Baccarat 1,niconico|nikoichi|B,1
2026-07-30 08:10:43,Chinese Speed Baccarat 2,telecho|telecho|B,1
2026-07-30 08:10:55,Vietnamese Speed Baccarat 1,telecho|nikoichi|P,0
2026-07-30 08:16:53,Korean Turbo Baccarat 1,niconico|dragon|B,0
2026-07-30 08:20:54,Speed Baccarat 15,telecho|telecho|B,1
2026-07-30 08:36:21,Korean Baccarat 1,niconico|dragon|B,1
2026-07-30 08:41:41,Chinese Speed Baccarat 1,niconico|nikoichi|P,1
2026-07-30 08:57:39,Japanese Speed Baccarat 3,niconico|nikoichi|P,1
2026-07-30 08:58:38,Chinese Speed Baccarat 3,telecho|telecho|B,0
2026-07-30 09:02:53,Japanese Speed Baccarat 3,niconico|dragon|B,0
2026-07-30 09:03:32,Korean Turbo Baccarat 1,niconico|dragon|B,1
2026-07-30 09:13:35,Korean Baccarat 1,telecho|telecho|B,0
2026-07-30 09:16:24,Korean Speed Baccarat 3,niconico|nikoichi|B,1
2026-07-30 09:24:59,Baccarat 6,telecho|nikoichi|P,1
2026-07-30 09:52:36,Thai Baccarat 1,telecho|telecho|B,1
2026-07-30 10:05:55,Baccarat 6,telecho|nikoichi|P,1
2026-07-30 10:08:05,Speed Baccarat 8,telecho|telecho|B,0
2026-07-30 10:13:05,Chinese Speed Baccarat 2,telecho|nikoichi|P,1
2026-07-30 10:14:43,Chinese Speed Baccarat 1,telecho|telecho|B,0
2026-07-30 10:29:15,Indonesian Speed Baccarat 1,sansan|telecho|P,0
2026-07-30 10:29:59,Fortune 6 Baccarat,niconico|dragon|B,0
2026-07-30 10:30:37,Thai Baccarat 1,telecho|nikoichi|P,1
2026-07-30 10:30:44,Vietnamese Speed Baccarat 2,telecho|nikoichi|P,1
2026-07-30 10:31:36,Korean Baccarat 1,telecho|telecho|B,1
2026-07-30 10:33:33,Thai Baccarat 1,telecho|telecho|B,0
2026-07-30 10:36:56,Speed Baccarat 9,telecho|nikoichi|P,1
2026-07-30 10:40:25,Speed Baccarat 11,telecho|telecho|B,0
2026-07-30 11:00:38,Speed Baccarat 18,telecho|telecho|B,1
2026-07-30 11:05:50,Baccarat 2,telecho|telecho|B,0
2026-07-30 11:06:26,Thai Baccarat 1,telecho|nikoichi|P,1
2026-07-30 11:16:15,Chinese Speed Baccarat 1,niconico|nikoichi|P,0
2026-07-30 11:19:20,Vietnamese Speed Baccarat 3,niconico|nikoichi|P,0
2026-07-30 11:55:06,Speed Baccarat 5,telecho|nikoichi|P,0
2026-07-30 12:01:08,Speed Baccarat 6,niconico|nikoichi|B,0
2026-07-30 12:06:13,Speed Baccarat 13,telecho|nikoichi|P,1
2026-07-30 12:21:40,Japanese Speed Baccarat 3,niconico|nikoichi|P,0
2026-07-30 12:23:43,Japanese Speed Baccarat 3,niconico|dragon|B,1
2026-07-30 12:39:36,Speed Baccarat 2,telecho|nikoichi|P,0
2026-07-30 12:43:27,Japanese Speed Baccarat 2,telecho|telecho|B,0
2026-07-30 13:06:40,Korean Turbo Baccarat 1,telecho|telecho|B,1
2026-07-30 13:12:03,Chinese Speed Baccarat 2,telecho|telecho|B,1
2026-07-30 13:23:22,Chinese Speed Baccarat 1,telecho|nikoichi|P,1
2026-07-30 13:25:14,Speed Baccarat 11,telecho|nikoichi|P,0
2026-07-30 13:28:26,Super 8 Baccarat,telecho|telecho|B,1
2026-07-30 13:43:51,Korean Baccarat 2,telecho|nikoichi|P,1
2026-07-30 13:51:56,Speed Baccarat 3,telecho|telecho|B,0
2026-07-30 14:00:27,Chinese Speed Baccarat 3,niconico|dragon|B,0
2026-07-30 14:03:01,Korean Speed Baccarat 5,telecho|nikoichi|P,0
2026-07-30 14:08:03,Speed Baccarat 9,telecho|nikoichi|P,0
2026-07-30 14:10:36,Speed Baccarat 17,niconico|dragon|B,0
2026-07-30 14:11:21,Baccarat 2,sansan|telecho|P,1
2026-07-30 14:14:40,Thai Baccarat 1,telecho|telecho|B,0
2026-07-30 14:43:24,Baccarat 2,telecho|telecho|B,0
2026-07-30 14:46:17,Speed Baccarat 12,telecho|telecho|B,1
2026-07-30 14:47:44,Chinese Speed Baccarat 2,niconico|dragon|B,0
2026-07-30 14:56:52,Baccarat 7,niconico|nikoichi|P,0
2026-07-30 14:58:44,Indonesian Speed Baccarat 1,niconico|nikoichi|B,1
2026-07-30 15:06:46,Turbo Baccarat,niconico|nikoichi|B,1
2026-07-30 15:19:23,Vietnamese Speed Baccarat 1,niconico|dragon|B,1
2026-07-30 15:26:11,Fortune 6 Baccarat,niconico|nikoichi|B,0
2026-07-30 15:26:43,Japanese Speed Baccarat 3,niconico|nikoichi|B,1
2026-07-30 15:27:59,Super 8 Baccarat,telecho|nikoichi|P,0
2026-07-30 15:28:07,Speed Baccarat 6,niconico|nikoichi|P,0
2026-07-30 15:34:36,Indonesian Speed Baccarat 2,niconico|nikoichi|P,1
2026-07-30 16:01:47,Speed Baccarat 3,niconico|dragon|B,1
2026-07-30 16:05:53,Speed Baccarat 15,niconico|dragon|B,1
2026-07-30 16:14:31,Baccarat 9,telecho|nikoichi|P,0
2026-07-30 16:16:51,Japanese Speed Baccarat 2,niconico|dragon|B,1
2026-07-30 16:35:42,Indonesian Speed Baccarat 2,telecho|telecho|B,0
2026-07-30 16:35:55,Speed Baccarat 18,telecho|telecho|B,0
2026-07-30 16:53:37,Korean Speed Baccarat 3,telecho|nikoichi|P,1
2026-07-30 16:57:52,Chinese Speed Baccarat 1,telecho|telecho|B,0
2026-07-30 17:00:33,Thai Speed Baccarat 1,telecho|telecho|B,0
2026-07-30 17:08:16,STAKE SPEED BACCARAT,telecho|telecho|B,0
2026-07-30 17:21:02,Speed Baccarat 1,niconico|dragon|B,0
2026-07-30 17:21:15,Korean Speed Baccarat 2,telecho|telecho|B,1
2026-07-30 17:22:01,Turbo Baccarat,niconico|nikoichi|B,1
2026-07-30 17:30:02,Vietnamese Speed Baccarat 3,niconico|dragon|B,0
2026-07-30 17:46:12,Speed Baccarat 12,niconico|dragon|B,0
2026-07-30 17:46:24,Japanese Speed Baccarat 1,niconico|dragon|B,0
2026-07-30 17:47:45,Speed Baccarat 5,niconico|dragon|B,0
2026-07-30 17:57:54,Thai Speed Baccarat 1,telecho|telecho|B,0
2026-07-30 18:05:10,Thai Speed Baccarat 2,niconico|nikoichi|P,0
2026-07-30 18:08:44,Speed Baccarat 13,telecho|telecho|B,1
2026-07-30 18:14:31,Japanese Speed Baccarat 1,telecho|telecho|B,0
2026-07-30 18:35:42,Speed Baccarat 13,telecho|telecho|B,1
2026-07-30 18:56:03,Korean Baccarat 1,telecho|telecho|B,1
2026-07-30 18:57:45,Speed Baccarat 11,niconico|nikoichi|B,0
2026-07-30 18:57:53,Japanese Speed Baccarat 2,telecho|nikoichi|P,1
2026-07-30 19:19:02,Speed Baccarat 8,telecho|telecho|B,0
2026-07-30 19:19:34,Baccarat 6,telecho|telecho|B,0
2026-07-30 19:19:51,Japanese Speed Baccarat 1,telecho|nikoichi|P,0
2026-07-30 19:20:40,Japanese Speed Baccarat 1,telecho|telecho|B,0
2026-07-30 19:28:08,Thai Speed Baccarat 1,niconico|nikoichi|B,1
2026-07-30 19:44:12,Korean Speed Baccarat 5,telecho|nikoichi|P,1
2026-07-30 19:46:25,Super 8 Baccarat,niconico|nikoichi|B,0
2026-07-30 19:56:56,STAKE SPEED BACCARAT,telecho|telecho|B,1
2026-07-30 20:00:15,Indonesian Speed Baccarat 2,niconico|nikoichi|P,1
2026-07-30 20:04:57,Korean Baccarat 2,niconico|nikoichi|B,1
2026-07-30 20:12:42,Baccarat 9,telecho|telecho|B,1
2026-07-30 20:25:43,Speed Baccarat 18,telecho|telecho|B,0
2026-07-30 20:31:13,Speed Baccarat 16,telecho|telecho|B,1
2026-07-30 20:45:28,Speed Baccarat 6,niconico|nikoichi|P,0
2026-07-30 20:48:13,Super 8 Baccarat,niconico|dragon|B,1
2026-07-30 20:51:53,Vietnamese Speed Baccarat 1,niconico|dragon|B,0
2026-07-30 20:55:57,Chinese Speed Baccarat 1,niconico|nikoichi|P,0
2026-07-30 21:17:12,Speed Baccarat 1,telecho|nikoichi|P,1
2026-07-30 21:25:58,Thai Speed Baccarat 2,telecho|telecho|B,1
2026-07-30 21:43:47,Speed Baccarat 12,telecho|telecho|B,1
2026-07-30 21:47:02,Speed Baccarat 1,telecho|telecho|B,0
2026-07-30 21:47:08,Speed Baccarat 8,niconico|nikoichi|P,0
2026-07-30 21:47:19,Chinese Speed Baccarat 2,telecho|nikoichi|P,0
2026-07-30 21:53:17,Speed Baccarat 3,niconico|nikoichi|P,0
2026-07-30 21:56:39,Super 8 Baccarat,telecho|telecho|B,1
2026-07-30 22:15:33,Thai Speed Baccarat 1,telecho|telecho|B,1
2026-07-30 22:22:31,Turbo Baccarat,niconico|dragon|B,1
2026-07-30 22:26:31,Speed Baccarat 15,niconico|nikoichi|P,0
2026-07-30 22:28:23,Chinese Speed Baccarat 3,telecho|telecho|B,0
2026-07-30 22:32:01,Speed Baccarat 16,niconico|dragon|B,1
2026-07-30 22:33:24,Vietnamese Speed Baccarat 3,telecho|telecho|B,0
2026-07-30 22:35:45,Speed Baccarat 13,telecho|nikoichi|P,1
2026-07-30 22:35:57,Baccarat 5,niconico|dragon|B,0
2026-07-30 22:42:47,Speed Baccarat 2,telecho|telecho|B,0
2026-07-30 22:53:40,Speed Baccarat 15,telecho|telecho|B,1
2026-07-30 22:56:15,Speed Baccarat 1,niconico|dragon|B,1
2026-07-30 23:04:05,Korean Speed Baccarat 1,telecho|nikoichi|P,0
2026-07-30 23:12:10,Thai Baccarat 1,niconico|dragon|B,0
2026-07-30 23:22:05,Super 8 Baccarat,niconico|nikoichi|P,0
2026-07-30 23:22:47,Thai Speed Baccarat 1,telecho|telecho|B,0
2026-07-30 23:40:26,Speed Baccarat 2,telecho|nikoichi|P,0
2026-07-30 23:45:48,Korean Baccarat 2,telecho|telecho|B,1
2026-07-30 23:45:55,Thai Speed Baccarat 2,telecho|telecho|B,1
2026-07-30 23:47:02,Speed Baccarat 11,telecho|nikoichi|P,0
2026-07-30 23:49:52,Speed Baccarat 15,telecho|telecho|B,0
2026-07-31 00:20:03,Thai Baccarat 1,niconico|dragon|B,0
2026-07-31 00:29:26,Speed Baccarat 1,niconico|dragon|B,0
2026-07-31 00:35:28,Speed Baccarat 1,niconico|dragon|B,0
2026-07-31 00:36:55,Speed Baccarat 12,telecho|telecho|B,1
2026-07-31 00:44:46,Vietnamese Speed Baccarat 2,sansan|telecho|P,0
2026-07-31 00:45:01,Japanese Speed Baccarat 1,telecho|telecho|B,1
2026-07-31 00:50:29,Chinese Speed Baccarat 1,niconico|dragon|B,0
2026-07-31 00:55:27,Speed Baccarat 13,telecho|telecho|B,0
2026-07-31 00:56:20,Chinese Speed Baccarat 2,telecho|telecho|B,1
2026-07-31 00:58:23,Baccarat 6,niconico|nikoichi|P,0
2026-07-31 01:04:22,Korean Speed Baccarat 3,telecho|telecho|B,0
2026-07-31 01:32:57,Korean Speed Baccarat 1,telecho|nikoichi|P,0
2026-07-31 01:36:36,Speed Baccarat 18,telecho|telecho|B,0
2026-07-31 02:08:56,Speed Baccarat 6,niconico|dragon|B,1
2026-07-31 02:09:52,Speed Baccarat 12,niconico|nikoichi|B,1
2026-07-31 02:14:05,Korean Speed Baccarat 5,telecho|nikoichi|P,0
2026-07-31 02:15:28,Korean Baccarat 2,telecho|telecho|B,0
2026-07-31 02:32:46,Chinese Speed Baccarat 2,telecho|telecho|B,0
2026-07-31 02:34:03,Japanese Speed Baccarat 3,niconico|nikoichi|P,1
2026-07-31 02:44:23,Vietnamese Speed Baccarat 3,niconico|dragon|B,1
2026-07-31 02:56:41,Thai Baccarat 1,telecho|nikoichi|P,1
2026-07-31 03:10:23,Japanese Speed Baccarat 3,niconico|nikoichi|P,0
2026-07-31 03:28:06,STAKE SPEED BACCARAT,telecho|telecho|B,0
2026-07-31 03:29:11,Speed Baccarat 16,niconico|dragon|B,1
2026-07-31 03:41:26,Speed Baccarat 12,sansan|telecho|P,0
2026-07-31 03:42:59,Indonesian Speed Baccarat 1,telecho|telecho|B,0
2026-07-31 04:04:40,Chinese Speed Baccarat 2,telecho|telecho|B,0
2026-07-31 04:06:37,Korean Speed Baccarat 3,telecho|telecho|B,0
2026-07-31 04:14:50,Speed Baccarat 12,telecho|telecho|B,0
2026-07-31 04:18:16,Vietnamese Speed Baccarat 2,niconico|dragon|B,0
2026-07-31 04:28:19,Speed Baccarat 8,telecho|nikoichi|P,0
2026-07-31 04:30:58,Speed Baccarat 5,telecho|telecho|B,0
2026-07-31 04:39:57,Speed Baccarat 1,telecho|nikoichi|P,1
2026-07-31 04:42:18,Speed Baccarat 1,telecho|telecho|B,1
2026-07-31 05:01:35,Japanese Speed Baccarat 2,niconico|dragon|B,0
2026-07-31 05:02:28,Speed Baccarat 6,telecho|telecho|B,0
2026-07-31 05:04:11,Thai Speed Baccarat 2,telecho|nikoichi|P,1
2026-07-31 05:16:22,Speed Baccarat 13,telecho|telecho|B,0
2026-07-31 05:18:28,Speed Baccarat 15,niconico|dragon|B,1
2026-07-31 05:25:50,Thai Speed Baccarat 1,telecho|nikoichi|P,1
2026-07-31 05:29:52,Korean Turbo Baccarat 1,telecho|telecho|B,0
2026-07-31 05:33:56,Indonesian Speed Baccarat 1,telecho|telecho|B,0
2026-07-31 05:39:41,Baccarat 1,telecho|telecho|B,1
2026-07-31 06:07:32,Korean Speed Baccarat 2,telecho|telecho|B,0
2026-07-31 06:14:04,Vietnamese Speed Baccarat 3,niconico|dragon|B,1
2026-07-31 06:21:28,Baccarat 1,telecho|telecho|B,1
2026-07-31 06:29:22,Thai Baccarat 1,telecho|nikoichi|P,1
2026-07-31 06:30:11,Speed Baccarat 6,niconico|dragon|B,1
2026-07-31 06:35:27,Super 8 Baccarat,niconico|dragon|B,0
2026-07-31 06:36:30,Speed Baccarat 15,telecho|telecho|B,0
2026-07-31 06:40:22,Korean Speed Baccarat 3,niconico|dragon|B,0
2026-07-31 06:52:15,Japanese Speed Baccarat 1,niconico|dragon|B,1
2026-07-31 06:56:28,Thai Speed Baccarat 1,sansan|telecho|P,0
2026-07-31 07:09:00,Baccarat 6,telecho|nikoichi|P,0
2026-07-31 07:09:28,Chinese Speed Baccarat 2,niconico|dragon|B,0
2026-07-31 07:14:30,Korean Speed Baccarat 1,telecho|nikoichi|P,0
2026-07-31 08:02:37,Speed Baccarat 11,telecho|telecho|B,0
2026-07-31 08:33:30,Baccarat 5,niconico|dragon|B,1
2026-07-31 08:37:26,Chinese Speed Baccarat 2,telecho|telecho|B,0
2026-07-31 08:43:17,Korean Speed Baccarat 1,telecho|telecho|B,0
2026-07-31 08:48:09,Thai Speed Baccarat 1,niconico|nikoichi|P,1
2026-07-31 09:10:30,Korean Baccarat 2,telecho|nikoichi|P,0
2026-07-31 09:17:46,Thai Speed Baccarat 1,niconico|nikoichi|B,0
2026-07-31 09:30:48,Korean Turbo Baccarat 1,telecho|nikoichi|P,0
2026-07-31 09:43:17,Korean Speed Baccarat 1,niconico|nikoichi|P,1
2026-07-31 09:55:01,Speed Baccarat 6,niconico|dragon|B,1
2026-07-31 09:59:34,Speed Baccarat 15,niconico|dragon|B,1
2026-07-31 10:09:45,Thai Baccarat 1,telecho|telecho|B,0
2026-07-31 10:15:22,Korean Speed Baccarat 1,telecho|telecho|B,1
2026-07-31 10:24:58,Speed Baccarat 11,telecho|telecho|B,1
2026-07-31 10:38:56,Baccarat 1,niconico|nikoichi|P,1
2026-07-31 10:47:38,Vietnamese Speed Baccarat 3,niconico|nikoichi|B,0
2026-07-31 10:48:37,Korean Speed Baccarat 1,sansan|telecho|P,0
2026-07-31 11:04:00,Vietnamese Speed Baccarat 1,telecho|nikoichi|P,1
2026-07-31 11:08:36,Baccarat 5,niconico|dragon|B,1
2026-07-31 11:16:32,Vietnamese Speed Baccarat 3,telecho|nikoichi|P,0
2026-07-31 11:23:33,Indonesian Speed Baccarat 1,telecho|nikoichi|P,1
2026-07-31 11:29:01,Speed Baccarat 18,telecho|telecho|B,0
2026-07-31 11:35:06,Thai Baccarat 1,telecho|nikoichi|P,1
2026-07-31 11:41:22,Speed Baccarat 1,telecho|telecho|B,1
2026-07-31 11:43:41,Baccarat 5,telecho|telecho|B,0
2026-07-31 11:44:17,Korean Speed Baccarat 3,telecho|telecho|B,1
2026-07-31 12:03:23,Speed Baccarat 2,telecho|nikoichi|P,1
2026-07-31 12:06:06,Speed Baccarat 9,niconico|dragon|B,1
2026-07-31 12:19:15,Speed Baccarat 11,telecho|nikoichi|P,0
2026-07-31 12:31:55,Turbo Baccarat,telecho|telecho|B,1
2026-07-31 12:45:19,Chinese Speed Baccarat 1,niconico|nikoichi|P,1
2026-07-31 12:51:16,STAKE SPEED BACCARAT,telecho|nikoichi|P,1
2026-07-31 12:57:39,Indonesian Speed Baccarat 1,sansan|telecho|P,1
2026-07-31 13:04:55,Speed Baccarat 9,telecho|nikoichi|P,1
2026-07-31 13:09:57,Fortune 6 Baccarat,niconico|nikoichi|B,1
2026-07-31 13:56:18,Korean Turbo Baccarat 1,telecho|telecho|B,0
2026-07-31 14:51:22,Speed Baccarat 6,telecho|telecho|B,1
2026-07-31 15:15:53,Japanese Speed Baccarat 2,niconico|nikoichi|B,0
2026-07-31 15:33:49,Baccarat 7,niconico|dragon|B,0
2026-07-31 15:45:04,Fortune 6 Baccarat,telecho|nikoichi|P,1
2026-07-31 15:51:23,Japanese Speed Baccarat 3,telecho|telecho|B,0
2026-07-31 15:52:16,Fortune 6 Baccarat,telecho|telecho|B,0
2026-07-31 16:08:10,Speed Baccarat 16,niconico|dragon|B,0
2026-07-31 16:09:03,Chinese Speed Baccarat 1,telecho|nikoichi|P,1
2026-07-31 16:10:07,Japanese Speed Baccarat 2,telecho|telecho|B,1
2026-07-31 16:10:50,Vietnamese Speed Baccarat 1,telecho|telecho|B,0
2026-07-31 16:14:08,Baccarat 7,sansan|telecho|P,1
2026-07-31 16:18:56,Fortune 6 Baccarat,niconico|dragon|B,1
2026-07-31 16:27:01,Speed Baccarat 2,telecho|telecho|B,0
2026-07-31 16:28:32,Speed Baccarat 18,telecho|telecho|B,0
2026-07-31 16:35:58,Korean Baccarat 1,telecho|telecho|B,1
2026-07-31 16:36:58,Baccarat 6,telecho|telecho|B,0
2026-07-31 16:39:09,Speed Baccarat 1,telecho|nikoichi|P,0
2026-07-31 16:43:58,Chinese Speed Baccarat 1,telecho|telecho|B,0
2026-07-31 16:48:22,Indonesian Speed Baccarat 1,telecho|telecho|B,0
2026-07-31 17:05:39,Thai Speed Baccarat 1,niconico|nikoichi|P,0
2026-07-31 17:34:46,Thai Speed Baccarat 1,niconico|dragon|B,1
2026-07-31 17:37:31,Fortune 6 Baccarat,telecho|telecho|B,1
2026-07-31 17:38:19,Speed Baccarat 13,niconico|dragon|B,0
2026-07-31 17:48:10,Chinese Speed Baccarat 3,niconico|nikoichi|P,1
2026-07-31 17:53:39,Baccarat 7,niconico|nikoichi|P,0
2026-07-31 18:00:43,Thai Speed Baccarat 1,telecho|nikoichi|P,1
2026-07-31 18:00:53,Speed Baccarat 9,telecho|nikoichi|P,1
2026-07-31 18:25:51,Japanese Speed Baccarat 3,telecho|telecho|B,0
2026-07-31 18:29:35,Baccarat 6,telecho|telecho|B,1
2026-07-31 18:32:30,Baccarat 6,telecho|nikoichi|P,0
2026-07-31 18:32:50,Korean Speed Baccarat 5,telecho|telecho|B,0
2026-07-31 18:37:32,Speed Baccarat 16,telecho|telecho|B,1
2026-07-31 18:40:21,Speed Baccarat 6,niconico|nikoichi|B,1
2026-07-31 18:42:13,Indonesian Speed Baccarat 1,telecho|nikoichi|P,0
2026-07-31 18:42:22,Chinese Speed Baccarat 1,niconico|dragon|B,1
2026-07-31 18:49:47,Speed Baccarat 18,telecho|telecho|B,1
2026-07-31 19:01:27,Korean Baccarat 2,telecho|nikoichi|P,0
2026-07-31 19:02:55,Speed Baccarat 17,telecho|nikoichi|P,1
2026-07-31 19:09:14,Chinese Speed Baccarat 1,telecho|nikoichi|P,0
2026-07-31 19:11:39,Indonesian Speed Baccarat 1,telecho|telecho|B,1
2026-07-31 19:17:12,Korean Speed Baccarat 2,niconico|dragon|B,1
2026-07-31 19:21:30,Speed Baccarat 8,telecho|nikoichi|P,0
2026-07-31 19:28:22,Korean Speed Baccarat 1,telecho|telecho|B,1
2026-07-31 19:36:22,Vietnamese Speed Baccarat 2,niconico|nikoichi|B,1
2026-07-31 19:58:59,Thai Speed Baccarat 1,telecho|telecho|B,1
2026-07-31 20:18:41,Korean Speed Baccarat 2,telecho|telecho|B,1
2026-07-31 20:26:51,Speed Baccarat 11,niconico|dragon|B,1
2026-07-31 20:35:52,Super 8 Baccarat,niconico|nikoichi|B,1
2026-07-31 20:43:56,Vietnamese Speed Baccarat 1,telecho|nikoichi|P,1
2026-07-31 20:46:10,Indonesian Speed Baccarat 2,telecho|telecho|B,1
2026-07-31 20:56:06,Super 8 Baccarat,telecho|nikoichi|P,1
2026-07-31 21:02:38,Speed Baccarat 6,telecho|telecho|B,1
2026-07-31 21:13:57,Baccarat 2,niconico|nikoichi|B,1
2026-07-31 21:28:26,Turbo Baccarat,telecho|nikoichi|P,0
2026-07-31 21:44:11,Indonesian Speed Baccarat 2,telecho|telecho|B,0
2026-07-31 21:49:56,Turbo Baccarat,telecho|nikoichi|P,1
2026-07-31 22:09:29,Indonesian Speed Baccarat 1,telecho|telecho|B,0
2026-07-31 22:23:45,Korean Speed Baccarat 2,telecho|nikoichi|P,0
2026-07-31 22:26:57,Japanese Speed Baccarat 3,telecho|telecho|B,1
2026-07-31 22:30:44,Speed Baccarat 6,telecho|telecho|B,1
2026-07-31 22:34:53,Speed Baccarat 6,sansan|telecho|P,1
2026-07-31 22:42:22,Korean Baccarat 2,telecho|nikoichi|P,1
2026-07-31 22:48:03,Speed Baccarat 1,telecho|nikoichi|P,1
2026-07-31 22:49:45,Vietnamese Speed Baccarat 3,telecho|nikoichi|P,0
2026-07-31 22:53:48,Chinese Speed Baccarat 2,telecho|nikoichi|P,0
2026-07-31 22:55:45,Speed Baccarat 1,telecho|telecho|B,0
2026-07-31 22:57:41,Speed Baccarat 6,telecho|telecho|B,1
2026-07-31 23:04:44,Fortune 6 Baccarat,telecho|telecho|B,1
2026-07-31 23:30:06,Speed Baccarat 12,sansan|telecho|P,1
2026-07-31 23:42:17,Indonesian Speed Baccarat 2,telecho|nikoichi|P,0
2026-07-31 23:45:23,Baccarat 5,telecho|telecho|B,0
2026-07-31 23:52:18,Korean Speed Baccarat 3,telecho|nikoichi|P,1
2026-07-31 23:58:55,Speed Baccarat 8,telecho|telecho|B,0
2026-08-01 00:14:35,Chinese Speed Baccarat 3,niconico|nikoichi|P,1
2026-08-01 00:20:15,Chinese Speed Baccarat 2,telecho|telecho|B,1
2026-08-01 00:36:13,Speed Baccarat 5,niconico|dragon|B,1
2026-08-01 00:48:07,Speed Baccarat 11,niconico|nikoichi|P,1
2026-08-01 00:54:48,Korean Turbo Baccarat 1,telecho|nikoichi|P,1
2026-08-01 00:54:55,Baccarat 2,niconico|dragon|B,0
2026-08-01 01:26:23,Baccarat 2,telecho|telecho|B,0
2026-08-01 01:28:20,Baccarat 6,telecho|telecho|B,0
2026-08-01 01:31:11,Baccarat 2,niconico|nikoichi|P,0
2026-08-01 01:31:25,Super 8 Baccarat,telecho|nikoichi|P,0
2026-08-01 01:34:16,Fortune 6 Baccarat,niconico|dragon|B,0
2026-08-01 01:42:12,Speed Baccarat 11,telecho|telecho|B,1
2026-08-01 01:52:17,Korean Baccarat 1,telecho|nikoichi|P,1
2026-08-01 01:58:56,Speed Baccarat 5,telecho|nikoichi|P,1
2026-08-01 02:08:18,Vietnamese Speed Baccarat 1,telecho|telecho|B,0
2026-08-01 02:48:43,Thai Baccarat 1,telecho|nikoichi|P,1
2026-08-01 02:57:37,Fortune 6 Baccarat,telecho|nikoichi|P,0
2026-08-01 03:01:57,Speed Baccarat 9,niconico|dragon|B,1
2026-08-01 03:02:09,Super 8 Baccarat,telecho|nikoichi|P,0
2026-08-01 03:02:24,Thai Speed Baccarat 1,telecho|nikoichi|P,0
2026-08-01 03:03:44,Thai Speed Baccarat 2,niconico|dragon|B,0
2026-08-01 03:09:22,Thai Speed Baccarat 2,niconico|dragon|B,0
2026-08-01 03:19:14,Baccarat 2,telecho|nikoichi|P,0
2026-08-01 03:52:39,Speed Baccarat 1,telecho|nikoichi|P,1
2026-08-01 03:53:11,Speed Baccarat 2,telecho|telecho|B,0
2026-08-01 04:05:25,Japanese Speed Baccarat 2,niconico|nikoichi|P,0
2026-08-01 04:08:35,Korean Speed Baccarat 1,telecho|nikoichi|P,1
2026-08-01 04:09:46,Speed Baccarat 11,niconico|dragon|B,0
2026-08-01 04:11:30,Speed Baccarat 15,telecho|telecho|B,0
2026-08-01 04:12:14,Korean Speed Baccarat 5,telecho|nikoichi|P,1
2026-08-01 04:16:33,Japanese Speed Baccarat 3,telecho|nikoichi|P,0
2026-08-01 04:23:04,Speed Baccarat 16,telecho|telecho|B,0
2026-08-01 04:30:28,Indonesian Speed Baccarat 2,telecho|telecho|B,0
2026-08-01 04:49:35,Korean Speed Baccarat 3,telecho|nikoichi|P,0
2026-08-01 04:50:23,Korean Speed Baccarat 3,telecho|telecho|B,1
2026-08-01 05:04:13,Speed Baccarat 18,telecho|nikoichi|P,0
2026-08-01 05:07:18,Korean Speed Baccarat 1,telecho|nikoichi|P,0
2026-08-01 05:24:57,Japanese Speed Baccarat 3,telecho|telecho|B,0
2026-08-01 05:44:44,Korean Speed Baccarat 5,telecho|nikoichi|P,0
2026-08-01 05:48:16,Korean Turbo Baccarat 1,telecho|telecho|B,1
2026-08-01 05:54:55,Thai Speed Baccarat 1,niconico|nikoichi|B,1
2026-08-01 05:55:42,Thai Speed Baccarat 1,niconico|nikoichi|P,0
2026-08-01 06:00:19,STAKE SPEED BACCARAT,telecho|telecho|B,0
2026-08-01 06:22:52,Speed Baccarat 5,telecho|nikoichi|P,0
2026-08-01 06:23:23,Speed Baccarat 13,telecho|telecho|B,1
2026-08-01 06:24:42,Speed Baccarat 3,niconico|dragon|B,1
2026-08-01 06:28:25,Speed Baccarat 8,sansan|telecho|P,0
2026-08-01 06:28:37,Baccarat 5,niconico|dragon|B,0
2026-08-01 06:40:56,Japanese Speed Baccarat 2,telecho|telecho|B,1
2026-08-01 06:46:11,Thai Speed Baccarat 2,telecho|nikoichi|P,0
2026-08-01 07:00:20,Speed Baccarat 9,telecho|telecho|B,1
2026-08-01 07:06:19,Vietnamese Speed Baccarat 1,niconico|nikoichi|P,0
2026-08-01 07:17:41,Speed Baccarat 2,niconico|dragon|B,1
2026-08-01 07:45:47,Speed Baccarat 2,telecho|telecho|B,0
2026-08-01 07:50:44,Speed Baccarat 8,telecho|nikoichi|P,0
2026-08-01 07:59:50,Vietnamese Speed Baccarat 1,niconico|dragon|B,1
2026-08-01 08:18:02,Baccarat 2,telecho|telecho|B,1
2026-08-01 08:18:17,Thai Speed Baccarat 1,niconico|dragon|B,1
2026-08-01 08:21:08,Speed Baccarat 13,telecho|telecho|B,0
2026-08-01 08:21:45,Speed Baccarat 5,niconico|dragon|B,1
2026-08-01 08:30:21,Baccarat 1,niconico|nikoichi|B,1
2026-08-01 08:41:47,Speed Baccarat 2,telecho|telecho|B,1
2026-08-01 08:47:27,Turbo Baccarat,telecho|telecho|B,1
2026-08-01 08:49:05,Speed Baccarat 5,telecho|nikoichi|P,0
2026-08-01 09:22:04,Vietnamese Speed Baccarat 3,telecho|telecho|B,0
2026-08-01 09:24:06,Chinese Speed Baccarat 2,telecho|telecho|B,1
2026-08-01 09:32:13,Vietnamese Speed Baccarat 1,telecho|telecho|B,1
2026-08-01 09:36:20,Speed Baccarat 11,telecho|telecho|B,0
2026-08-01 09:39:47,Baccarat 1,telecho|telecho|B,1
2026-08-01 09:42:40,Baccarat 1,telecho|nikoichi|P,1
2026-08-01 10:09:40,Indonesian Speed Baccarat 1,telecho|telecho|B,0
2026-08-01 10:10:22,Korean Baccarat 2,telecho|telecho|B,1
2026-08-01 10:11:30,Indonesian Speed Baccarat 1,niconico|nikoichi|B,1
2026-08-01 10:21:28,STAKE SPEED BACCARAT,telecho|telecho|B,1
2026-08-01 10:24:31,Super 8 Baccarat,telecho|nikoichi|P,1
2026-08-01 10:33:13,Korean Turbo Baccarat 1,niconico|nikoichi|P,1
2026-08-01 10:48:29,Japanese Speed Baccarat 2,telecho|nikoichi|P,0
2026-08-01 10:53:20,Vietnamese Speed Baccarat 2,telecho|telecho|B,0
2026-08-01 10:54:31,Korean Baccarat 1,niconico|dragon|B,1
2026-08-01 10:57:15,Speed Baccarat 11,telecho|nikoichi|P,0
2026-08-01 11:14:36,Vietnamese Speed Baccarat 3,telecho|telecho|B,0
2026-08-01 11:38:00,Thai Speed Baccarat 2,sansan|telecho|P,0
2026-08-01 11:58:21,Speed Baccarat 9,telecho|telecho|B,0
2026-08-01 12:26:24,Speed Baccarat 15,niconico|nikoichi|P,0
2026-08-01 12:33:34,Turbo Baccarat,niconico|nikoichi|B,0
2026-08-01 12:48:47,Speed Baccarat 18,niconico|dragon|B,1
2026-08-01 12:57:57,Speed Baccarat 6,telecho|telecho|B,1
2026-08-01 13:08:45,Speed Baccarat 8,telecho|nikoichi|P,1
2026-08-01 13:12:41,Baccarat 2,telecho|telecho|B,0
2026-08-01 13:16:10,Turbo Baccarat,telecho|telecho|B,1
2026-08-01 13:21:39,Vietnamese Speed Baccarat 2,sansan|telecho|P,0
2026-08-01 13:23:35,Japanese Speed Baccarat 2,telecho|nikoichi|P,1
2026-08-01 13:30:19,Japanese Speed Baccarat 1,telecho|telecho|B,0
2026-08-01 13:52:30,Speed Baccarat 11,telecho|nikoichi|P,1
2026-08-01 13:55:50,Korean Speed Baccarat 2,niconico|nikoichi|P,0
2026-08-01 14:00:13,Baccarat 6,telecho|telecho|B,1
2026-08-01 14:06:01,Thai Baccarat 1,telecho|telecho|B,1
2026-08-01 14:06:13,Baccarat 6,telecho|telecho|B,1
2026-08-01 14:06:44,Indonesian Speed Baccarat 2,niconico|nikoichi|P,1
2026-08-01 14:22:55,Baccarat 5,sansan|telecho|P,0
2026-08-01 14:27:08,Thai Speed Baccarat 1,telecho|telecho|B,0
2026-08-01 14:28:06,Speed Baccarat 9,telecho|telecho|B,0
2026-08-01 14:33:12,Baccarat 6,telecho|nikoichi|P,0
2026-08-01 14:41:35,Chinese Speed Baccarat 1,telecho|nikoichi|P,0
2026-08-01 14:53:43,Japanese Speed Baccarat 3,niconico|dragon|B,0
2026-08-01 15:07:58,Fortune 6 Baccarat,telecho|nikoichi|P,1
2026-08-01 15:15:07,Baccarat 1,niconico|dragon|B,1
2026-08-01 15:23:34,Speed Baccarat 11,niconico|nikoichi|P,1
2026-08-01 15:29:43,Baccarat 9,telecho|nikoichi|P,0
2026-08-01 15:32:51,Super 8 Baccarat,telecho|nikoichi|P,0
2026-08-01 15:36:08,Chinese Speed Baccarat 3,telecho|nikoichi|P,0
2026-08-01 15:42:29,Speed Baccarat 8,niconico|dragon|B,1
2026-08-01 15:48:23,Korean Speed Baccarat 1,niconico|dragon|B,0
2026-08-01 16:02:02,Baccarat 9,telecho|telecho|B,1
2026-08-01 16:06:33,Speed Baccarat 16,niconico|nikoichi|B,0
2026-08-01 16:30:31,Super 8 Baccarat,telecho|telecho|B,0
2026-08-01 16:30:47,Japanese Speed Baccarat 1,telecho|nikoichi|P,1
2026-08-01 16:34:40,Speed Baccarat 9,niconico|nikoichi|B,1
2026-08-01 16:48:12,Korean Speed Baccarat 1,telecho|telecho|B,0
2026-08-01 16:50:31,Speed Baccarat 15,niconico|nikoichi|P,1
2026-08-01 16:50:50,Speed Baccarat 18,niconico|nikoichi|B,0
2026-08-01 16:51:21,Speed Baccarat 11,niconico|nikoichi|B,1
2026-08-01 16:53:42,Korean Speed Baccarat 1,niconico|dragon|B,1
2026-08-01 16:56:44,Indonesian Speed Baccarat 1,telecho|telecho|B,0
2026-08-01 16:58:18,Speed Baccarat 1,telecho|nikoichi|P,1
2026-08-01 17:00:30,Speed Baccarat 15,niconico|nikoichi|P,1
2026-08-01 17:03:16,Chinese Speed Baccarat 3,telecho|telecho|B,0
2026-08-01 17:21:03,Japanese Speed Baccarat 2,telecho|telecho|B,1
2026-08-01 17:34:40,Chinese Speed Baccarat 3,telecho|telecho|B,1
2026-08-01 17:39:31,Speed Baccarat 16,telecho|telecho|B,0
2026-08-01 17:39:46,Baccarat 2,telecho|telecho|B,0
2026-08-01 18:08:24,Korean Speed Baccarat 3,niconico|dragon|B,1
2026-08-01 18:22:55,Baccarat 1,niconico|nikoichi|P,0
2026-08-01 18:26:26,Japanese Speed Baccarat 2,sansan|telecho|P,0
2026-08-01 18:31:38,Baccarat 9,niconico|nikoichi|P,0
2026-08-01 18:36:37,Speed Baccarat 16,telecho|telecho|B,1
2026-08-01 18:44:53,Speed Baccarat 11,telecho|nikoichi|P,1
2026-08-01 18:54:08,Indonesian Speed Baccarat 1,niconico|dragon|B,0
2026-08-01 19:01:28,Super 8 Baccarat,telecho|telecho|B,1
2026-08-01 19:13:40,Thai Baccarat 1,telecho|telecho|B,1
2026-08-01 19:31:17,Super 8 Baccarat,telecho|telecho|B,0
2026-08-01 19:33:11,Speed Baccarat 13,niconico|nikoichi|B,0
2026-08-01 19:35:13,Korean Turbo Baccarat 1,telecho|nikoichi|P,1
2026-08-01 19:38:25,STAKE SPEED BACCARAT,niconico|dragon|B,1
2026-08-01 19:43:12,Korean Baccarat 1,telecho|nikoichi|P,0
2026-08-01 19:48:26,Korean Speed Baccarat 1,telecho|telecho|B,1
2026-08-01 19:51:08,Turbo Baccarat,niconico|dragon|B,1
2026-08-01 19:59:48,Indonesian Speed Baccarat 2,telecho|nikoichi|P,1
2026-08-01 20:00:07,Speed Baccarat 2,telecho|telecho|B,0
2026-08-01 20:07:12,Speed Baccarat 13,telecho|telecho|B,0
2026-08-01 20:12:12,Vietnamese Speed Baccarat 3,niconico|dragon|B,0
2026-08-01 20:18:41,Japanese Speed Baccarat 3,telecho|nikoichi|P,1
2026-08-01 20:21:36,Speed Baccarat 6,telecho|telecho|B,1
2026-08-01 20:22:37,Vietnamese Speed Baccarat 1,telecho|nikoichi|P,0
2026-08-01 20:32:23,Fortune 6 Baccarat,telecho|nikoichi|P,1
2026-08-01 20:47:47,Baccarat 1,niconico|dragon|B,1
2026-08-01 20:50:34,Thai Speed Baccarat 2,telecho|nikoichi|P,0
2026-08-01 20:59:10,Speed Baccarat 11,niconico|nikoichi|P,1
2026-08-01 21:07:26,Japanese Speed Baccarat 1,telecho|nikoichi|P,0
2026-08-01 21:14:23,Korean Speed Baccarat 5,telecho|nikoichi|P,1
2026-08-01 21:29:51,Speed Baccarat 17,niconico|dragon|B,0
2026-08-01 21:31:25,Fortune 6 Baccarat,telecho|telecho|B,1
2026-08-01 21:33:21,Korean Baccarat 2,telecho|telecho|B,0
2026-08-01 21:38:03,Speed Baccarat 15,niconico|dragon|B,0
2026-08-01 21:55:21,Speed Baccarat 2,telecho|telecho|B,0
2026-08-01 21:56:40,Korean Turbo Baccarat 1,telecho|telecho|B,0
2026-08-01 22:11:26,Korean Speed Baccarat 1,telecho|nikoichi|P,0
2026-08-01 22:21:18,Korean Baccarat 1,sansan|telecho|P,1
2026-08-01 22:22:42,Korean Turbo Baccarat 1,telecho|telecho|B,0
2026-08-01 22:24:23,Thai Speed Baccarat 2,telecho|telecho|B,1
2026-08-01 22:25:22,Speed Baccarat 16,telecho|telecho|B,1
2026-08-01 22:28:49,Fortune 6 Baccarat,telecho|telecho|B,1
2026-08-01 22:38:24,Baccarat 2,niconico|nikoichi|P,1
2026-08-01 22:52:11,Indonesian Speed Baccarat 2,telecho|telecho|B,1
2026-08-01 23:11:00,Speed Baccarat 12,niconico|dragon|B,1
2026-08-01 23:19:02,Speed Baccarat 1,niconico|nikoichi|P,1
2026-08-01 23:22:04,Vietnamese Speed Baccarat 1,niconico|nikoichi|P,1
2026-08-01 23:37:47,Speed Baccarat 11,telecho|nikoichi|P,0
2026-08-01 23:48:36,Speed Baccarat 6,niconico|nikoichi|B,1
2026-08-01 23:52:13,Vietnamese Speed Baccarat 3,telecho|telecho|B,0
2026-08-01 23:54:56,Turbo Baccarat,telecho|nikoichi|P,1
2026-08-01 23:56:41,Speed Baccarat 8,telecho|telecho|B,1
2026-08-02 00:32:48,Speed Baccarat 12,telecho|telecho|B,0
2026-08-02 00:34:40,Indonesian Speed Baccarat 1,telecho|telecho|B,1
2026-08-02 00:37:07,Chinese Speed Baccarat 1,telecho|nikoichi|P,1
2026-08-02 00:37:53,Chinese Speed Baccarat 1,niconico|nikoichi|B,0
2026-08-02 01:01:39,Chinese Speed Baccarat 3,telecho|nikoichi|P,1
2026-08-02 01:01:50,Speed Baccarat 18,niconico|dragon|B,1
2026-08-02 01:37:13,Speed Baccarat 11,telecho|telecho|B,0
2026-08-02 01:38:42,Turbo Baccarat,telecho|telecho|B,0
2026-08-02 01:47:36,Speed Baccarat 8,niconico|dragon|B,0
2026-08-02 01:57:02,Japanese Speed Baccarat 1,niconico|dragon|B,0
2026-08-02 02:10:45,Japanese Speed Baccarat 3,telecho|telecho|B,1
2026-08-02 02:12:35,Vietnamese Speed Baccarat 2,telecho|telecho|B,0
2026-08-02 02:25:07,Speed Baccarat 16,sansan|telecho|P,1
2026-08-02 02:31:52,Chinese Speed Baccarat 1,telecho|telecho|B,1
2026-08-02 02:33:04,Speed Baccarat 12,telecho|nikoichi|P,0
2026-08-02 02:45:13,Korean Turbo Baccarat 1,telecho|telecho|B,0
2026-08-02 02:48:15,Speed Baccarat 9,niconico|dragon|B,1
2026-08-02 02:53:15,Speed Baccarat 2,niconico|nikoichi|P,0
2026-08-02 02:54:46,Speed Baccarat 3,niconico|dragon|B,0
2026-08-02 03:10:21,Korean Turbo Baccarat 1,telecho|telecho|B,1
2026-08-02 03:12:12,Korean Speed Baccarat 3,telecho|telecho|B,0
2026-08-02 03:16:40,Thai Speed Baccarat 2,niconico|nikoichi|P,0
2026-08-02 03:20:49,Korean Speed Baccarat 3,telecho|telecho|B,1
2026-08-02 03:22:57,Fortune 6 Baccarat,telecho|nikoichi|P,0
2026-08-02 03:29:39,Indonesian Speed Baccarat 1,telecho|telecho|B,0
2026-08-02 03:31:18,Korean Turbo Baccarat 1,telecho|nikoichi|P,0
2026-08-02 03:34:08,Indonesian Speed Baccarat 2,sansan|telecho|P,1
2026-08-02 03:41:30,Baccarat 6,telecho|telecho|B,0
2026-08-02 03:43:13,Chinese Speed Baccarat 2,telecho|nikoichi|P,1
2026-08-02 04:03:53,Chinese Speed Baccarat 1,telecho|telecho|B,1
2026-08-02 04:09:12,Speed Baccarat 9,telecho|nikoichi|P,0
2026-08-02 04:12:13,Turbo Baccarat,telecho|telecho|B,0
2026-08-02 04:14:06,Baccarat 1,telecho|telecho|B,1
2026-08-02 04:20:55,Baccarat 6,niconico|nikoichi|P,1
2026-08-02 04:22:44,Vietnamese Speed Baccarat 1,niconico|dragon|B,1
2026-08-02 04:45:07,Speed Baccarat 6,niconico|nikoichi|B,1
2026-08-02 04:47:15,Speed Baccarat 16,niconico|nikoichi|B,1
2026-08-02 04:50:35,Fortune 6 Baccarat,niconico|nikoichi|B,1
2026-08-02 05:00:06,Super 8 Baccarat,niconico|dragon|B,1
2026-08-02 05:05:16,STAKE SPEED BACCARAT,telecho|nikoichi|P,1
2026-08-02 05:12:20,Speed Baccarat 6,telecho|telecho|B,0
2026-08-02 05:13:01,Vietnamese Speed Baccarat 3,telecho|nikoichi|P,0
2026-08-02 05:13:49,Vietnamese Speed Baccarat 3,telecho|telecho|B,0
2026-08-02 05:14:16,Korean Baccarat 2,telecho|nikoichi|P,1
2026-08-02 05:17:22,Speed Baccarat 1,niconico|dragon|B,1
2026-08-02 05:36:26,Speed Baccarat 6,telecho|telecho|B,1
2026-08-02 05:40:32,Thai Speed Baccarat 2,niconico|dragon|B,1
2026-08-02 06:01:03,Speed Baccarat 12,telecho|nikoichi|P,1
2026-08-02 06:03:08,Indonesian Speed Baccarat 1,niconico|dragon|B,0
2026-08-02 06:03:26,Thai Baccarat 1,niconico|nikoichi|P,0
2026-08-02 06:05:29,Baccarat 1,niconico|nikoichi|B,1
2026-08-02 06:08:46,Baccarat 6,telecho|telecho|B,0
2026-08-02 06:12:59,Vietnamese Speed Baccarat 3,niconico|dragon|B,1
2026-08-02 06:18:01,Vietnamese Speed Baccarat 1,telecho|nikoichi|P,0
2026-08-02 06:28:48,Speed Baccarat 12,telecho|telecho|B,0
2026-08-02 06:34:48,Speed Baccarat 6,telecho|telecho|B,0
2026-08-02 06:41:57,Chinese Speed Baccarat 3,niconico|dragon|B,0
2026-08-02 06:45:28,Vietnamese Speed Baccarat 2,niconico|dragon|B,0
2026-08-02 06:47:41,Korean Speed Baccarat 3,telecho|nikoichi|P,1
2026-08-02 06:51:04,Chinese Speed Baccarat 2,niconico|dragon|B,0
2026-08-02 06:52:50,Korean Speed Baccarat 3,telecho|nikoichi|P,0
2026-08-02 06:54:39,Speed Baccarat 12,telecho|nikoichi|P,0
2026-08-02 06:57:36,Speed Baccarat 15,telecho|telecho|B,1
2026-08-02 06:57:45,Speed Baccarat 18,telecho|telecho|B,0
2026-08-02 07:24:30,Korean Speed Baccarat 3,telecho|telecho|B,0
2026-08-02 07:27:15,Speed Baccarat 11,niconico|nikoichi|B,1
2026-08-02 07:29:21,Baccarat 6,niconico|nikoichi|P,1
2026-08-02 07:43:02,Turbo Baccarat,niconico|nikoichi|B,0
2026-08-02 07:50:14,Speed Baccarat 2,telecho|nikoichi|P,1
2026-08-02 07:50:22,Korean Baccarat 2,telecho|telecho|B,1
2026-08-02 08:00:46,Baccarat 1,telecho|telecho|B,1
2026-08-02 08:19:16,Speed Baccarat 12,telecho|telecho|B,1
2026-08-02 08:22:34,Speed Baccarat 3,telecho|telecho|B,1
2026-08-02 08:22:50,Speed Baccarat 15,telecho|telecho|B,1
2026-08-02 08:23:43,Korean Baccarat 2,telecho|nikoichi|P,0
2026-08-02 08:36:45,Korean Speed Baccarat 2,telecho|nikoichi|P,0
2026-08-02 08:37:02,Speed Baccarat 18,niconico|dragon|B,1
2026-08-02 09:08:14,Turbo Baccarat,telecho|nikoichi|P,0
2026-08-02 09:18:52,Speed Baccarat 13,telecho|nikoichi|P,0
2026-08-02 09:24:15,Korean Baccarat 1,telecho|telecho|B,1
2026-08-02 10:06:41,Korean Turbo Baccarat 1,telecho|nikoichi|P,1
2026-08-02 10:10:46,Japanese Speed Baccarat 3,niconico|dragon|B,1
2026-08-02 10:20:37,Turbo Baccarat,telecho|telecho|B,0
2026-08-02 10:26:36,Korean Speed Baccarat 1,telecho|telecho|B,1
2026-08-02 10:30:37,Korean Turbo Baccarat 1,telecho|nikoichi|P,1
2026-08-02 10:50:38,Thai Speed Baccarat 2,telecho|telecho|B,0
2026-08-02 10:55:31,Japanese Speed Baccarat 1,telecho|nikoichi|P,1
2026-08-02 10:56:08,Fortune 6 Baccarat,niconico|dragon|B,1
2026-08-02 11:10:43,Korean Speed Baccarat 2,telecho|telecho|B,0
2026-08-02 11:20:46,Indonesian Speed Baccarat 2,telecho|telecho|B,1
2026-08-02 11:23:27,Indonesian Speed Baccarat 2,telecho|nikoichi|P,1
2026-08-02 11:24:11,Chinese Speed Baccarat 2,telecho|telecho|B,0
2026-08-02 11:25:19,Speed Baccarat 18,niconico|nikoichi|P,0
2026-08-02 11:41:06,Baccarat 5,telecho|nikoichi|P,0
2026-08-02 11:46:22,Speed Baccarat 2,telecho|telecho|B,0
2026-08-02 11:50:31,Japanese Speed Baccarat 2,telecho|nikoichi|P,1
2026-08-02 12:10:17,Korean Speed Baccarat 2,telecho|telecho|B,0
2026-08-02 12:16:48,Speed Baccarat 5,telecho|nikoichi|P,0
2026-08-02 12:18:42,Speed Baccarat 5,niconico|dragon|B,0
2026-08-02 12:23:17,Baccarat 6,telecho|nikoichi|P,1
2026-08-02 12:23:46,Chinese Speed Baccarat 3,telecho|nikoichi|P,1
2026-08-02 12:36:55,Thai Speed Baccarat 1,telecho|nikoichi|P,0
2026-08-02 12:56:07,Korean Turbo Baccarat 1,telecho|telecho|B,1
2026-08-02 13:03:23,Vietnamese Speed Baccarat 3,telecho|telecho|B,0
2026-08-02 13:13:03,Chinese Speed Baccarat 1,telecho|telecho|B,0
2026-08-02 13:31:52,Super 8 Baccarat,telecho|nikoichi|P,1
2026-08-02 13:40:12,Turbo Baccarat,telecho|telecho|B,1
2026-08-02 13:47:44,Chinese Speed Baccarat 1,telecho|telecho|B,0
2026-08-02 13:58:03,Speed Baccarat 18,niconico|dragon|B,0
2026-08-02 14:05:26,Vietnamese Speed Baccarat 2,telecho|telecho|B,1
2026-08-02 14:06:13,Korean Speed Baccarat 2,telecho|telecho|B,1
2026-08-02 14:08:29,Korean Speed Baccarat 2,telecho|nikoichi|P,0
2026-08-02 14:18:14,Japanese Speed Baccarat 3,niconico|nikoichi|B,1
2026-08-02 14:22:50,Chinese Speed Baccarat 3,telecho|nikoichi|P,0
2026-08-02 14:40:03,Vietnamese Speed Baccarat 1,telecho|telecho|B,1
2026-08-02 14:42:27,Vietnamese Speed Baccarat 1,telecho|nikoichi|P,0
2026-08-02 14:43:18,Chinese Speed Baccarat 1,telecho|nikoichi|P,0
2026-08-02 14:50:26,Speed Baccarat 15,telecho|telecho|B,1
2026-08-02 15:01:21,Super 8 Baccarat,telecho|nikoichi|P,1
2026-08-02 15:07:15,Vietnamese Speed Baccarat 3,telecho|telecho|B,1
2026-08-02 15:13:15,Korean Speed Baccarat 5,telecho|telecho|B,0
2026-08-02 15:23:41,Japanese Speed Baccarat 1,telecho|telecho|B,1
2026-08-02 15:23:55,Chinese Speed Baccarat 3,telecho|telecho|B,0
2026-08-02 15:26:38,Speed Baccarat 1,telecho|nikoichi|P,1
2026-08-02 15:29:44,Baccarat 7,telecho|telecho|B,1
2026-08-02 15:30:27,Speed Baccarat 1,niconico|dragon|B,0
2026-08-02 15:31:09,Speed Baccarat 9,telecho|nikoichi|P,0
2026-08-02 15:31:32,Japanese Speed Baccarat 1,telecho|nikoichi|P,1
2026-08-02 15:35:46,Korean Speed Baccarat 2,niconico|nikoichi|B,0
2026-08-02 15:41:37,Korean Baccarat 1,telecho|telecho|B,1
2026-08-02 15:42:50,Korean Turbo Baccarat 1,niconico|nikoichi|P,1
2026-08-02 15:51:10,Japanese Speed Baccarat 3,telecho|nikoichi|P,0
2026-08-02 15:56:24,Baccarat 1,telecho|telecho|B,0
2026-08-02 15:59:47,Baccarat 1,telecho|nikoichi|P,1
2026-08-02 16:06:59,Korean Turbo Baccarat 1,telecho|telecho|B,0
2026-08-02 16:12:34,Chinese Speed Baccarat 1,niconico|dragon|B,0
2026-08-02 16:19:24,Speed Baccarat 15,niconico|nikoichi|B,1
2026-08-02 16:26:44,Korean Speed Baccarat 1,telecho|nikoichi|P,0
2026-08-02 16:46:02,STAKE SPEED BACCARAT,telecho|telecho|B,1
2026-08-02 16:54:05,Korean Turbo Baccarat 1,telecho|nikoichi|P,0
2026-08-02 17:02:37,Thai Speed Baccarat 2,telecho|telecho|B,0
2026-08-02 17:06:35,Vietnamese Speed Baccarat 1,telecho|telecho|B,1
2026-08-02 17:09:55,Speed Baccarat 17,telecho|telecho|B,0
2026-08-02 17:14:38,Speed Baccarat 15,telecho|nikoichi|P,1
2026-08-02 17:16:28,Speed Baccarat 5,telecho|nikoichi|P,1
2026-08-02 17:43:57,Chinese Speed Baccarat 2,telecho|nikoichi|P,1
2026-08-02 17:46:46,Chinese Speed Baccarat 2,niconico|dragon|B,1
2026-08-02 17:47:56,Speed Baccarat 11,telecho|nikoichi|P,0
2026-08-02 17:50:19,Speed Baccarat 5,telecho|telecho|B,1
2026-08-02 17:58:20,Speed Baccarat 2,telecho|nikoichi|P,1
2026-08-02 17:58:28,Japanese Speed Baccarat 1,telecho|telecho|B,0
2026-08-02 18:12:23,Super 8 Baccarat,telecho|telecho|B,1
2026-08-02 18:12:56,Speed Baccarat 5,telecho|nikoichi|P,0
2026-08-02 18:13:31,Korean Speed Baccarat 2,niconico|nikoichi|P,1
2026-08-02 18:14:05,STAKE SPEED BACCARAT,niconico|dragon|B,1
2026-08-02 18:19:08,Thai Speed Baccarat 1,niconico|nikoichi|B,0
2026-08-02 18:21:17,Chinese Speed Baccarat 3,niconico|dragon|B,1
2026-08-02 18:25:55,Vietnamese Speed Baccarat 2,telecho|nikoichi|P,1
2026-08-02 18:29:12,Baccarat 1,telecho|nikoichi|P,0
2026-08-02 18:36:14,Chinese Speed Baccarat 1,telecho|telecho|B,1
2026-08-02 18:45:51,Speed Baccarat 5,telecho|nikoichi|P,1
2026-08-02 18:56:19,Thai Speed Baccarat 2,niconico|dragon|B,0
2026-08-02 18:58:48,Speed Baccarat 8,telecho|nikoichi|P,0
2026-08-02 19:01:35,Korean Speed Baccarat 1,niconico|nikoichi|B,1
2026-08-02 19:03:41,Japanese Speed Baccarat 1,telecho|telecho|B,0
2026-08-02 19:03:47,Fortune 6 Baccarat,telecho|nikoichi|P,0
2026-08-02 19:03:55,Speed Baccarat 6,niconico|nikoichi|P,0
2026-08-02 19:08:26,Chinese Speed Baccarat 1,niconico|dragon|B,0
2026-08-02 19:22:59,Speed Baccarat 18,telecho|nikoichi|P,1
2026-08-02 20:06:04,Speed Baccarat 17,telecho|telecho|B,1
2026-08-02 20:08:24,Speed Baccarat 9,telecho|telecho|B,1
2026-08-02 20:08:32,Speed Baccarat 17,telecho|nikoichi|P,0
2026-08-02 20:08:46,Indonesian Speed Baccarat 1,niconico|nikoichi|P,1
2026-08-02 20:35:08,Fortune 6 Baccarat,niconico|dragon|B,0
2026-08-02 20:44:12,Thai Baccarat 1,niconico|dragon|B,0
2026-08-02 20:46:47,Speed Baccarat 15,niconico|nikoichi|P,0
2026-08-02 20:57:58,Japanese Speed Baccarat 3,telecho|nikoichi|P,0
2026-08-02 20:59:26,Japanese Speed Baccarat 2,telecho|telecho|B,1
2026-08-02 21:05:46,Thai Speed Baccarat 1,niconico|nikoichi|P,1
2026-08-02 21:23:12,Vietnamese Speed Baccarat 1,telecho|telecho|B,1
2026-08-02 21:28:29,Korean Turbo Baccarat 1,niconico|dragon|B,1
2026-08-02 21:42:10,Speed Baccarat 15,telecho|telecho|B,1
2026-08-02 21:44:53,Speed Baccarat 5,telecho|nikoichi|P,1
2026-08-02 21:57:35,Speed Baccarat 8,telecho|telecho|B,0
2026-08-02 22:03:11,Speed Baccarat 1,telecho|nikoichi|P,1
2026-08-02 22:05:06,Fortune 6 Baccarat,niconico|dragon|B,1
2026-08-02 22:10:20,Speed Baccarat 1,telecho|telecho|B,0
2026-08-02 22:10:39,Chinese Speed Baccarat 1,telecho|telecho|B,0
2026-08-02 22:22:42,Korean Speed Baccarat 2,sansan|telecho|P,1
2026-08-02 22:23:00,Baccarat 6,telecho|nikoichi|P,1
2026-08-02 22:37:40,Korean Speed Baccarat 1,telecho|telecho|B,1
2026-08-02 22:46:34,Vietnamese Speed Baccarat 1,telecho|telecho|B,1
2026-08-02 23:04:14,STAKE SPEED BACCARAT,niconico|nikoichi|B,0
2026-08-02 23:05:34,Indonesian Speed Baccarat 1,niconico|nikoichi|B,1
2026-08-02 23:22:48,Japanese Speed Baccarat 3,telecho|telecho|B,1
2026-08-02 23:30:38,Indonesian Speed Baccarat 2,telecho|telecho|B,1
2026-08-02 23:38:22,Thai Speed Baccarat 1,niconico|dragon|B,1
2026-08-02 23:39:38,Korean Speed Baccarat 1,niconico|nikoichi|P,1
2026-08-02 23:52:27,Japanese Speed Baccarat 3,niconico|dragon|B,0
2026-08-03 00:03:52,Japanese Speed Baccarat 1,telecho|telecho|B,0
2026-08-03 00:10:24,Speed Baccarat 5,niconico|nikoichi|B,1
2026-08-03 00:10:45,Speed Baccarat 5,niconico|nikoichi|P,1
2026-08-03 00:17:54,Vietnamese Speed Baccarat 1,telecho|telecho|B,0
2026-08-03 00:43:02,Korean Speed Baccarat 5,telecho|nikoichi|P,1
2026-08-03 00:51:18,Speed Baccarat 18,niconico|nikoichi|P,1
2026-08-03 00:58:39,Speed Baccarat 12,telecho|telecho|B,1
2026-08-03 01:04:41,Speed Baccarat 3,telecho|nikoichi|P,0
2026-08-03 01:05:48,Turbo Baccarat,telecho|nikoichi|P,0
2026-08-03 01:24:53,Baccarat 9,telecho|telecho|B,1
2026-08-03 01:32:32,Baccarat 6,niconico|nikoichi|B,0
2026-08-03 01:56:10,Chinese Speed Baccarat 2,niconico|dragon|B,0
2026-08-03 02:00:00,Vietnamese Speed Baccarat 2,telecho|telecho|B,0
2026-08-03 02:02:27,Speed Baccarat 1,telecho|telecho|B,1
2026-08-03 02:03:15,Speed Baccarat 1,telecho|telecho|B,0
2026-08-03 02:04:27,Thai Speed Baccarat 2,telecho|telecho|B,1
2026-08-03 02:08:11,Speed Baccarat 16,telecho|telecho|B,0
2026-08-03 02:13:57,Speed Baccarat 15,telecho|telecho|B,1
2026-08-03 02:15:21,Korean Turbo Baccarat 1,telecho|telecho|B,1
2026-08-03 02:18:23,Speed Baccarat 15,telecho|telecho|B,1
2026-08-03 02:19:03,Super 8 Baccarat,niconico|dragon|B,1
2026-08-03 02:19:36,Speed Baccarat 1,telecho|telecho|B,0
2026-08-03 02:20:47,Fortune 6 Baccarat,telecho|telecho|B,1
2026-08-03 02:24:22,Korean Turbo Baccarat 1,telecho|nikoichi|P,0
2026-08-03 02:28:23,Speed Baccarat 6,telecho|telecho|B,1
2026-08-03 02:33:52,Speed Baccarat 8,telecho|telecho|B,1
2026-08-03 02:45:26,Chinese Speed Baccarat 1,niconico|dragon|B,1
2026-08-03 02:47:15,Korean Speed Baccarat 5,telecho|telecho|B,0
2026-08-03 02:51:01,Baccarat 2,telecho|nikoichi|P,0
2026-08-03 02:51:10,Speed Baccarat 9,telecho|nikoichi|P,1
2026-08-03 03:03:09,Speed Baccarat 9,telecho|telecho|B,1
2026-08-03 03:04:29,Speed Baccarat 2,telecho|nikoichi|P,0
2026-08-03 03:07:47,Speed Baccarat 1,niconico|dragon|B,1
2026-08-03 03:18:49,Baccarat 9,telecho|telecho|B,1
2026-08-03 03:21:29,Indonesian Speed Baccarat 2,telecho|telecho|B,1
2026-08-03 03:45:35,Korean Speed Baccarat 3,niconico|dragon|B,0
2026-08-03 03:55:14,Fortune 6 Baccarat,sansan|telecho|P,0
2026-08-03 03:57:15,Speed Baccarat 6,niconico|dragon|B,1
2026-08-03 04:00:56,Speed Baccarat 16,niconico|nikoichi|P,1
2026-08-03 04:07:52,Baccarat 6,niconico|dragon|B,1
2026-08-03 04:25:32,Speed Baccarat 18,telecho|telecho|B,1
2026-08-03 04:36:05,Speed Baccarat 5,telecho|telecho|B,1
2026-08-03 04:45:56,Indonesian Speed Baccarat 2,telecho|telecho|B,1
2026-08-03 05:07:02,Speed Baccarat 3,telecho|telecho|B,0
2026-08-03 05:19:38,Fortune 6 Baccarat,telecho|nikoichi|P,1
2026-08-03 05:21:58,Fortune 6 Baccarat,telecho|nikoichi|P,0
2026-08-03 05:23:04,Baccarat 6,niconico|dragon|B,1
2026-08-03 05:57:23,Vietnamese Speed Baccarat 2,telecho|nikoichi|P,1
2026-08-03 05:58:21,Speed Baccarat 18,telecho|nikoichi|P,0
2026-08-03 06:13:43,Thai Speed Baccarat 1,telecho|nikoichi|P,0
2026-08-03 06:16:28,Speed Baccarat 8,niconico|dragon|B,0
2026-08-03 06:22:46,Speed Baccarat 6,telecho|telecho|B,0
2026-08-03 06:29:13,Vietnamese Speed Baccarat 3,telecho|telecho|B,0
2026-08-03 06:30:42,Korean Speed Baccarat 2,niconico|nikoichi|P,0
2026-08-03 06:31:26,Speed Baccarat 2,telecho|telecho|B,0
2026-08-03 06:36:11,Japanese Speed Baccarat 1,telecho|nikoichi|P,0
2026-08-03 06:38:23,Speed Baccarat 5,telecho|nikoichi|P,0
2026-08-03 06:44:05,Speed Baccarat 13,telecho|nikoichi|P,1
2026-08-03 06:44:22,Korean Speed Baccarat 1,telecho|telecho|B,0
2026-08-03 06:45:43,Fortune 6 Baccarat,telecho|telecho|B,1
2026-08-03 06:45:58,Korean Speed Baccarat 1,niconico|nikoichi|B,0
2026-08-03 06:53:27,Indonesian Speed Baccarat 1,telecho|telecho|B,0
2026-08-03 07:03:46,Speed Baccarat 1,telecho|telecho|B,0
2026-08-03 07:17:42,Fortune 6 Baccarat,niconico|nikoichi|P,1
2026-08-03 07:21:52,Speed Baccarat 12,niconico|dragon|B,1
2026-08-03 07:54:27,Baccarat 2,telecho|telecho|B,0
2026-08-03 07:56:48,Chinese Speed Baccarat 3,niconico|nikoichi|B,0
2026-08-03 08:12:38,Speed Baccarat 8,sansan|telecho|P,1
2026-08-03 08:17:43,Fortune 6 Baccarat,niconico|dragon|B,0
2026-08-03 08:23:53,Speed Baccarat 2,telecho|telecho|B,1
2026-08-03 08:37:32,Speed Baccarat 3,telecho|nikoichi|P,1
2026-08-03 11:03:40,Turbo Baccarat,niconico|dragon|B,0
2026-08-03 11:06:21,Speed Baccarat 1,telecho|telecho|B,0
2026-08-03 11:10:13,Baccarat 2,telecho|nikoichi|P,1
2026-08-03 11:14:18,Vietnamese Speed Baccarat 2,niconico|dragon|B,1
2026-08-03 11:18:18,Indonesian Speed Baccarat 1,telecho|telecho|B,0
2026-08-03 11:43:36,Baccarat 6,niconico|nikoichi|B,0
2026-08-03 12:08:24,Japanese Speed Baccarat 2,telecho|telecho|B,1
2026-08-03 12:24:52,Indonesian Speed Baccarat 1,telecho|nikoichi|P,1
2026-08-03 12:28:14,Chinese Speed Baccarat 1,niconico|dragon|B,1
2026-08-03 12:34:31,STAKE SPEED BACCARAT,telecho|telecho|B,0
2026-08-03 12:37:05,Speed Baccarat 12,niconico|nikoichi|B,1
2026-08-03 12:42:16,Baccarat 1,niconico|dragon|B,1
2026-08-03 12:42:55,Speed Baccarat 12,telecho|telecho|B,0
2026-08-03 12:45:40,Speed Baccarat 8,niconico|dragon|B,0
2026-08-03 12:48:10,Speed Baccarat 9,telecho|nikoichi|P,0
2026-08-03 12:50:13,Chinese Speed Baccarat 3,telecho|nikoichi|P,1
2026-08-03 12:52:45,Indonesian Speed Baccarat 1,telecho|telecho|B,0
2026-08-03 13:10:42,Japanese Speed Baccarat 2,telecho|nikoichi|P,1
2026-08-03 13:24:22,Speed Baccarat 2,telecho|telecho|B,1
2026-08-03 13:29:58,Korean Turbo Baccarat 1,niconico|nikoichi|P,1
2026-08-03 13:33:12,Korean Baccarat 1,telecho|telecho|B,0
2026-08-03 13:48:31,Speed Baccarat 8,telecho|nikoichi|P,0
2026-08-03 14:00:17,Speed Baccarat 1,telecho|nikoichi|P,0
2026-08-03 14:14:32,Speed Baccarat 18,telecho|nikoichi|P,1
2026-08-03 14:24:50,Turbo Baccarat,telecho|nikoichi|P,0
2026-08-03 14:30:07,Chinese Speed Baccarat 1,niconico|nikoichi|P,0
2026-08-03 14:42:00,Chinese Speed Baccarat 2,niconico|dragon|B,0
2026-08-03 15:03:40,STAKE SPEED BACCARAT,telecho|telecho|B,1
2026-08-03 15:09:43,Chinese Speed Baccarat 2,telecho|telecho|B,1
2026-08-03 15:13:11,Japanese Speed Baccarat 2,telecho|nikoichi|P,1
2026-08-03 15:29:36,Chinese Speed Baccarat 1,niconico|dragon|B,1
2026-08-03 15:29:52,Speed Baccarat 12,telecho|telecho|B,1
2026-08-03 15:36:17,Korean Turbo Baccarat 1,telecho|nikoichi|P,1
2026-08-03 15:59:43,Korean Speed Baccarat 2,telecho|telecho|B,1
2026-08-03 16:12:13,Speed Baccarat 11,telecho|telecho|B,1
2026-08-03 16:13:19,Thai Baccarat 1,telecho|telecho|B,0
2026-08-03 16:18:22,Vietnamese Speed Baccarat 3,niconico|nikoichi|B,1
2026-08-03 16:22:01,Thai Speed Baccarat 1,telecho|nikoichi|P,0
2026-08-03 16:36:58,Korean Speed Baccarat 5,niconico|nikoichi|P,0
2026-08-03 16:39:52,Speed Baccarat 11,telecho|telecho|B,0
2026-08-03 16:44:59,Super 8 Baccarat,niconico|dragon|B,0
2026-08-03 16:49:58,Turbo Baccarat,niconico|dragon|B,1
2026-08-03 16:52:31,Korean Turbo Baccarat 1,telecho|nikoichi|P,1
2026-08-03 17:05:42,Fortune 6 Baccarat,niconico|dragon|B,1
2026-08-03 17:05:57,Indonesian Speed Baccarat 2,telecho|nikoichi|P,0
2026-08-03 17:09:03,Speed Baccarat 5,niconico|nikoichi|P,1
2026-08-03 17:13:15,Super 8 Baccarat,telecho|telecho|B,1
2026-08-03 17:17:27,Baccarat 1,niconico|dragon|B,1
2026-08-03 17:34:16,Speed Baccarat 5,niconico|dragon|B,1
2026-08-03 17:41:07,Indonesian Speed Baccarat 2,niconico|nikoichi|B,1
2026-08-03 18:05:40,STAKE SPEED BACCARAT,niconico|nikoichi|B,1
2026-08-03 18:08:54,Chinese Speed Baccarat 2,telecho|telecho|B,1
2026-08-03 18:11:47,Korean Speed Baccarat 2,niconico|dragon|B,1
2026-08-03 18:13:49,Indonesian Speed Baccarat 1,telecho|telecho|B,1
2026-08-03 18:25:48,STAKE SPEED BACCARAT,telecho|nikoichi|P,0
2026-08-03 18:59:03,Speed Baccarat 3,telecho|telecho|B,1
2026-08-03 18:59:11,Baccarat 9,telecho|nikoichi|P,0
2026-08-03 19:20:22,Chinese Speed Baccarat 1,telecho|telecho|B,1
2026-08-03 19:23:08,Vietnamese Speed Baccarat 1,sansan|telecho|P,1
2026-08-03 19:43:34,Baccarat 1,niconico|dragon|B,0
2026-08-03 19:44:38,Speed Baccarat 11,niconico|dragon|B,1
2026-08-03 19:49:43,Baccarat 7,niconico|dragon|B,0
2026-08-03 19:57:16,Chinese Speed Baccarat 1,niconico|nikoichi|P,1
2026-08-03 20:19:44,Vietnamese Speed Baccarat 1,telecho|telecho|B,0
2026-08-03 20:30:18,Korean Speed Baccarat 1,telecho|telecho|B,0
2026-08-03 20:30:43,Korean Turbo Baccarat 1,niconico|dragon|B,1
2026-08-03 20:43:12,Turbo Baccarat,telecho|telecho|B,0
2026-08-03 20:49:08,Korean Speed Baccarat 1,telecho|nikoichi|P,0
2026-08-03 20:57:09,Vietnamese Speed Baccarat 2,niconico|nikoichi|B,1
2026-08-03 20:57:34,Vietnamese Speed Baccarat 2,telecho|nikoichi|P,1
2026-08-03 21:00:27,Vietnamese Speed Baccarat 2,telecho|telecho|B,1
2026-08-03 21:11:03,Korean Baccarat 1,telecho|telecho|B,1
2026-08-03 21:51:26,Speed Baccarat 12,telecho|nikoichi|P,1
2026-08-03 21:53:22,Thai Speed Baccarat 2,telecho|telecho|B,0
2026-08-03 22:12:09,Korean Speed Baccarat 2,telecho|telecho|B,1
2026-08-03 22:14:42,Korean Speed Baccarat 2,telecho|nikoichi|P,1
2026-08-03 22:17:06,Baccarat 5,telecho|nikoichi|P,1
2026-08-03 22:29:13,Speed Baccarat 1,niconico|nikoichi|P,1
2026-08-03 22:39:00,Vietnamese Speed Baccarat 3,telecho|telecho|B,1
2026-08-03 22:42:17,Speed Baccarat 2,niconico|dragon|B,1
2026-08-03 22:54:18,Speed Baccarat 3,telecho|telecho|B,1
2026-08-03 23:10:25,Thai Speed Baccarat 2,telecho|telecho|B,0
2026-08-03 23:12:51,Speed Baccarat 6,sansan|telecho|P,0
2026-08-03 23:27:36,STAKE SPEED BACCARAT,telecho|telecho|B,1
2026-08-03 23:30:51,Thai Speed Baccarat 1,niconico|dragon|B,0
2026-08-03 23:36:32,Speed Baccarat 6,telecho|nikoichi|P,0
2026-08-03 23:40:06,Thai Speed Baccarat 2,niconico|dragon|B,0
2026-08-03 23:44:57,Vietnamese Speed Baccarat 1,telecho|telecho|B,0
2026-08-03 23:55:52,Speed Baccarat 1,niconico|dragon|B,0
2026-08-04 00:08:13,Speed Baccarat 6,telecho|nikoichi|P,1
2026-08-04 00:11:20,Speed Baccarat 18,niconico|nikoichi|B,0
2026-08-04 00:29:24,Indonesian Speed Baccarat 2,telecho|telecho|B,1
2026-08-04 00:31:57,Speed Baccarat 15,niconico|dragon|B,1
2026-08-04 00:46:14,Speed Baccarat 2,niconico|dragon|B,1
2026-08-04 00:47:07,Korean Speed Baccarat 3,telecho|telecho|B,0
2026-08-04 00:49:57,Vietnamese Speed Baccarat 1,niconico|nikoichi|B,1
2026-08-04 00:58:51,Indonesian Speed Baccarat 1,telecho|nikoichi|P,0
2026-08-04 01:01:26,Korean Speed Baccarat 5,telecho|telecho|B,0
2026-08-04 01:46:33,Speed Baccarat 9,telecho|telecho|B,1
2026-08-04 02:02:10,Baccarat 5,sansan|telecho|P,1
2026-08-04 02:05:34,Speed Baccarat 6,niconico|nikoichi|B,1
2026-08-04 02:13:43,Fortune 6 Baccarat,telecho|telecho|B,1
2026-08-04 02:14:13,Speed Baccarat 2,niconico|nikoichi|P,1
2026-08-04 02:15:58,Fortune 6 Baccarat,telecho|nikoichi|P,1
2026-08-04 02:17:03,Fortune 6 Baccarat,telecho|nikoichi|P,0
2026-08-04 02:20:14,Vietnamese Speed Baccarat 2,telecho|telecho|B,1
2026-08-04 02:21:25,Vietnamese Speed Baccarat 2,telecho|telecho|B,1
2026-08-04 02:25:43,Indonesian Speed Baccarat 2,niconico|dragon|B,0
2026-08-04 02:27:15,Super 8 Baccarat,telecho|telecho|B,1
2026-08-04 02:29:39,Speed Baccarat 3,telecho|telecho|B,0
2026-08-04 02:32:18,Baccarat 1,niconico|nikoichi|P,0
2026-08-04 02:35:08,Japanese Speed Baccarat 3,telecho|telecho|B,1
2026-08-04 02:46:14,Fortune 6 Baccarat,niconico|nikoichi|P,1
2026-08-04 02:47:54,Japanese Speed Baccarat 2,niconico|dragon|B,1
2026-08-04 02:53:06,Speed Baccarat 3,telecho|telecho|B,1
2026-08-04 03:00:58,Chinese Speed Baccarat 2,telecho|telecho|B,0
2026-08-04 03:12:24,Vietnamese Speed Baccarat 3,telecho|nikoichi|P,1
2026-08-04 03:13:25,Turbo Baccarat,niconico|dragon|B,1
2026-08-04 03:34:08,Korean Baccarat 2,telecho|telecho|B,1
2026-08-04 04:20:20,Baccarat 6,telecho|telecho|B,1
2026-08-04 04:23:56,Speed Baccarat 3,niconico|dragon|B,0
2026-08-04 05:00:42,Chinese Speed Baccarat 2,telecho|telecho|B,1
2026-08-04 05:15:38,Speed Baccarat 11,niconico|nikoichi|P,1
2026-08-04 05:15:59,Vietnamese Speed Baccarat 1,sansan|telecho|P,1
2026-08-04 05:19:15,Korean Speed Baccarat 2,telecho|nikoichi|P,1
2026-08-04 05:22:02,Speed Baccarat 8,niconico|nikoichi|B,0
2026-08-04 05:28:00,Speed Baccarat 18,niconico|dragon|B,0
2026-08-04 05:30:09,Speed Baccarat 6,telecho|telecho|B,0
2026-08-04 05:39:01,Baccarat 6,niconico|dragon|B,0
2026-08-04 05:43:21,Vietnamese Speed Baccarat 1,niconico|dragon|B,1
2026-08-04 05:50:18,Chinese Speed Baccarat 3,telecho|telecho|B,1
2026-08-04 06:07:26,Baccarat 1,telecho|nikoichi|P,0
2026-08-04 06:31:15,Korean Speed Baccarat 1,telecho|telecho|B,1
2026-08-04 06:32:15,Korean Turbo Baccarat 1,niconico|nikoichi|B,0
2026-08-04 06:36:12,Speed Baccarat 12,niconico|nikoichi|B,0
2026-08-04 06:46:57,Speed Baccarat 9,telecho|nikoichi|P,0
2026-08-04 06:49:40,Turbo Baccarat,telecho|nikoichi|P,0
2026-08-04 06:51:54,Indonesian Speed Baccarat 1,telecho|telecho|B,1
2026-08-04 06:52:59,Korean Turbo Baccarat 1,telecho|telecho|B,1
2026-08-04 06:53:26,Japanese Speed Baccarat 2,telecho|nikoichi|P,0
2026-08-04 07:12:29,Speed Baccarat 1,telecho|telecho|B,1
2026-08-04 07:17:40,Japanese Speed Baccarat 1,niconico|dragon|B,0
2026-08-04 07:19:28,Turbo Baccarat,telecho|telecho|B,0
2026-08-04 07:21:18,Speed Baccarat 5,niconico|nikoichi|P,0
2026-08-04 07:31:21,Baccarat 5,telecho|telecho|B,0
2026-08-04 07:41:27,Chinese Speed Baccarat 1,niconico|dragon|B,0
2026-08-04 07:45:47,Speed Baccarat 9,telecho|telecho|B,1
2026-08-04 07:47:22,Speed Baccarat 3,niconico|nikoichi|B,0
2026-08-04 08:10:00,Vietnamese Speed Baccarat 3,telecho|nikoichi|P,1
2026-08-04 08:10:12,Speed Baccarat 2,telecho|nikoichi|P,0
2026-08-04 08:12:48,Vietnamese Speed Baccarat 3,niconico|nikoichi|P,0
2026-08-04 08:39:17,Korean Baccarat 2,niconico|nikoichi|B,1
2026-08-04 08:58:51,Speed Baccarat 13,telecho|telecho|B,0
2026-08-04 09:19:19,Fortune 6 Baccarat,telecho|telecho|B,0
2026-08-04 09:19:27,Korean Speed Baccarat 2,telecho|telecho|B,1
2026-08-04 09:49:07,Speed Baccarat 1,niconico|dragon|B,0
2026-08-04 10:01:51,Korean Turbo Baccarat 1,niconico|nikoichi|P,0
2026-08-04 10:06:50,Speed Baccarat 11,telecho|telecho|B,0
2026-08-04 10:10:38,Vietnamese Speed Baccarat 3,niconico|dragon|B,0
2026-08-04 10:27:52,Speed Baccarat 12,telecho|telecho|B,1
2026-08-04 10:39:53,Chinese Speed Baccarat 1,telecho|nikoichi|P,0
2026-08-04 10:44:34,Speed Baccarat 1,telecho|telecho|B,0
2026-08-04 10:46:11,Speed Baccarat 3,telecho|telecho|B,1
2026-08-04 10:50:47,Speed Baccarat 6,telecho|telecho|B,1
2026-08-04 10:51:11,Korean Speed Baccarat 2,telecho|telecho|B,0
2026-08-04 10:51:31,Speed Baccarat 6,telecho|telecho|B,0
2026-08-04 11:12:38,Indonesian Speed Baccarat 2,telecho|nikoichi|P,0
2026-08-04 11:13:21,Speed Baccarat 2,telecho|telecho|B,1
2026-08-04 11:31:51,Speed Baccarat 9,niconico|dragon|B,0
2026-08-04 11:33:24,Japanese Speed Baccarat 2,niconico|dragon|B,1
2026-08-04 11:36:40,Speed Baccarat 8,niconico|nikoichi|P,0
2026-08-04 11:37:53,Speed Baccarat 8,niconico|dragon|B,1
2026-08-04 11:42:04,Speed Baccarat 5,telecho|nikoichi|P,0
2026-08-04 11:45:06,Speed Baccarat 2,telecho|nikoichi|P,1
2026-08-04 11:47:16,Speed Baccarat 3,telecho|telecho|B,1
2026-08-04 11:48:28,Vietnamese Speed Baccarat 1,niconico|dragon|B,0
2026-08-04 11:57:42,Baccarat 5,niconico|nikoichi|P,1
2026-08-04 12:00:00,Thai Speed Baccarat 2,niconico|nikoichi|P,0
2026-08-04 12:03:50,Speed Baccarat 15,niconico|dragon|B,0
2026-08-04 12:12:30,Speed Baccarat 3,telecho|telecho|B,0
2026-08-04 12:16:15,Indonesian Speed Baccarat 1,niconico|nikoichi|B,0
2026-08-04 12:19:35,Speed Baccarat 1,niconico|nikoichi|P,1
2026-08-04 12:20:20,Speed Baccarat 18,niconico|dragon|B,0
2026-08-04 12:24:06,Speed Baccarat 13,niconico|nikoichi|B,1
2026-08-04 12:24:20,Speed Baccarat 1,niconico|dragon|B,0
2026-08-04 12:24:38,Chinese Speed Baccarat 2,telecho|nikoichi|P,0
2026-08-04 12:25:44,Japanese Speed Baccarat 3,telecho|telecho|B,1
2026-08-04 12:28:04,Japanese Speed Baccarat 3,telecho|nikoichi|P,1
2026-08-04 12:30:20,Baccarat 1,niconico|dragon|B,0
2026-08-04 12:34:41,Korean Speed Baccarat 1,niconico|dragon|B,0
2026-08-04 12:43:09,Thai Speed Baccarat 1,telecho|telecho|B,1
2026-08-04 12:45:08,Speed Baccarat 1,niconico|nikoichi|P,1
2026-08-04 12:49:34,Speed Baccarat 13,telecho|nikoichi|P,0
2026-08-04 12:50:38,Japanese Speed Baccarat 2,niconico|dragon|B,1
2026-08-04 13:06:00,Baccarat 1,telecho|telecho|B,0
2026-08-04 13:08:31,Vietnamese Speed Baccarat 3,telecho|telecho|B,0
2026-08-04 13:20:00,Speed Baccarat 2,telecho|telecho|B,0
2026-08-04 13:22:01,Speed Baccarat 2,niconico|dragon|B,0
2026-08-04 13:22:49,Speed Baccarat 18,niconico|nikoichi|P,0
2026-08-04 13:25:13,Speed Baccarat 9,telecho|telecho|B,0
2026-08-04 13:26:05,Korean Turbo Baccarat 1,niconico|nikoichi|P,1
2026-08-04 13:28:45,Speed Baccarat 15,telecho|nikoichi|P,0
2026-08-04 13:30:09,Japanese Speed Baccarat 3,niconico|dragon|B,0
2026-08-04 13:31:14,Turbo Baccarat,telecho|nikoichi|P,0
2026-08-04 13:39:16,Vietnamese Speed Baccarat 1,niconico|dragon|B,1
2026-08-04 13:41:06,Super 8 Baccarat,telecho|nikoichi|P,0
2026-08-04 13:54:53,Japanese Speed Baccarat 3,niconico|dragon|B,1
2026-08-04 14:10:12,Korean Speed Baccarat 5,telecho|telecho|B,0
2026-08-04 14:34:34,Korean Speed Baccarat 1,telecho|nikoichi|P,1
2026-08-04 14:48:15,Fortune 6 Baccarat,telecho|telecho|B,1
2026-08-04 14:56:13,Speed Baccarat 13,telecho|telecho|B,0
2026-08-04 14:57:48,STAKE SPEED BACCARAT,sansan|telecho|P,0
2026-08-04 15:11:40,Speed Baccarat 18,niconico|dragon|B,1
2026-08-04 15:12:49,Japanese Speed Baccarat 2,niconico|nikoichi|B,0
2026-08-04 15:15:13,Speed Baccarat 16,telecho|telecho|B,0
2026-08-04 15:16:01,Speed Baccarat 6,niconico|dragon|B,0
2026-08-04 15:37:00,Vietnamese Speed Baccarat 3,niconico|dragon|B,1
2026-08-04 15:44:24,Super 8 Baccarat,niconico|nikoichi|P,0
2026-08-04 16:10:44,Speed Baccarat 18,niconico|nikoichi|P,0
2026-08-04 16:11:11,Vietnamese Speed Baccarat 2,niconico|nikoichi|P,1
2026-08-04 16:11:51,Vietnamese Speed Baccarat 2,niconico|nikoichi|B,0
2026-08-04 16:15:27,Vietnamese Speed Baccarat 2,niconico|dragon|B,0
2026-08-04 16:19:01,Korean Speed Baccarat 3,niconico|nikoichi|B,0
2026-08-04 16:23:46,Japanese Speed Baccarat 3,niconico|dragon|B,1
2026-08-04 16:37:31,Japanese Speed Baccarat 1,telecho|telecho|B,0
2026-08-04 16:47:30,Speed Baccarat 6,telecho|telecho|B,1
2026-08-04 17:06:58,Japanese Speed Baccarat 2,niconico|nikoichi|P,0
2026-08-04 17:08:10,Korean Speed Baccarat 1,niconico|dragon|B,1
2026-08-04 17:12:52,Korean Speed Baccarat 1,niconico|nikoichi|P,1
2026-08-04 17:21:35,Baccarat 6,telecho|nikoichi|P,0
2026-08-04 17:30:17,Thai Speed Baccarat 2,niconico|dragon|B,1
2026-08-04 17:39:53,Speed Baccarat 8,niconico|dragon|B,0
2026-08-04 17:41:11,Baccarat 1,niconico|nikoichi|P,0
2026-08-04 17:45:47,Korean Turbo Baccarat 1,niconico|nikoichi|B,1
2026-08-04 18:03:33,Baccarat 5,telecho|nikoichi|P,1
2026-08-04 18:14:55,Baccarat 1,niconico|nikoichi|P,1
2026-08-04 18:19:12,Super 8 Baccarat,niconico|nikoichi|B,0
2026-08-04 18:30:30,Speed Baccarat 11,niconico|dragon|B,0
2026-08-04 18:50:51,Chinese Speed Baccarat 2,telecho|telecho|B,1
2026-08-04 18:57:42,Speed Baccarat 1,telecho|telecho|B,0
2026-08-04 19:08:04,Speed Baccarat 9,niconico|nikoichi|B,1
2026-08-04 19:13:42,Speed Baccarat 12,telecho|nikoichi|P,0
2026-08-04 19:16:37,Thai Speed Baccarat 1,telecho|telecho|B,1
2026-08-04 19:24:47,Thai Speed Baccarat 2,telecho|nikoichi|P,1
2026-08-04 19:34:26,Speed Baccarat 9,telecho|telecho|B,1
2026-08-04 19:35:23,Japanese Speed Baccarat 3,telecho|telecho|B,0
2026-08-04 19:44:38,Japanese Speed Baccarat 1,niconico|dragon|B,1
2026-08-04 19:46:10,Baccarat 7,niconico|dragon|B,0
2026-08-04 20:09:20,Speed Baccarat 9,telecho|telecho|B,1
2026-08-04 20:11:50,Baccarat 9,telecho|nikoichi|P,1
2026-08-04 20:26:43,Japanese Speed Baccarat 3,telecho|nikoichi|P,1
2026-08-04 20:27:35,Korean Turbo Baccarat 1,niconico|nikoichi|P,1
2026-08-04 20:27:58,Korean Turbo Baccarat 1,niconico|nikoichi|B,1
2026-08-04 20:30:08,Baccarat 6,telecho|telecho|B,0
2026-08-04 20:30:54,Indonesian Speed Baccarat 2,telecho|nikoichi|P,1
2026-08-04 20:41:34,Baccarat 1,telecho|nikoichi|P,1
2026-08-04 20:44:49,Speed Baccarat 16,sansan|telecho|P,0
2026-08-04 20:48:43,Korean Turbo Baccarat 1,niconico|dragon|B,1
2026-08-04 21:06:34,Baccarat 6,niconico|dragon|B,1
2026-08-04 21:08:22,Speed Baccarat 15,telecho|nikoichi|P,0
2026-08-04 21:19:01,Baccarat 1,niconico|dragon|B,0
2026-08-04 21:19:42,Korean Speed Baccarat 1,niconico|dragon|B,1
2026-08-04 21:22:12,Japanese Speed Baccarat 3,niconico|nikoichi|B,0
2026-08-04 21:27:52,Speed Baccarat 11,niconico|dragon|B,1
2026-08-04 21:28:16,Speed Baccarat 11,niconico|dragon|B,0
2026-08-04 21:35:39,Indonesian Speed Baccarat 1,niconico|dragon|B,1
2026-08-04 21:47:20,Japanese Speed Baccarat 1,niconico|nikoichi|B,1
2026-08-04 22:03:15,Indonesian Speed Baccarat 1,telecho|telecho|B,1
2026-08-04 22:06:07,Speed Baccarat 9,telecho|nikoichi|P,1
2026-08-04 22:16:10,Korean Speed Baccarat 5,telecho|telecho|B,0
2026-08-04 22:24:22,Speed Baccarat 11,telecho|nikoichi|P,0
2026-08-04 22:25:52,Korean Speed Baccarat 3,niconico|nikoichi|B,1
2026-08-04 22:26:10,Super 8 Baccarat,telecho|nikoichi|P,1
2026-08-04 22:33:04,Speed Baccarat 15,telecho|telecho|B,0
2026-08-04 22:37:30,Thai Speed Baccarat 1,telecho|telecho|B,1
2026-08-04 22:40:12,Korean Speed Baccarat 2,telecho|nikoichi|P,1
2026-08-04 23:09:46,Vietnamese Speed Baccarat 2,niconico|nikoichi|B,0
2026-08-04 23:16:05,Chinese Speed Baccarat 2,telecho|nikoichi|P,0
2026-08-04 23:28:45,Indonesian Speed Baccarat 2,telecho|telecho|B,0
2026-08-04 23:36:23,Vietnamese Speed Baccarat 3,niconico|dragon|B,1
2026-08-04 23:50:58,Korean Speed Baccarat 5,niconico|nikoichi|P,1
2026-08-04 23:57:46,Speed Baccarat 18,niconico|dragon|B,0
2026-08-05 00:05:50,Fortune 6 Baccarat,telecho|telecho|B,1
2026-08-05 00:07:03,Speed Baccarat 8,niconico|dragon|B,0
2026-08-05 00:08:59,STAKE SPEED BACCARAT,niconico|dragon|B,1
2026-08-05 00:10:51,Speed Baccarat 12,niconico|nikoichi|P,0
2026-08-05 01:04:30,Baccarat 5,telecho|telecho|B,0
2026-08-05 01:07:07,Speed Baccarat 12,telecho|nikoichi|P,0
2026-08-05 01:13:58,Korean Speed Baccarat 2,telecho|nikoichi|P,1
2026-08-05 01:32:34,Korean Baccarat 1,telecho|telecho|B,1
2026-08-05 01:40:45,Speed Baccarat 1,telecho|telecho|B,1
2026-08-05 02:06:06,STAKE SPEED BACCARAT,telecho|telecho|B,0
2026-08-05 02:07:51,Turbo Baccarat,telecho|nikoichi|P,1
2026-08-05 02:15:06,Korean Speed Baccarat 2,telecho|telecho|B,0
2026-08-05 02:15:22,Speed Baccarat 16,niconico|dragon|B,0
2026-08-05 02:17:26,Speed Baccarat 6,niconico|dragon|B,0
2026-08-05 02:43:42,Chinese Speed Baccarat 3,niconico|nikoichi|P,0
2026-08-05 02:43:53,Korean Speed Baccarat 1,niconico|dragon|B,1
2026-08-05 02:52:22,Turbo Baccarat,niconico|nikoichi|B,1
2026-08-05 02:54:26,Chinese Speed Baccarat 1,telecho|telecho|B,0
2026-08-05 03:04:27,Speed Baccarat 8,niconico|dragon|B,1
2026-08-05 03:16:46,Vietnamese Speed Baccarat 3,niconico|dragon|B,1
2026-08-05 03:20:49,Indonesian Speed Baccarat 2,telecho|nikoichi|P,0
2026-08-05 03:34:06,Thai Speed Baccarat 2,telecho|telecho|B,0
2026-08-05 03:35:03,Speed Baccarat 9,telecho|telecho|B,1
2026-08-05 03:45:31,Japanese Speed Baccarat 1,telecho|telecho|B,1
2026-08-05 03:45:54,Japanese Speed Baccarat 1,sansan|telecho|P,0
2026-08-05 03:46:24,Speed Baccarat 5,telecho|telecho|B,1
2026-08-05 04:19:25,Vietnamese Speed Baccarat 1,telecho|telecho|B,1
2026-08-05 04:20:12,Vietnamese Speed Baccarat 1,telecho|telecho|B,0
2026-08-05 04:42:04,Vietnamese Speed Baccarat 2,telecho|nikoichi|P,1
2026-08-05 04:43:35,Korean Turbo Baccarat 1,telecho|telecho|B,0
2026-08-05 04:55:43,Japanese Speed Baccarat 3,telecho|telecho|B,1
2026-08-05 04:56:35,Speed Baccarat 15,niconico|nikoichi|B,1
2026-08-05 05:36:06,Speed Baccarat 1,niconico|dragon|B,0
2026-08-05 05:39:48,Japanese Speed Baccarat 2,telecho|telecho|B,0
2026-08-05 05:40:03,Vietnamese Speed Baccarat 2,niconico|dragon|B,0
2026-08-05 05:46:33,Indonesian Speed Baccarat 2,niconico|dragon|B,0
2026-08-05 05:52:12,Vietnamese Speed Baccarat 1,telecho|telecho|B,0
2026-08-05 06:01:37,Korean Baccarat 2,telecho|telecho|B,0
2026-08-05 06:07:57,Korean Speed Baccarat 1,niconico|dragon|B,1
2026-08-05 06:08:26,Turbo Baccarat,telecho|nikoichi|P,1
2026-08-05 06:46:30,Speed Baccarat 6,telecho|nikoichi|P,1
2026-08-05 07:01:53,Thai Speed Baccarat 1,telecho|telecho|B,0
2026-08-05 07:09:19,Super 8 Baccarat,niconico|nikoichi|B,0
2026-08-05 07:15:47,Korean Speed Baccarat 2,niconico|nikoichi|P,0
2026-08-05 07:21:16,Vietnamese Speed Baccarat 1,telecho|nikoichi|P,0
2026-08-05 07:28:02,Speed Baccarat 15,telecho|nikoichi|P,0
2026-08-05 07:28:41,Japanese Speed Baccarat 3,niconico|nikoichi|P,1
2026-08-05 07:30:52,Thai Speed Baccarat 1,telecho|nikoichi|P,1
2026-08-05 07:39:46,Speed Baccarat 6,telecho|telecho|B,0
2026-08-05 07:49:44,Korean Speed Baccarat 2,telecho|nikoichi|P,1
2026-08-05 07:49:59,Speed Baccarat 13,telecho|telecho|B,1
2026-08-05 08:09:46,Korean Speed Baccarat 1,niconico|nikoichi|B,0
2026-08-05 08:11:54,Korean Speed Baccarat 5,niconico|nikoichi|B,0
2026-08-05 08:27:40,Speed Baccarat 15,niconico|dragon|B,0
2026-08-05 08:29:24,Speed Baccarat 3,telecho|telecho|B,1
2026-08-05 08:40:19,Speed Baccarat 2,telecho|telecho|B,1
2026-08-05 08:54:18,Speed Baccarat 15,telecho|nikoichi|P,1
2026-08-05 08:55:48,Speed Baccarat 15,niconico|nikoichi|P,1
2026-08-05 09:04:56,Indonesian Speed Baccarat 2,telecho|nikoichi|P,1
2026-08-05 09:07:22,Baccarat 5,telecho|telecho|B,0
2026-08-05 09:43:33,Baccarat 6,niconico|dragon|B,0
2026-08-05 09:46:01,Speed Baccarat 8,telecho|telecho|B,1
2026-08-05 09:50:48,Vietnamese Speed Baccarat 1,telecho|telecho|B,0
2026-08-05 09:59:55,Speed Baccarat 12,telecho|telecho|B,1
2026-08-05 10:17:19,Speed Baccarat 13,sansan|telecho|P,1
2026-08-05 10:22:13,Baccarat 5,niconico|dragon|B,0
2026-08-05 10:25:26,Vietnamese Speed Baccarat 1,niconico|dragon|B,1
2026-08-05 10:34:10,Fortune 6 Baccarat,niconico|nikoichi|P,1
2026-08-05 10:38:28,Speed Baccarat 5,niconico|nikoichi|P,1
2026-08-05 10:39:11,Japanese Speed Baccarat 3,telecho|telecho|B,0
2026-08-05 10:40:52,Speed Baccarat 18,telecho|nikoichi|P,1
2026-08-05 10:56:41,Korean Baccarat 1,telecho|telecho|B,1
2026-08-05 10:57:16,Indonesian Speed Baccarat 1,telecho|telecho|B,1
2026-08-05 10:58:59,Speed Baccarat 9,telecho|telecho|B,1
2026-08-05 11:23:40,Baccarat 2,telecho|nikoichi|P,1
2026-08-05 11:23:51,Speed Baccarat 3,telecho|telecho|B,1
2026-08-05 11:26:36,Baccarat 2,telecho|telecho|B,1
2026-08-05 11:32:51,Korean Baccarat 2,telecho|telecho|B,0
2026-08-05 11:38:26,Korean Baccarat 1,niconico|nikoichi|B,0
2026-08-05 12:06:38,Speed Baccarat 12,niconico|nikoichi|B,1
2026-08-05 12:20:10,Chinese Speed Baccarat 2,telecho|telecho|B,1
2026-08-05 12:23:02,Vietnamese Speed Baccarat 1,telecho|nikoichi|P,0
2026-08-05 12:26:48,Speed Baccarat 6,telecho|telecho|B,1
2026-08-05 12:39:50,Chinese Speed Baccarat 1,niconico|nikoichi|B,1
2026-08-05 12:55:55,Speed Baccarat 6,telecho|telecho|B,0
2026-08-05 13:03:12,Speed Baccarat 18,niconico|dragon|B,1
2026-08-05 13:09:24,Speed Baccarat 13,niconico|nikoichi|B,1
2026-08-05 13:18:17,Japanese Speed Baccarat 3,telecho|telecho|B,1
2026-08-05 13:26:07,Speed Baccarat 6,niconico|nikoichi|B,1
2026-08-05 13:47:38,Fortune 6 Baccarat,niconico|nikoichi|P,1
2026-08-05 13:56:14,Baccarat 6,niconico|nikoichi|P,1
2026-08-05 14:05:00,Turbo Baccarat,telecho|telecho|B,0
2026-08-05 14:25:49,Indonesian Speed Baccarat 2,niconico|dragon|B,1
2026-08-05 14:28:07,Speed Baccarat 2,telecho|nikoichi|P,1
2026-08-05 14:30:57,Super 8 Baccarat,telecho|telecho|B,0
2026-08-05 14:33:52,Speed Baccarat 5,telecho|telecho|B,1
2026-08-05 14:38:47,Baccarat 1,telecho|telecho|B,1
2026-08-05 14:43:46,Korean Speed Baccarat 2,telecho|nikoichi|P,0
2026-08-05 14:53:10,Korean Speed Baccarat 2,niconico|dragon|B,0
2026-08-05 15:31:06,Vietnamese Speed Baccarat 1,telecho|telecho|B,1
2026-08-05 15:32:11,Japanese Speed Baccarat 1,niconico|nikoichi|B,0
2026-08-05 15:33:36,Vietnamese Speed Baccarat 1,telecho|nikoichi|P,0
2026-08-05 15:54:59,Baccarat 2,telecho|telecho|B,0
2026-08-05 15:58:00,Speed Baccarat 5,niconico|dragon|B,0
2026-08-05 16:42:32,Speed Baccarat 18,telecho|telecho|B,1
2026-08-05 16:43:02,Chinese Speed Baccarat 1,niconico|dragon|B,1
2026-08-05 17:12:20,Thai Baccarat 1,niconico|nikoichi|B,1
2026-08-05 17:12:34,Speed Baccarat 15,niconico|dragon|B,0
2026-08-05 17:14:29,Speed Baccarat 11,niconico|nikoichi|P,0
2026-08-05 17:14:41,Speed Baccarat 18,niconico|dragon|B,0
2026-08-05 17:14:50,Chinese Speed Baccarat 2,telecho|nikoichi|P,0
2026-08-05 17:27:35,Turbo Baccarat,telecho|telecho|B,0
2026-08-05 17:27:45,Indonesian Speed Baccarat 1,telecho|nikoichi|P,0
2026-08-05 17:31:21,Thai Speed Baccarat 1,telecho|telecho|B,0
2026-08-05 17:32:19,Korean Turbo Baccarat 1,telecho|telecho|B,0
2026-08-05 17:32:57,Thai Speed Baccarat 1,telecho|nikoichi|P,0
2026-08-05 17:38:45,Speed Baccarat 2,telecho|telecho|B,1
2026-08-05 17:44:19,Japanese Speed Baccarat 3,telecho|telecho|B,1
2026-08-05 17:45:29,Korean Speed Baccarat 5,telecho|nikoichi|P,0
2026-08-05 18:05:21,Thai Speed Baccarat 2,telecho|nikoichi|P,0
2026-08-05 18:11:16,Turbo Baccarat,niconico|dragon|B,0
2026-08-05 18:13:04,Speed Baccarat 11,sansan|telecho|P,0
2026-08-05 18:16:00,Speed Baccarat 3,telecho|telecho|B,0
2026-08-05 18:16:12,Fortune 6 Baccarat,telecho|nikoichi|P,1
2026-08-05 18:19:33,STAKE SPEED BACCARAT,telecho|nikoichi|P,0
2026-08-05 18:20:11,Baccarat 6,niconico|nikoichi|P,0
2026-08-05 18:23:42,Thai Baccarat 1,telecho|telecho|B,1
2026-08-05 18:32:15,Korean Baccarat 2,telecho|telecho|B,0
2026-08-05 18:32:46,Speed Baccarat 1,telecho|telecho|B,0
2026-08-05 18:40:26,Korean Turbo Baccarat 1,niconico|nikoichi|P,0
2026-08-05 18:44:45,Fortune 6 Baccarat,niconico|dragon|B,0
2026-08-05 18:46:49,STAKE SPEED BACCARAT,telecho|telecho|B,1
2026-08-05 19:10:15,Korean Speed Baccarat 1,telecho|telecho|B,1
2026-08-05 19:14:39,Korean Speed Baccarat 5,telecho|telecho|B,0
2026-08-05 19:19:38,Korean Speed Baccarat 5,niconico|nikoichi|B,0
2026-08-05 19:20:33,Speed Baccarat 8,sansan|telecho|P,1
2026-08-05 19:23:57,Korean Speed Baccarat 3,telecho|telecho|B,1
2026-08-05 19:26:03,Korean Speed Baccarat 3,telecho|nikoichi|P,0
2026-08-05 19:45:56,Speed Baccarat 8,telecho|telecho|B,0
2026-08-05 20:26:59,Vietnamese Speed Baccarat 1,niconico|nikoichi|B,1
2026-08-05 20:28:03,Korean Speed Baccarat 3,telecho|telecho|B,0
2026-08-05 20:42:31,Speed Baccarat 3,telecho|telecho|B,1
2026-08-05 20:51:21,Speed Baccarat 6,telecho|nikoichi|P,1
2026-08-05 21:01:11,Speed Baccarat 17,telecho|nikoichi|P,0
2026-08-05 21:01:55,Speed Baccarat 17,niconico|dragon|B,0
2026-08-05 21:06:48,Japanese Speed Baccarat 2,niconico|dragon|B,0
2026-08-05 21:14:56,Baccarat 6,telecho|nikoichi|P,1
2026-08-05 21:22:08,Thai Speed Baccarat 2,telecho|telecho|B,0
2026-08-05 21:25:48,Korean Turbo Baccarat 1,telecho|telecho|B,0
2026-08-05 21:32:36,Thai Baccarat 1,niconico|dragon|B,0
2026-08-05 21:33:28,Vietnamese Speed Baccarat 3,niconico|dragon|B,1
2026-08-05 21:39:51,Korean Baccarat 2,telecho|telecho|B,0
2026-08-05 21:51:24,Vietnamese Speed Baccarat 1,telecho|telecho|B,0
2026-08-05 21:57:29,Baccarat 9,niconico|nikoichi|B,0
2026-08-05 22:16:39,Thai Speed Baccarat 2,telecho|nikoichi|P,0
2026-08-05 22:21:14,Indonesian Speed Baccarat 2,telecho|telecho|B,0
2026-08-05 22:24:42,Vietnamese Speed Baccarat 2,telecho|telecho|B,1
2026-08-05 22:33:21,Baccarat 6,telecho|telecho|B,1
2026-08-05 22:43:20,Japanese Speed Baccarat 1,telecho|telecho|B,1
2026-08-05 22:44:27,Fortune 6 Baccarat,telecho|telecho|B,1
2026-08-05 22:52:09,Turbo Baccarat,telecho|telecho|B,1
2026-08-05 23:04:37,Japanese Speed Baccarat 3,niconico|dragon|B,0
2026-08-05 23:27:06,STAKE SPEED BACCARAT,telecho|telecho|B,1
2026-08-05 23:29:23,STAKE SPEED BACCARAT,telecho|nikoichi|P,1
2026-08-05 23:34:33,Japanese Speed Baccarat 3,niconico|nikoichi|B,0
2026-08-05 23:37:13,Speed Baccarat 18,niconico|dragon|B,1
2026-08-05 23:41:56,Fortune 6 Baccarat,telecho|telecho|B,1
2026-08-05 23:42:52,Korean Baccarat 1,telecho|telecho|B,1
2026-08-05 23:51:00,Speed Baccarat 5,telecho|telecho|B,1
2026-08-05 23:52:38,Speed Baccarat 5,niconico|nikoichi|B,1
2026-08-06 00:06:43,Japanese Speed Baccarat 1,telecho|telecho|B,1
2026-08-06 00:11:41,Thai Speed Baccarat 1,telecho|telecho|B,1
2026-08-06 00:13:24,Speed Baccarat 8,telecho|telecho|B,0
2026-08-06 00:15:42,Speed Baccarat 12,telecho|telecho|B,0
2026-08-06 00:34:50,Japanese Speed Baccarat 1,telecho|nikoichi|P,1
2026-08-06 00:36:43,Speed Baccarat 3,telecho|telecho|B,1
2026-08-06 00:41:05,Thai Speed Baccarat 1,telecho|telecho|B,1
2026-08-06 00:41:35,Chinese Speed Baccarat 3,niconico|nikoichi|P,0
2026-08-06 00:45:35,Speed Baccarat 1,telecho|telecho|B,0
2026-08-06 00:54:35,Speed Baccarat 16,telecho|nikoichi|P,1
2026-08-06 01:01:24,Korean Speed Baccarat 3,telecho|nikoichi|P,1
2026-08-06 01:05:06,Speed Baccarat 2,niconico|dragon|B,0
2026-08-06 01:08:56,Speed Baccarat 3,telecho|nikoichi|P,1
2026-08-06 01:09:06,Chinese Speed Baccarat 1,telecho|nikoichi|P,0
2026-08-06 01:10:13,Speed Baccarat 3,telecho|nikoichi|P,0
2026-08-06 01:12:26,Speed Baccarat 3,niconico|dragon|B,1
2026-08-06 01:17:26,Speed Baccarat 5,telecho|nikoichi|P,0
2026-08-06 01:17:37,STAKE SPEED BACCARAT,telecho|nikoichi|P,0
2026-08-06 01:28:27,Korean Speed Baccarat 3,telecho|telecho|B,1
2026-08-06 01:30:15,Speed Baccarat 9,niconico|dragon|B,0
2026-08-06 01:33:45,Speed Baccarat 13,telecho|nikoichi|P,0
2026-08-06 01:35:43,Thai Speed Baccarat 1,telecho|telecho|B,0
2026-08-06 01:36:16,Vietnamese Speed Baccarat 3,telecho|telecho|B,1
2026-08-06 01:38:56,Vietnamese Speed Baccarat 3,telecho|nikoichi|P,1
2026-08-06 01:49:10,Speed Baccarat 15,telecho|nikoichi|P,0
2026-08-06 01:55:30,Korean Baccarat 1,niconico|nikoichi|P,0
2026-08-06 01:59:32,Baccarat 1,telecho|telecho|B,1
2026-08-06 02:02:32,Baccarat 1,telecho|nikoichi|P,0
2026-08-06 02:14:16,Vietnamese Speed Baccarat 3,niconico|dragon|B,0
2026-08-06 02:15:46,Turbo Baccarat,niconico|nikoichi|B,0
2026-08-06 02:44:31,Chinese Speed Baccarat 2,telecho|telecho|B,1
2026-08-06 02:45:20,Chinese Speed Baccarat 2,telecho|telecho|B,0
2026-08-06 03:01:19,Vietnamese Speed Baccarat 1,niconico|nikoichi|P,1
2026-08-06 03:11:17,Chinese Speed Baccarat 1,telecho|nikoichi|P,0
2026-08-06 03:16:17,Speed Baccarat 11,niconico|nikoichi|P,1
2026-08-06 03:18:43,Baccarat 2,telecho|telecho|B,1
2026-08-06 03:19:03,Korean Turbo Baccarat 1,niconico|dragon|B,0
2026-08-06 03:20:23,Speed Baccarat 16,telecho|telecho|B,1
2026-08-06 03:31:03,Thai Speed Baccarat 1,niconico|dragon|B,0
2026-08-06 03:37:16,Korean Baccarat 1,niconico|nikoichi|B,0
2026-08-06 03:41:17,Speed Baccarat 15,telecho|nikoichi|P,1
2026-08-06 03:45:26,Chinese Speed Baccarat 3,sansan|telecho|P,0
2026-08-06 03:45:36,Japanese Speed Baccarat 1,telecho|telecho|B,0
2026-08-06 04:01:27,Baccarat 5,niconico|nikoichi|B,0
2026-08-06 04:09:52,Korean Baccarat 1,niconico|dragon|B,1
2026-08-06 04:11:28,Thai Baccarat 1,telecho|telecho|B,1
2026-08-06 04:13:04,Japanese Speed Baccarat 2,telecho|nikoichi|P,0
2026-08-06 04:23:43,Thai Baccarat 1,telecho|telecho|B,0
2026-08-06 04:31:45,Turbo Baccarat,telecho|nikoichi|P,1
2026-08-06 04:41:55,Chinese Speed Baccarat 3,telecho|telecho|B,0
2026-08-06 04:42:31,Vietnamese Speed Baccarat 3,niconico|nikoichi|B,0
2026-08-06 04:48:33,Vietnamese Speed Baccarat 1,niconico|nikoichi|B,1
2026-08-06 04:55:28,Thai Speed Baccarat 2,niconico|dragon|B,0
2026-08-06 05:07:04,Speed Baccarat 3,niconico|dragon|B,0
2026-08-06 05:24:14,Thai Speed Baccarat 2,telecho|telecho|B,1
2026-08-06 05:28:13,Japanese Speed Baccarat 3,telecho|telecho|B,0
2026-08-06 05:28:24,Speed Baccarat 9,niconico|dragon|B,1
2026-08-06 05:38:07,Speed Baccarat 12,niconico|dragon|B,0
2026-08-06 05:39:49,Chinese Speed Baccarat 3,telecho|nikoichi|P,0
2026-08-06 06:10:42,Korean Speed Baccarat 2,telecho|telecho|B,1
2026-08-06 06:17:47,Korean Speed Baccarat 5,niconico|dragon|B,1
2026-08-06 06:42:36,Korean Speed Baccarat 2,telecho|telecho|B,1
2026-08-06 06:45:33,Chinese Speed Baccarat 3,niconico|nikoichi|B,1
2026-08-06 06:48:46,Thai Speed Baccarat 2,telecho|telecho|B,1
2026-08-06 07:04:33,Vietnamese Speed Baccarat 3,niconico|dragon|B,1
2026-08-06 07:06:25,Speed Baccarat 12,niconico|nikoichi|B,1
2026-08-06 07:09:11,Japanese Speed Baccarat 1,telecho|nikoichi|P,1
2026-08-06 07:28:03,Turbo Baccarat,telecho|telecho|B,1
2026-08-06 07:29:23,Baccarat 2,niconico|nikoichi|P,1
2026-08-06 07:31:25,Speed Baccarat 3,telecho|nikoichi|P,0
2026-08-06 07:34:54,Super 8 Baccarat,telecho|nikoichi|P,1
2026-08-06 07:35:28,Indonesian Speed Baccarat 1,telecho|telecho|B,0
2026-08-06 07:36:03,Speed Baccarat 6,niconico|nikoichi|B,0
2026-08-06 07:43:43,Speed Baccarat 5,niconico|nikoichi|B,0
2026-08-06 07:44:09,Chinese Speed Baccarat 1,niconico|nikoichi|B,1
2026-08-06 07:45:00,Chinese Speed Baccarat 1,telecho|nikoichi|P,1
2026-08-06 08:08:50,Chinese Speed Baccarat 3,telecho|telecho|B,0
2026-08-06 08:09:48,STAKE SPEED BACCARAT,niconico|nikoichi|B,1
2026-08-06 08:20:23,Fortune 6 Baccarat,telecho|nikoichi|P,1
2026-08-06 08:28:12,Korean Baccarat 2,niconico|dragon|B,1
2026-08-06 08:33:33,Vietnamese Speed Baccarat 3,telecho|telecho|B,0
2026-08-06 08:36:25,Korean Speed Baccarat 1,telecho|nikoichi|P,0
2026-08-06 08:42:39,Speed Baccarat 5,telecho|nikoichi|P,1
2026-08-06 09:02:02,Japanese Speed Baccarat 3,telecho|telecho|B,1
2026-08-06 09:17:40,Speed Baccarat 5,telecho|telecho|B,1
2026-08-06 09:36:43,Vietnamese Speed Baccarat 2,niconico|dragon|B,1
2026-08-06 09:37:18,Indonesian Speed Baccarat 1,telecho|telecho|B,1
2026-08-06 09:40:46,Super 8 Baccarat,telecho|telecho|B,1
2026-08-06 09:51:05,Korean Baccarat 1,sansan|telecho|P,0
2026-08-06 10:08:11,Speed Baccarat 1,telecho|telecho|B,0
2026-08-06 10:18:12,Speed Baccarat 8,telecho|telecho|B,0
2026-08-06 10:24:31,Speed Baccarat 3,telecho|telecho|B,1
2026-08-06 10:40:12,Vietnamese Speed Baccarat 1,telecho|telecho|B,0
2026-08-06 10:43:36,Speed Baccarat 5,sansan|telecho|P,1
2026-08-06 10:45:01,Korean Turbo Baccarat 1,niconico|dragon|B,1
2026-08-06 10:48:03,Korean Speed Baccarat 3,telecho|telecho|B,0
2026-08-06 10:50:19,Chinese Speed Baccarat 2,telecho|telecho|B,1
2026-08-06 11:07:03,Korean Speed Baccarat 1,telecho|nikoichi|P,0
2026-08-06 11:11:02,Chinese Speed Baccarat 3,telecho|telecho|B,1
2026-08-06 11:19:56,Speed Baccarat 18,niconico|dragon|B,0
2026-08-06 11:20:39,Korean Speed Baccarat 3,telecho|telecho|B,1
2026-08-06 11:40:12,Korean Speed Baccarat 1,niconico|dragon|B,0
2026-08-06 11:40:29,Chinese Speed Baccarat 1,telecho|nikoichi|P,1
2026-08-06 11:43:54,Korean Speed Baccarat 1,telecho|telecho|B,1
2026-08-06 11:44:42,Korean Speed Baccarat 1,telecho|telecho|B,0
2026-08-06 11:44:53,STAKE SPEED BACCARAT,niconico|nikoichi|P,1
2026-08-06 11:46:07,STAKE SPEED BACCARAT,telecho|nikoichi|P,1
2026-08-06 11:55:26,Speed Baccarat 15,telecho|nikoichi|P,0
2026-08-06 12:15:53,Japanese Speed Baccarat 1,telecho|telecho|B,0
2026-08-06 12:22:21,Korean Baccarat 1,telecho|nikoichi|P,0
2026-08-06 12:31:13,Speed Baccarat 18,niconico|dragon|B,1
2026-08-06 12:36:18,Fortune 6 Baccarat,telecho|telecho|B,1
2026-08-06 12:43:11,Japanese Speed Baccarat 1,niconico|nikoichi|B,1
2026-08-06 12:46:54,Speed Baccarat 2,telecho|nikoichi|P,1
2026-08-06 13:01:53,Thai Speed Baccarat 2,telecho|nikoichi|P,0
2026-08-06 13:12:49,Korean Speed Baccarat 1,niconico|nikoichi|P,1
2026-08-06 13:13:47,Baccarat 2,niconico|nikoichi|P,1
2026-08-06 13:14:26,Japanese Speed Baccarat 2,telecho|telecho|B,0
2026-08-06 13:27:41,Thai Speed Baccarat 2,telecho|nikoichi|P,0
2026-08-06 13:31:27,Speed Baccarat 11,niconico|nikoichi|B,1
2026-08-06 13:36:31,Chinese Speed Baccarat 1,telecho|nikoichi|P,0
2026-08-06 13:43:38,Speed Baccarat 2,niconico|dragon|B,1
2026-08-06 13:56:02,Speed Baccarat 1,sansan|telecho|P,1
2026-08-06 14:10:50,Vietnamese Speed Baccarat 3,telecho|telecho|B,0
2026-08-06 14:11:44,Chinese Speed Baccarat 3,telecho|nikoichi|P,1
2026-08-06 14:48:16,Baccarat 7,telecho|nikoichi|P,0
2026-08-06 14:48:24,Chinese Speed Baccarat 2,niconico|nikoichi|B,1
2026-08-06 14:49:31,Chinese Speed Baccarat 2,telecho|nikoichi|P,1
2026-08-06 14:52:15,Speed Baccarat 1,niconico|nikoichi|B,1
2026-08-06 14:55:13,Turbo Baccarat,niconico|nikoichi|B,1
2026-08-06 14:59:48,Thai Baccarat 1,telecho|telecho|B,0
2026-08-06 15:13:46,Vietnamese Speed Baccarat 2,telecho|telecho|B,0
2026-08-06 15:15:56,Chinese Speed Baccarat 2,telecho|telecho|B,0
2026-08-06 15:16:58,Speed Baccarat 12,telecho|nikoichi|P,0
2026-08-06 15:22:12,Korean Speed Baccarat 3,niconico|nikoichi|P,1
2026-08-06 15:27:13,Baccarat 9,niconico|dragon|B,1
2026-08-06 15:29:02,Fortune 6 Baccarat,telecho|telecho|B,1
2026-08-06 15:39:57,Speed Baccarat 16,niconico|nikoichi|P,0
2026-08-06 16:03:07,Speed Baccarat 9,telecho|telecho|B,1
2026-08-06 16:08:42,Chinese Speed Baccarat 1,telecho|telecho|B,0
2026-08-06 16:20:52,Speed Baccarat 3,niconico|dragon|B,1
2026-08-06 16:27:52,Vietnamese Speed Baccarat 1,telecho|telecho|B,1
2026-08-06 16:45:16,Korean Baccarat 2,telecho|nikoichi|P,1
2026-08-06 16:56:57,Indonesian Speed Baccarat 2,telecho|telecho|B,0
2026-08-06 17:04:59,Indonesian Speed Baccarat 2,niconico|nikoichi|P,1
2026-08-06 17:13:52,Korean Speed Baccarat 2,telecho|telecho|B,0
2026-08-06 17:27:26,Baccarat 7,telecho|telecho|B,0
2026-08-06 17:42:49,Japanese Speed Baccarat 2,niconico|dragon|B,1
2026-08-06 17:45:02,Thai Speed Baccarat 1,niconico|dragon|B,1
2026-08-06 18:06:35,Speed Baccarat 16,telecho|telecho|B,1
2026-08-06 18:10:39,Chinese Speed Baccarat 1,telecho|telecho|B,0
2026-08-06 18:23:27,Speed Baccarat 15,telecho|nikoichi|P,1
2026-08-06 18:39:36,Japanese Speed Baccarat 2,telecho|telecho|B,1
2026-08-06 18:39:52,Speed Baccarat 2,niconico|nikoichi|P,1
2026-08-06 18:42:21,Korean Baccarat 2,telecho|telecho|B,1
2026-08-06 18:46:29,Japanese Speed Baccarat 3,sansan|telecho|P,1
2026-08-06 18:48:11,Speed Baccarat 3,telecho|telecho|B,1
2026-08-06 18:50:06,Fortune 6 Baccarat,telecho|telecho|B,0
2026-08-06 18:52:26,Indonesian Speed Baccarat 2,telecho|nikoichi|P,0
2026-08-06 18:53:10,Indonesian Speed Baccarat 2,telecho|telecho|B,1
2026-08-06 18:55:19,Indonesian Speed Baccarat 1,telecho|telecho|B,0
2026-08-06 19:00:16,Speed Baccarat 9,telecho|nikoichi|P,0
2026-08-06 19:39:15,Speed Baccarat 16,niconico|nikoichi|B,1
2026-08-06 19:53:54,Japanese Speed Baccarat 1,sansan|telecho|P,1
2026-08-06 20:00:57,Thai Speed Baccarat 1,telecho|telecho|B,1
2026-08-06 20:01:22,Baccarat 6,telecho|telecho|B,0
2026-08-06 20:15:30,Vietnamese Speed Baccarat 1,niconico|dragon|B,1
2026-08-06 20:20:14,Vietnamese Speed Baccarat 1,niconico|nikoichi|P,0
2026-08-06 20:20:25,Japanese Speed Baccarat 1,telecho|telecho|B,1
2026-08-06 20:25:43,Speed Baccarat 16,telecho|nikoichi|P,1
2026-08-06 20:40:05,Speed Baccarat 11,telecho|telecho|B,1
2026-08-06 20:44:48,Chinese Speed Baccarat 1,telecho|telecho|B,0
2026-08-06 20:54:39,Speed Baccarat 12,telecho|telecho|B,0
2026-08-06 20:59:57,Thai Speed Baccarat 2,telecho|telecho|B,0
2026-08-06 21:10:26,Speed Baccarat 2,niconico|nikoichi|B,0
2026-08-06 21:12:23,Chinese Speed Baccarat 2,telecho|telecho|B,0
2026-08-06 21:16:16,Korean Speed Baccarat 5,telecho|telecho|B,1
2026-08-06 21:18:26,Korean Speed Baccarat 2,telecho|telecho|B,0
2026-08-06 21:20:23,Korean Baccarat 1,telecho|nikoichi|P,1
2026-08-06 21:24:29,Speed Baccarat 16,telecho|nikoichi|P,0
2026-08-06 21:47:18,Japanese Speed Baccarat 1,telecho|nikoichi|P,0
2026-08-06 21:50:32,Speed Baccarat 1,niconico|dragon|B,0
2026-08-06 21:50:43,Korean Turbo Baccarat 1,niconico|nikoichi|P,0
2026-08-06 21:52:27,Baccarat 9,niconico|dragon|B,1
2026-08-06 21:59:19,Thai Baccarat 1,telecho|telecho|B,0
2026-08-06 22:00:08,Thai Speed Baccarat 2,niconico|dragon|B,1
2026-08-06 22:07:59,Speed Baccarat 3,telecho|nikoichi|P,1
2026-08-06 22:10:27,Japanese Speed Baccarat 3,telecho|telecho|B,0
2026-08-06 22:37:17,Chinese Speed Baccarat 3,telecho|nikoichi|P,0
2026-08-06 22:38:51,Speed Baccarat 6,sansan|telecho|P,0
2026-08-06 22:45:33,Chinese Speed Baccarat 1,telecho|telecho|B,0
2026-08-06 22:49:08,STAKE SPEED BACCARAT,niconico|nikoichi|P,1
2026-08-06 22:58:24,Korean Speed Baccarat 3,telecho|nikoichi|P,1
2026-08-06 23:05:55,Super 8 Baccarat,telecho|telecho|B,1
2026-08-06 23:09:28,Indonesian Speed Baccarat 2,telecho|nikoichi|P,1
2026-08-06 23:18:11,Vietnamese Speed Baccarat 3,niconico|dragon|B,0
2026-08-06 23:37:52,Japanese Speed Baccarat 3,telecho|nikoichi|P,1
2026-08-06 23:39:50,Indonesian Speed Baccarat 2,telecho|telecho|B,0
2026-08-06 23:40:51,Chinese Speed Baccarat 2,telecho|nikoichi|P,1
2026-08-06 23:43:21,Turbo Baccarat,niconico|dragon|B,0
2026-08-06 23:45:31,Korean Turbo Baccarat 1,niconico|nikoichi|P,1
2026-08-06 23:52:03,Speed Baccarat 12,telecho|telecho|B,0
2026-08-06 23:53:01,Speed Baccarat 15,niconico|dragon|B,1
2026-08-07 00:10:06,Turbo Baccarat,niconico|nikoichi|P,1
2026-08-07 00:11:20,Baccarat 2,telecho|nikoichi|P,0
2026-08-07 00:29:05,Korean Speed Baccarat 1,telecho|telecho|B,1
2026-08-07 00:31:33,Korean Speed Baccarat 1,telecho|nikoichi|P,0
2026-08-07 00:52:45,Thai Speed Baccarat 1,telecho|telecho|B,0
2026-08-07 00:58:20,Korean Speed Baccarat 1,telecho|telecho|B,1
2026-08-07 01:00:40,Korean Speed Baccarat 1,telecho|nikoichi|P,1
2026-08-07 01:02:53,Korean Speed Baccarat 3,niconico|nikoichi|P,1
2026-08-07 01:05:06,Speed Baccarat 8,telecho|nikoichi|P,0
2026-08-07 01:10:44,Speed Baccarat 9,niconico|dragon|B,0
2026-08-07 01:14:43,Speed Baccarat 3,telecho|telecho|B,1
2026-08-07 01:23:37,Thai Speed Baccarat 1,telecho|nikoichi|P,0
2026-08-07 01:30:35,Speed Baccarat 18,niconico|dragon|B,1
2026-08-07 01:34:30,Turbo Baccarat,telecho|nikoichi|P,1
2026-08-07 01:35:17,Speed Baccarat 8,telecho|telecho|B,0
2026-08-07 01:36:41,Vietnamese Speed Baccarat 3,telecho|nikoichi|P,1
2026-08-07 02:08:34,Speed Baccarat 2,sansan|telecho|P,0
2026-08-07 02:16:33,Speed Baccarat 3,niconico|dragon|B,0
2026-08-07 02:18:33,Korean Speed Baccarat 5,telecho|telecho|B,1
2026-08-07 02:23:17,Speed Baccarat 5,niconico|nikoichi|P,1
2026-08-07 02:33:17,Korean Turbo Baccarat 1,telecho|telecho|B,1
2026-08-07 02:43:52,Speed Baccarat 1,niconico|nikoichi|B,1
2026-08-07 02:44:12,Speed Baccarat 1,niconico|nikoichi|P,0
2026-08-07 03:05:27,Vietnamese Speed Baccarat 3,telecho|telecho|B,0
2026-08-07 03:16:56,Korean Speed Baccarat 5,telecho|nikoichi|P,0
2026-08-07 03:20:15,Speed Baccarat 11,telecho|nikoichi|P,0
2026-08-07 03:33:26,Super 8 Baccarat,telecho|telecho|B,1
2026-08-07 03:35:50,Super 8 Baccarat,telecho|nikoichi|P,0
2026-08-07 03:42:42,Speed Baccarat 8,telecho|telecho|B,1
2026-08-07 03:43:32,Speed Baccarat 3,telecho|nikoichi|P,1
2026-08-07 03:49:18,Baccarat 9,telecho|telecho|B,1
2026-08-07 04:02:29,Korean Speed Baccarat 1,telecho|nikoichi|P,0
2026-08-07 04:32:26,Speed Baccarat 18,telecho|nikoichi|P,1
2026-08-07 04:42:11,Korean Speed Baccarat 3,sansan|telecho|P,0
2026-08-07 04:44:59,Speed Baccarat 12,telecho|telecho|B,1
2026-08-07 04:47:21,Speed Baccarat 12,telecho|nikoichi|P,0
2026-08-07 04:48:39,Thai Baccarat 1,telecho|telecho|B,0
2026-08-07 04:50:54,Korean Baccarat 1,telecho|nikoichi|P,0
2026-08-07 04:52:28,Thai Baccarat 1,niconico|nikoichi|P,1
2026-08-07 05:07:24,Indonesian Speed Baccarat 1,niconico|nikoichi|B,0
2026-08-07 05:15:25,Speed Baccarat 8,telecho|telecho|B,0
2026-08-07 05:29:42,Korean Baccarat 2,telecho|telecho|B,1
2026-08-07 05:37:54,Vietnamese Speed Baccarat 3,telecho|telecho|B,0
2026-08-07 05:39:25,Korean Turbo Baccarat 1,sansan|telecho|P,1
2026-08-07 05:41:28,Vietnamese Speed Baccarat 1,telecho|telecho|B,0
2026-08-07 05:45:13,Speed Baccarat 3,telecho|telecho|B,1
2026-08-07 05:58:47,Speed Baccarat 2,niconico|dragon|B,1
2026-08-07 05:59:52,Turbo Baccarat,telecho|telecho|B,1
2026-08-07 06:46:45,Japanese Speed Baccarat 3,niconico|nikoichi|B,1
2026-08-07 07:06:03,Korean Speed Baccarat 3,telecho|nikoichi|P,1
2026-08-07 07:42:34,Japanese Speed Baccarat 2,niconico|dragon|B,0
2026-08-07 08:03:49,STAKE SPEED BACCARAT,niconico|dragon|B,1
2026-08-07 08:07:34,Fortune 6 Baccarat,telecho|telecho|B,1
2026-08-07 08:29:16,Speed Baccarat 18,niconico|dragon|B,0
2026-08-07 08:29:26,Speed Baccarat 6,niconico|dragon|B,0
2026-08-07 08:54:11,Chinese Speed Baccarat 2,niconico|nikoichi|B,1
2026-08-07 08:57:58,Indonesian Speed Baccarat 2,telecho|telecho|B,0
2026-08-07 09:01:09,Japanese Speed Baccarat 1,telecho|telecho|B,0
2026-08-07 09:02:05,Fortune 6 Baccarat,niconico|dragon|B,0
2026-08-07 09:22:44,Chinese Speed Baccarat 2,telecho|telecho|B,0
2026-08-07 09:23:20,Korean Turbo Baccarat 1,telecho|nikoichi|P,0
2026-08-07 09:30:23,Speed Baccarat 9,telecho|telecho|B,1
2026-08-07 09:46:24,Korean Speed Baccarat 5,niconico|dragon|B,1
2026-08-07 10:11:58,Thai Baccarat 1,telecho|telecho|B,1
2026-08-07 10:20:37,Thai Baccarat 1,telecho|nikoichi|P,1
2026-08-07 10:40:24,Korean Speed Baccarat 3,telecho|telecho|B,0
2026-08-07 10:52:51,Chinese Speed Baccarat 1,niconico|nikoichi|P,1
2026-08-07 10:55:35,Speed Baccarat 18,niconico|nikoichi|B,1
2026-08-07 11:03:12,Indonesian Speed Baccarat 1,niconico|dragon|B,1
2026-08-07 11:32:26,Japanese Speed Baccarat 3,niconico|dragon|B,0
2026-08-07 11:40:07,STAKE SPEED BACCARAT,niconico|nikoichi|P,1
2026-08-07 11:53:53,Korean Turbo Baccarat 1,niconico|dragon|B,0
2026-08-07 12:01:09,Thai Baccarat 1,telecho|nikoichi|P,1
2026-08-07 12:02:54,Vietnamese Speed Baccarat 2,telecho|nikoichi|P,1
2026-08-07 12:33:00,Speed Baccarat 2,sansan|telecho|P,0
2026-08-07 12:34:40,Vietnamese Speed Baccarat 3,telecho|telecho|B,0
2026-08-07 12:57:06,Speed Baccarat 18,telecho|telecho|B,1
2026-08-07 13:02:42,Baccarat 2,niconico|nikoichi|P,0
2026-08-07 13:04:40,Baccarat 2,niconico|nikoichi|B,0
2026-08-07 13:11:52,STAKE SPEED BACCARAT,niconico|dragon|B,1
2026-08-07 13:17:05,Thai Baccarat 1,telecho|telecho|B,1
2026-08-07 13:29:37,Speed Baccarat 15,niconico|nikoichi|P,0
2026-08-07 13:31:53,Korean Turbo Baccarat 1,niconico|nikoichi|P,1
2026-08-07 13:32:06,Korean Speed Baccarat 1,telecho|telecho|B,0
2026-08-07 13:57:13,Japanese Speed Baccarat 3,niconico|nikoichi|P,1
2026-08-07 14:13:19,Speed Baccarat 15,telecho|nikoichi|P,1
2026-08-07 14:14:02,Japanese Speed Baccarat 1,sansan|telecho|P,1
2026-08-07 14:16:19,Baccarat 7,telecho|nikoichi|P,1
2026-08-07 14:40:06,Baccarat 1,niconico|dragon|B,0
2026-08-07 14:40:58,Thai Baccarat 1,telecho|nikoichi|P,0
2026-08-07 14:49:31,Indonesian Speed Baccarat 2,telecho|nikoichi|P,1
2026-08-07 15:06:23,Baccarat 7,telecho|telecho|B,1
2026-08-07 15:08:50,Korean Turbo Baccarat 1,telecho|telecho|B,1
2026-08-07 15:11:54,Korean Turbo Baccarat 1,telecho|telecho|B,0
2026-08-07 15:15:37,Vietnamese Speed Baccarat 3,telecho|telecho|B,0
2026-08-07 15:22:42,Chinese Speed Baccarat 3,telecho|telecho|B,1
2026-08-07 15:23:56,Indonesian Speed Baccarat 1,telecho|nikoichi|P,0
2026-08-07 15:43:54,Chinese Speed Baccarat 2,telecho|telecho|B,0
2026-08-07 15:45:42,Korean Speed Baccarat 2,telecho|nikoichi|P,1
2026-08-07 15:52:06,Vietnamese Speed Baccarat 2,niconico|nikoichi|P,0
2026-08-07 15:52:19,Vietnamese Speed Baccarat 1,telecho|telecho|B,0
2026-08-07 16:02:45,Speed Baccarat 17,telecho|nikoichi|P,1
2026-08-07 16:11:20,Korean Speed Baccarat 5,telecho|telecho|B,0
2026-08-07 16:14:09,Baccarat 2,telecho|telecho|B,1
2026-08-07 16:17:00,Baccarat 6,telecho|nikoichi|P,1
2026-08-07 16:32:05,Speed Baccarat 1,telecho|telecho|B,0
2026-08-07 16:39:15,Korean Speed Baccarat 1,niconico|nikoichi|P,0
2026-08-07 16:52:49,Vietnamese Speed Baccarat 2,telecho|telecho|B,0
2026-08-07 17:03:57,Speed Baccarat 12,niconico|dragon|B,0
2026-08-07 17:08:07,Thai Baccarat 1,telecho|telecho|B,0
2026-08-07 17:09:03,Thai Speed Baccarat 1,niconico|nikoichi|P,1
2026-08-07 17:24:27,Vietnamese Speed Baccarat 3,telecho|nikoichi|P,1
2026-08-07 17:46:50,Baccarat 6,niconico|dragon|B,1
2026-08-07 17:47:38,Speed Baccarat 15,niconico|nikoichi|B,0
2026-08-07 18:05:18,Vietnamese Speed Baccarat 1,telecho|nikoichi|P,1
2026-08-07 18:06:19,Japanese Speed Baccarat 2,telecho|nikoichi|P,0
2026-08-07 18:09:18,Speed Baccarat 13,niconico|nikoichi|P,1
2026-08-07 18:10:22,Speed Baccarat 1,telecho|telecho|B,1
2026-08-07 18:29:42,Speed Baccarat 8,niconico|dragon|B,1
2026-08-07 18:40:43,Chinese Speed Baccarat 2,telecho|telecho|B,0
2026-08-07 18:51:18,Vietnamese Speed Baccarat 3,telecho|nikoichi|P,0
2026-08-07 19:10:18,Japanese Speed Baccarat 2,telecho|telecho|B,0
2026-08-07 19:33:25,Speed Baccarat 18,telecho|telecho|B,1
2026-08-07 19:34:51,Speed Baccarat 13,telecho|nikoichi|P,0
2026-08-07 19:40:15,Speed Baccarat 3,telecho|telecho|B,0
2026-08-07 19:41:44,Speed Baccarat 3,niconico|nikoichi|P,0
2026-08-07 19:42:52,Speed Baccarat 18,telecho|telecho|B,0
2026-08-07 19:46:58,Korean Turbo Baccarat 1,niconico|dragon|B,1
2026-08-07 20:11:25,Japanese Speed Baccarat 2,telecho|telecho|B,0
2026-08-07 20:17:45,Korean Speed Baccarat 2,telecho|nikoichi|P,1
2026-08-07 20:17:53,Speed Baccarat 3,telecho|telecho|B,1
2026-08-07 20:26:17,Vietnamese Speed Baccarat 3,telecho|nikoichi|P,0
2026-08-07 20:44:57,Baccarat 7,niconico|nikoichi|P,1
2026-08-07 21:00:54,Thai Speed Baccarat 1,telecho|telecho|B,0
2026-08-07 21:21:59,Korean Speed Baccarat 3,telecho|telecho|B,1
2026-08-07 21:24:09,Baccarat 1,niconico|dragon|B,0
2026-08-07 21:28:11,Speed Baccarat 1,telecho|nikoichi|P,1
2026-08-07 21:38:54,Indonesian Speed Baccarat 2,telecho|telecho|B,1
2026-08-07 21:41:40,Korean Speed Baccarat 1,telecho|nikoichi|P,0
2026-08-07 21:46:05,Chinese Speed Baccarat 1,telecho|nikoichi|P,1
2026-08-07 21:47:00,Korean Speed Baccarat 2,niconico|dragon|B,0
2026-08-07 22:00:01,Super 8 Baccarat,telecho|telecho|B,0
2026-08-07 22:08:35,Japanese Speed Baccarat 2,telecho|telecho|B,0
2026-08-07 22:10:59,Chinese Speed Baccarat 3,telecho|nikoichi|P,1
2026-08-07 22:22:27,Speed Baccarat 2,telecho|nikoichi|P,0
2026-08-07 22:39:00,Speed Baccarat 11,telecho|nikoichi|P,0
2026-08-07 22:50:06,Korean Baccarat 1,telecho|telecho|B,0
2026-08-07 22:57:55,Super 8 Baccarat,niconico|nikoichi|B,0
2026-08-07 22:58:33,Korean Speed Baccarat 2,telecho|telecho|B,1
2026-08-07 23:16:57,Korean Speed Baccarat 2,niconico|dragon|B,1
2026-08-07 23:21:10,Korean Speed Baccarat 5,niconico|dragon|B,0
2026-08-07 23:34:56,Speed Baccarat 9,telecho|telecho|B,0
2026-08-07 23:40:28,Korean Speed Baccarat 1,telecho|nikoichi|P,0
2026-08-08 00:00:01,Japanese Speed Baccarat 3,telecho|telecho|B,0
2026-08-08 00:02:37,Japanese Speed Baccarat 3,telecho|nikoichi|P,0
2026-08-08 00:08:05,Japanese Speed Baccarat 1,niconico|dragon|B,0
2026-08-08 00:13:55,Korean Speed Baccarat 2,telecho|telecho|B,1
2026-08-08 00:30:28,Indonesian Speed Baccarat 2,telecho|telecho|B,0
2026-08-08 00:36:13,Speed Baccarat 9,niconico|dragon|B,0
2026-08-08 00:37:41,Korean Baccarat 1,telecho|telecho|B,1
2026-08-08 00:47:16,Thai Speed Baccarat 1,niconico|dragon|B,0
2026-08-08 00:51:09,Chinese Speed Baccarat 1,telecho|telecho|B,1
2026-08-08 00:52:13,Korean Baccarat 2,telecho|nikoichi|P,0
2026-08-08 00:53:20,Speed Baccarat 5,sansan|telecho|P,1
2026-08-08 01:10:21,Speed Baccarat 6,telecho|nikoichi|P,1
2026-08-08 01:16:45,Chinese Speed Baccarat 2,telecho|nikoichi|P,1
2026-08-08 01:21:29,Fortune 6 Baccarat,niconico|dragon|B,1
2026-08-08 01:25:17,Speed Baccarat 12,telecho|telecho|B,1
2026-08-08 01:26:30,Speed Baccarat 12,telecho|telecho|B,0
2026-08-08 01:28:08,Speed Baccarat 12,telecho|nikoichi|P,1
2026-08-08 01:36:10,Japanese Speed Baccarat 2,telecho|nikoichi|P,1
2026-08-08 01:46:52,Chinese Speed Baccarat 2,telecho|nikoichi|P,0
2026-08-08 01:47:02,Speed Baccarat 16,telecho|telecho|B,1
2026-08-08 01:53:53,Chinese Speed Baccarat 1,telecho|telecho|B,1
2026-08-08 01:57:38,Speed Baccarat 8,telecho|nikoichi|P,1
2026-08-08 02:09:39,Speed Baccarat 6,niconico|dragon|B,0
2026-08-08 02:11:43,Japanese Speed Baccarat 2,telecho|telecho|B,0
2026-08-08 02:24:42,Speed Baccarat 11,telecho|telecho|B,0
2026-08-08 02:50:52,Korean Speed Baccarat 5,niconico|dragon|B,0
2026-08-08 02:51:47,Speed Baccarat 12,telecho|nikoichi|P,1
2026-08-08 02:54:31,Speed Baccarat 12,niconico|dragon|B,1
2026-08-08 03:02:11,Baccarat 1,telecho|telecho|B,1
2026-08-08 03:08:47,Korean Baccarat 1,niconico|dragon|B,1
2026-08-08 03:10:44,Vietnamese Speed Baccarat 1,niconico|nikoichi|B,1
2026-08-08 03:11:59,Vietnamese Speed Baccarat 1,niconico|nikoichi|P,1
2026-08-08 03:15:25,Speed Baccarat 2,telecho|nikoichi|P,0
2026-08-08 03:17:18,Korean Speed Baccarat 5,niconico|nikoichi|B,0
2026-08-08 03:24:09,Speed Baccarat 11,telecho|nikoichi|P,0
2026-08-08 03:33:28,Speed Baccarat 6,telecho|telecho|B,0
2026-08-08 03:40:38,Vietnamese Speed Baccarat 1,niconico|dragon|B,1
2026-08-08 03:48:39,Chinese Speed Baccarat 2,telecho|telecho|B,0
2026-08-08 03:51:12,Korean Baccarat 2,telecho|telecho|B,0
2026-08-08 03:55:28,Chinese Speed Baccarat 3,niconico|dragon|B,0
2026-08-08 03:56:15,Korean Baccarat 2,telecho|telecho|B,1
2026-08-08 04:01:33,Vietnamese Speed Baccarat 2,telecho|telecho|B,0
2026-08-08 04:17:22,Speed Baccarat 16,telecho|telecho|B,1
2026-08-08 04:26:12,Speed Baccarat 5,telecho|nikoichi|P,1
2026-08-08 04:31:59,Speed Baccarat 9,telecho|nikoichi|P,0
2026-08-08 04:49:50,Speed Baccarat 16,telecho|telecho|B,1
2026-08-08 04:55:20,Speed Baccarat 12,niconico|dragon|B,1
2026-08-08 04:56:28,Baccarat 9,telecho|nikoichi|P,0
2026-08-08 05:05:46,Speed Baccarat 13,telecho|telecho|B,1
2026-08-08 05:16:47,Speed Baccarat 11,telecho|telecho|B,0
2026-08-08 05:17:48,Speed Baccarat 18,telecho|telecho|B,1
2026-08-08 05:42:54,Speed Baccarat 15,sansan|telecho|P,0
2026-08-08 05:45:47,Vietnamese Speed Baccarat 1,telecho|nikoichi|P,1
2026-08-08 06:13:23,Indonesian Speed Baccarat 2,telecho|telecho|B,0
2026-08-08 06:17:10,Vietnamese Speed Baccarat 1,telecho|telecho|B,1
2026-08-08 06:21:16,Thai Speed Baccarat 2,niconico|dragon|B,0
2026-08-08 06:26:38,Thai Speed Baccarat 2,niconico|nikoichi|B,0
2026-08-08 06:32:10,Speed Baccarat 6,telecho|nikoichi|P,1
2026-08-08 06:33:43,Speed Baccarat 6,niconico|nikoichi|B,0
2026-08-08 06:45:02,Vietnamese Speed Baccarat 3,telecho|nikoichi|P,0
2026-08-08 06:46:35,Speed Baccarat 9,telecho|telecho|B,0
2026-08-08 06:47:21,Baccarat 2,niconico|nikoichi|B,1
2026-08-08 06:52:14,Korean Speed Baccarat 5,telecho|nikoichi|P,0
2026-08-08 06:54:09,Speed Baccarat 6,telecho|nikoichi|P,0
2026-08-08 07:01:20,Korean Baccarat 2,niconico|nikoichi|P,1
2026-08-08 07:10:43,Speed Baccarat 13,telecho|telecho|B,1
2026-08-08 07:12:50,Korean Speed Baccarat 3,telecho|telecho|B,1
2026-08-08 07:16:02,Speed Baccarat 8,telecho|nikoichi|P,0
2026-08-08 07:17:19,Speed Baccarat 11,telecho|telecho|B,1
2026-08-08 07:26:24,Indonesian Speed Baccarat 1,telecho|telecho|B,0
2026-08-08 07:33:57,Speed Baccarat 9,niconico|dragon|B,1
2026-08-08 07:59:30,Speed Baccarat 6,niconico|dragon|B,0
2026-08-08 08:13:58,Korean Baccarat 1,telecho|telecho|B,0
2026-08-08 08:23:35,Thai Speed Baccarat 1,niconico|dragon|B,0
2026-08-08 08:25:22,Korean Turbo Baccarat 1,telecho|telecho|B,1
2026-08-08 08:36:04,Baccarat 1,telecho|nikoichi|P,0
2026-08-08 08:44:17,Korean Speed Baccarat 1,telecho|telecho|B,0
2026-08-08 08:44:26,Thai Baccarat 1,telecho|telecho|B,0
2026-08-08 08:47:43,Thai Speed Baccarat 2,telecho|telecho|B,0
2026-08-08 09:01:41,Baccarat 5,sansan|telecho|P,1
2026-08-08 09:03:37,Speed Baccarat 9,telecho|nikoichi|P,1
2026-08-08 09:05:26,STAKE SPEED BACCARAT,telecho|nikoichi|P,1
2026-08-08 09:16:56,Korean Speed Baccarat 5,niconico|dragon|B,0
2026-08-08 09:29:33,Speed Baccarat 13,telecho|nikoichi|P,1
2026-08-08 09:36:06,Vietnamese Speed Baccarat 2,niconico|dragon|B,1
2026-08-08 09:39:18,Korean Turbo Baccarat 1,niconico|dragon|B,1
2026-08-08 09:39:33,Korean Speed Baccarat 3,telecho|telecho|B,0
2026-08-08 09:41:59,Baccarat 6,telecho|nikoichi|P,1
2026-08-08 09:42:09,Korean Speed Baccarat 5,niconico|dragon|B,0
2026-08-08 09:54:07,Speed Baccarat 12,sansan|telecho|P,1
2026-08-08 10:17:25,Japanese Speed Baccarat 3,telecho|nikoichi|P,0
2026-08-08 10:21:28,Japanese Speed Baccarat 2,niconico|dragon|B,1
2026-08-08 10:42:11,Thai Baccarat 1,telecho|telecho|B,1
2026-08-08 10:42:45,Fortune 6 Baccarat,telecho|telecho|B,1
2026-08-08 10:46:35,Speed Baccarat 15,telecho|nikoichi|P,1
2026-08-08 10:55:24,Chinese Speed Baccarat 1,telecho|telecho|B,0
2026-08-08 11:03:18,Baccarat 2,niconico|dragon|B,1
2026-08-08 11:10:53,Korean Speed Baccarat 3,telecho|telecho|B,1
2026-08-08 11:13:43,Vietnamese Speed Baccarat 2,telecho|telecho|B,0
2026-08-08 11:37:30,Speed Baccarat 8,telecho|telecho|B,0
2026-08-08 11:45:13,Speed Baccarat 18,niconico|dragon|B,1
2026-08-08 11:50:08,Japanese Speed Baccarat 2,telecho|telecho|B,1
2026-08-08 11:51:19,Vietnamese Speed Baccarat 1,telecho|telecho|B,1
2026-08-08 11:54:03,Thai Baccarat 1,telecho|telecho|B,1
2026-08-08 11:56:03,Chinese Speed Baccarat 1,telecho|telecho|B,1
2026-08-08 12:02:08,Turbo Baccarat,telecho|telecho|B,1
2026-08-08 12:05:46,Speed Baccarat 2,telecho|nikoichi|P,1
2026-08-08 12:14:30,Korean Speed Baccarat 1,telecho|telecho|B,1
2026-08-08 12:33:13,STAKE SPEED BACCARAT,telecho|telecho|B,0
2026-08-08 12:35:43,Korean Turbo Baccarat 1,telecho|telecho|B,1
2026-08-08 12:43:10,Korean Baccarat 1,telecho|nikoichi|P,0
2026-08-08 12:57:45,Baccarat 1,telecho|nikoichi|P,1
2026-08-08 13:17:51,Japanese Speed Baccarat 3,telecho|telecho|B,0
2026-08-08 13:39:28,Fortune 6 Baccarat,telecho|nikoichi|P,1
2026-08-08 13:46:03,Chinese Speed Baccarat 2,telecho|nikoichi|P,1
2026-08-08 13:50:54,Speed Baccarat 18,niconico|nikoichi|B,0
2026-08-08 13:51:02,Speed Baccarat 13,telecho|nikoichi|P,1
2026-08-08 13:52:17,Thai Speed Baccarat 1,telecho|telecho|B,0
2026-08-08 14:02:23,Speed Baccarat 15,telecho|telecho|B,1
2026-08-08 14:26:51,Chinese Speed Baccarat 1,telecho|telecho|B,1
2026-08-08 14:32:05,STAKE SPEED BACCARAT,telecho|telecho|B,1
2026-08-08 14:53:12,Baccarat 7,niconico|nikoichi|P,0
2026-08-08 15:20:15,Super 8 Baccarat,telecho|nikoichi|P,1
2026-08-08 15:30:41,Speed Baccarat 15,telecho|nikoichi|P,1
2026-08-08 15:40:26,Speed Baccarat 11,niconico|nikoichi|B,0
2026-08-08 15:50:26,Turbo Baccarat,niconico|nikoichi|P,1
2026-08-08 16:10:43,Thai Speed Baccarat 2,niconico|dragon|B,1
2026-08-08 16:20:47,Speed Baccarat 12,telecho|telecho|B,0
2026-08-08 16:28:47,Baccarat 5,niconico|dragon|B,0
2026-08-08 16:34:20,Speed Baccarat 3,niconico|dragon|B,0
2026-08-08 16:37:32,Turbo Baccarat,telecho|telecho|B,0
2026-08-08 16:59:26,Turbo Baccarat,niconico|dragon|B,0
2026-08-08 17:02:59,Speed Baccarat 2,telecho|nikoichi|P,1
2026-08-08 17:04:02,Fortune 6 Baccarat,telecho|nikoichi|P,1
2026-08-08 17:12:17,Baccarat 6,telecho|telecho|B,1
2026-08-08 17:23:01,Baccarat 1,telecho|telecho|B,0
2026-08-08 17:23:12,Korean Turbo Baccarat 1,niconico|dragon|B,1
2026-08-08 17:26:36,Speed Baccarat 12,telecho|telecho|B,1
2026-08-08 17:31:55,Speed Baccarat 9,telecho|telecho|B,1
2026-08-08 17:37:01,Speed Baccarat 5,telecho|nikoichi|P,0
2026-08-08 17:41:17,Thai Speed Baccarat 1,niconico|nikoichi|P,1
2026-08-08 17:41:38,Speed Baccarat 11,telecho|nikoichi|P,0
2026-08-08 17:42:01,Turbo Baccarat,telecho|nikoichi|P,1
2026-08-08 17:43:49,Turbo Baccarat,telecho|telecho|B,0
2026-08-08 18:14:07,Speed Baccarat 5,telecho|telecho|B,0
2026-08-08 18:18:49,Speed Baccarat 12,telecho|telecho|B,1
2026-08-08 18:24:16,Korean Speed Baccarat 5,niconico|dragon|B,1
2026-08-08 18:25:06,Indonesian Speed Baccarat 2,niconico|dragon|B,0
2026-08-08 18:27:30,Baccarat 6,niconico|dragon|B,1
2026-08-08 18:32:55,Korean Baccarat 1,niconico|nikoichi|P,1
2026-08-08 18:33:04,Fortune 6 Baccarat,niconico|nikoichi|B,0
2026-08-08 18:44:13,Speed Baccarat 18,niconico|dragon|B,1
2026-08-08 18:46:18,Korean Baccarat 1,niconico|nikoichi|P,0
2026-08-08 19:09:52,STAKE SPEED BACCARAT,niconico|nikoichi|P,1
2026-08-08 19:14:05,Thai Speed Baccarat 1,niconico|dragon|B,1
2026-08-08 19:20:16,Korean Speed Baccarat 5,telecho|telecho|B,0
2026-08-08 19:20:57,Indonesian Speed Baccarat 2,telecho|telecho|B,0
2026-08-08 19:26:35,Japanese Speed Baccarat 2,niconico|dragon|B,1
2026-08-08 19:34:23,Baccarat 5,niconico|dragon|B,0
2026-08-08 19:46:21,Korean Speed Baccarat 5,telecho|telecho|B,0
2026-08-08 19:50:40,Indonesian Speed Baccarat 2,niconico|nikoichi|B,0
2026-08-08 19:53:17,Korean Baccarat 1,telecho|telecho|B,1
2026-08-08 20:06:42,Speed Baccarat 5,telecho|telecho|B,1
2026-08-08 20:07:42,Baccarat 9,niconico|dragon|B,1
2026-08-08 20:07:53,Speed Baccarat 18,telecho|telecho|B,1
2026-08-08 20:18:26,Korean Speed Baccarat 5,telecho|telecho|B,0
2026-08-08 20:20:43,Japanese Speed Baccarat 3,niconico|dragon|B,1
2026-08-08 20:33:11,Fortune 6 Baccarat,telecho|nikoichi|P,0
2026-08-08 20:38:19,Korean Turbo Baccarat 1,niconico|nikoichi|B,1
2026-08-08 20:47:17,Korean Speed Baccarat 2,niconico|dragon|B,1
2026-08-08 20:50:24,Speed Baccarat 3,niconico|dragon|B,0
2026-08-08 20:59:10,Speed Baccarat 6,telecho|telecho|B,0
2026-08-08 21:04:32,Speed Baccarat 2,telecho|nikoichi|P,0
2026-08-08 21:04:50,Thai Speed Baccarat 1,niconico|dragon|B,1
2026-08-08 21:05:04,Speed Baccarat 1,telecho|telecho|B,1
2026-08-08 21:08:26,Speed Baccarat 15,telecho|nikoichi|P,1
2026-08-08 21:15:52,Vietnamese Speed Baccarat 1,niconico|nikoichi|P,1
2026-08-08 21:26:19,STAKE SPEED BACCARAT,telecho|telecho|B,1
2026-08-08 21:34:41,Thai Baccarat 1,niconico|dragon|B,1
2026-08-08 21:53:51,Baccarat 9,niconico|nikoichi|B,0
2026-08-08 21:57:11,STAKE SPEED BACCARAT,telecho|nikoichi|P,0
2026-08-08 22:26:58,Korean Baccarat 1,telecho|nikoichi|P,0
2026-08-08 22:44:04,Fortune 6 Baccarat,telecho|nikoichi|P,0
2026-08-08 22:45:51,Vietnamese Speed Baccarat 1,telecho|telecho|B,0
2026-08-08 22:49:52,Speed Baccarat 12,telecho|telecho|B,0
2026-08-08 22:57:20,Thai Speed Baccarat 1,telecho|telecho|B,1
2026-08-08 23:01:24,Speed Baccarat 1,telecho|nikoichi|P,1
2026-08-08 23:06:04,Fortune 6 Baccarat,telecho|telecho|B,1
2026-08-08 23:20:21,Vietnamese Speed Baccarat 3,telecho|nikoichi|P,0
2026-08-08 23:21:37,Speed Baccarat 13,telecho|nikoichi|P,0
2026-08-08 23:22:19,Speed Baccarat 13,telecho|telecho|B,0
2026-08-08 23:27:49,Chinese Speed Baccarat 1,niconico|nikoichi|P,1
2026-08-08 23:30:55,Japanese Speed Baccarat 1,niconico|dragon|B,0
2026-08-08 23:32:58,Vietnamese Speed Baccarat 3,telecho|nikoichi|P,1
2026-08-08 23:35:21,Vietnamese Speed Baccarat 3,telecho|telecho|B,0
2026-08-08 23:35:30,Speed Baccarat 18,telecho|nikoichi|P,0
2026-08-08 23:38:24,Korean Baccarat 1,telecho|telecho|B,0
2026-08-08 23:41:49,Indonesian Speed Baccarat 2,telecho|nikoichi|P,0
2026-08-08 23:56:49,Baccarat 5,telecho|telecho|B,0
2026-08-09 00:19:43,Korean Baccarat 1,telecho|telecho|B,1
2026-08-09 00:46:34,Chinese Speed Baccarat 3,telecho|telecho|B,0
2026-08-09 00:46:57,Korean Baccarat 2,telecho|telecho|B,1
2026-08-09 00:47:38,Vietnamese Speed Baccarat 2,telecho|telecho|B,1
2026-08-09 00:48:32,Chinese Speed Baccarat 2,telecho|telecho|B,1
2026-08-09 00:49:55,Vietnamese Speed Baccarat 2,telecho|nikoichi|P,0
2026-08-09 00:53:09,Chinese Speed Baccarat 2,telecho|telecho|B,1
2026-08-09 00:55:27,Speed Baccarat 15,telecho|telecho|B,0
2026-08-09 00:59:38,Speed Baccarat 15,telecho|nikoichi|P,0
2026-08-09 01:00:07,Thai Speed Baccarat 1,niconico|dragon|B,0
2026-08-09 01:02:10,Speed Baccarat 5,telecho|nikoichi|P,0
2026-08-09 01:27:05,Korean Speed Baccarat 5,niconico|nikoichi|B,0
2026-08-09 01:29:56,Speed Baccarat 2,niconico|nikoichi|P,0
2026-08-09 01:44:00,Speed Baccarat 12,niconico|dragon|B,1
2026-08-09 01:46:19,Chinese Speed Baccarat 3,telecho|telecho|B,0
2026-08-09 01:53:20,Japanese Speed Baccarat 1,niconico|dragon|B,1
2026-08-09 01:54:29,Speed Baccarat 8,niconico|dragon|B,0
2026-08-09 01:56:37,STAKE SPEED BACCARAT,telecho|telecho|B,1
2026-08-09 02:07:43,Japanese Speed Baccarat 3,telecho|telecho|B,1
2026-08-09 02:12:22,Japanese Speed Baccarat 3,telecho|telecho|B,0
2026-08-09 02:13:27,Speed Baccarat 12,niconico|nikoichi|B,0
2026-08-09 02:19:58,Vietnamese Speed Baccarat 3,niconico|nikoichi|B,1
2026-08-09 02:20:21,Vietnamese Speed Baccarat 3,niconico|nikoichi|P,1
2026-08-09 02:27:48,Speed Baccarat 2,niconico|dragon|B,0
2026-08-09 02:34:19,Indonesian Speed Baccarat 1,niconico|dragon|B,1
2026-08-09 02:35:37,Fortune 6 Baccarat,telecho|telecho|B,1
2026-08-09 02:43:07,Korean Speed Baccarat 2,telecho|telecho|B,0
2026-08-09 02:44:04,Speed Baccarat 11,telecho|telecho|B,0
2026-08-09 02:59:05,Speed Baccarat 5,telecho|nikoichi|P,1
2026-08-09 03:08:55,Indonesian Speed Baccarat 1,niconico|dragon|B,0
2026-08-09 03:14:46,Baccarat 2,telecho|nikoichi|P,1
2026-08-09 03:17:11,Vietnamese Speed Baccarat 3,telecho|nikoichi|P,1
2026-08-09 03:41:24,Speed Baccarat 12,niconico|nikoichi|P,1
2026-08-09 03:48:01,Speed Baccarat 3,telecho|nikoichi|P,1
2026-08-09 03:49:11,Japanese Speed Baccarat 1,niconico|nikoichi|B,0
2026-08-09 03:50:46,Baccarat 1,telecho|nikoichi|P,1
2026-08-09 03:52:03,Baccarat 9,niconico|dragon|B,1
2026-08-09 03:53:39,Korean Speed Baccarat 1,niconico|dragon|B,1
2026-08-09 04:10:42,Speed Baccarat 9,telecho|telecho|B,0
2026-08-09 04:16:21,Japanese Speed Baccarat 1,telecho|telecho|B,0
2026-08-09 04:48:23,Speed Baccarat 12,telecho|nikoichi|P,1
2026-08-09 05:07:42,Speed Baccarat 1,niconico|dragon|B,0
2026-08-09 05:14:40,Thai Speed Baccarat 2,telecho|nikoichi|P,1
2026-08-09 05:23:41,Korean Speed Baccarat 1,niconico|dragon|B,0
2026-08-09 05:44:20,Speed Baccarat 3,telecho|telecho|B,0
2026-08-09 05:50:15,Korean Speed Baccarat 1,telecho|nikoichi|P,1
2026-08-09 05:57:09,Thai Speed Baccarat 1,telecho|nikoichi|P,0
2026-08-09 05:58:50,Speed Baccarat 5,telecho|telecho|B,1
2026-08-09 06:00:54,Speed Baccarat 5,telecho|telecho|B,1
2026-08-09 06:01:28,Speed Baccarat 6,niconico|nikoichi|P,0
2026-08-09 06:20:38,Baccarat 2,telecho|nikoichi|P,0
2026-08-09 06:25:41,Thai Speed Baccarat 1,telecho|telecho|B,1
2026-08-09 06:53:10,STAKE SPEED BACCARAT,telecho|telecho|B,1
2026-08-09 07:20:54,Korean Baccarat 2,telecho|telecho|B,1
2026-08-09 07:21:23,Chinese Speed Baccarat 3,telecho|nikoichi|P,0
2026-08-09 07:22:35,Baccarat 5,telecho|nikoichi|P,0
2026-08-09 07:26:40,Speed Baccarat 2,telecho|telecho|B,0
2026-08-09 07:28:28,Super 8 Baccarat,telecho|telecho|B,1
2026-08-09 07:42:03,Speed Baccarat 13,niconico|dragon|B,1
2026-08-09 07:46:54,Vietnamese Speed Baccarat 3,telecho|telecho|B,0
2026-08-09 07:51:55,Chinese Speed Baccarat 2,niconico|dragon|B,1
2026-08-09 07:54:03,Turbo Baccarat,telecho|nikoichi|P,1
2026-08-09 07:55:15,Indonesian Speed Baccarat 1,telecho|telecho|B,1
2026-08-09 07:59:20,Japanese Speed Baccarat 1,telecho|telecho|B,0
2026-08-09 08:01:05,Korean Baccarat 2,telecho|telecho|B,1
2026-08-09 08:06:46,Speed Baccarat 9,telecho|nikoichi|P,0
2026-08-09 08:23:23,Speed Baccarat 6,telecho|telecho|B,0
2026-08-09 08:54:16,Korean Speed Baccarat 5,telecho|telecho|B,1
2026-08-09 08:54:58,Baccarat 2,niconico|dragon|B,1
2026-08-09 09:10:27,Speed Baccarat 3,telecho|nikoichi|P,0
2026-08-09 09:13:01,Vietnamese Speed Baccarat 1,telecho|nikoichi|P,1
2026-08-09 09:13:46,Korean Speed Baccarat 2,telecho|telecho|B,0
2026-08-09 09:31:27,Speed Baccarat 8,telecho|nikoichi|P,1
2026-08-09 09:33:04,Super 8 Baccarat,niconico|dragon|B,1
2026-08-09 09:50:37,Chinese Speed Baccarat 2,telecho|telecho|B,1
2026-08-09 09:51:07,STAKE SPEED BACCARAT,telecho|telecho|B,1
2026-08-09 09:55:10,Speed Baccarat 18,niconico|dragon|B,1
2026-08-09 10:17:50,Thai Speed Baccarat 1,niconico|nikoichi|B,1
2026-08-09 10:33:24,Speed Baccarat 2,sansan|telecho|P,0
2026-08-09 10:40:38,Japanese Speed Baccarat 1,niconico|dragon|B,0
2026-08-09 10:51:04,Chinese Speed Baccarat 3,telecho|telecho|B,1
2026-08-09 10:57:28,Turbo Baccarat,niconico|nikoichi|B,1
2026-08-09 10:57:47,Turbo Baccarat,telecho|nikoichi|P,1
2026-08-09 11:04:53,Indonesian Speed Baccarat 2,niconico|nikoichi|B,0
2026-08-09 11:41:31,Korean Speed Baccarat 2,telecho|telecho|B,1
2026-08-09 11:44:19,Vietnamese Speed Baccarat 3,telecho|telecho|B,0
2026-08-09 11:50:14,STAKE SPEED BACCARAT,niconico|dragon|B,1
2026-08-09 11:57:58,Speed Baccarat 13,telecho|telecho|B,1
2026-08-09 12:02:44,Baccarat 2,telecho|telecho|B,1
2026-08-09 12:13:07,Vietnamese Speed Baccarat 3,niconico|nikoichi|P,0
2026-08-09 12:22:42,Turbo Baccarat,telecho|telecho|B,0
2026-08-09 12:28:03,Thai Baccarat 1,telecho|telecho|B,1
2026-08-09 12:32:14,Indonesian Speed Baccarat 2,niconico|dragon|B,1
2026-08-09 12:42:18,Thai Speed Baccarat 2,telecho|nikoichi|P,0
2026-08-09 12:53:11,Thai Speed Baccarat 1,telecho|nikoichi|P,0
2026-08-09 12:58:08,Korean Baccarat 1,niconico|dragon|B,0
2026-08-09 13:07:05,Speed Baccarat 2,telecho|nikoichi|P,1
2026-08-09 13:10:48,Speed Baccarat 15,telecho|telecho|B,0
2026-08-09 13:16:19,Chinese Speed Baccarat 3,telecho|nikoichi|P,0
2026-08-09 13:17:04,Thai Speed Baccarat 2,telecho|telecho|B,0
2026-08-09 13:25:22,Korean Speed Baccarat 3,niconico|nikoichi|B,1
2026-08-09 13:34:44,Speed Baccarat 15,telecho|telecho|B,1
2026-08-09 13:36:58,Korean Baccarat 1,niconico|dragon|B,0
2026-08-09 13:43:38,Baccarat 6,telecho|telecho|B,0
2026-08-09 13:44:55,Thai Speed Baccarat 2,telecho|telecho|B,1
2026-08-09 13:54:25,Thai Baccarat 1,niconico|dragon|B,1
2026-08-09 14:12:30,Korean Baccarat 1,telecho|nikoichi|P,1
2026-08-09 14:16:32,Korean Speed Baccarat 2,telecho|nikoichi|P,0
2026-08-09 14:19:48,Baccarat 7,telecho|telecho|B,1
2026-08-09 14:25:25,Korean Baccarat 2,telecho|telecho|B,0
2026-08-09 14:26:56,Speed Baccarat 18,telecho|telecho|B,0
2026-08-09 15:03:59,Speed Baccarat 13,telecho|nikoichi|P,1
2026-08-09 15:05:56,Speed Baccarat 16,telecho|nikoichi|P,0
2026-08-09 15:15:43,Japanese Speed Baccarat 1,telecho|telecho|B,1
2026-08-09 15:32:40,Baccarat 5,telecho|nikoichi|P,0
2026-08-09 15:33:54,Korean Baccarat 1,telecho|telecho|B,1
2026-08-09 15:35:04,Korean Baccarat 1,telecho|telecho|B,1
2026-08-09 15:38:46,Korean Turbo Baccarat 1,telecho|nikoichi|P,0
2026-08-09 15:39:28,Super 8 Baccarat,niconico|dragon|B,1
2026-08-09 15:40:12,Speed Baccarat 6,telecho|telecho|B,1
2026-08-09 15:41:38,STAKE SPEED BACCARAT,niconico|nikoichi|P,1
2026-08-09 15:43:33,Vietnamese Speed Baccarat 2,niconico|dragon|B,1
2026-08-09 15:56:14,Korean Speed Baccarat 5,telecho|telecho|B,1
2026-08-09 15:58:02,Japanese Speed Baccarat 3,telecho|telecho|B,1
2026-08-09 16:06:04,STAKE SPEED BACCARAT,telecho|telecho|B,1
2026-08-09 16:06:19,Speed Baccarat 17,niconico|dragon|B,0
2026-08-09 16:12:10,Speed Baccarat 2,niconico|dragon|B,1
2026-08-09 16:33:30,Korean Speed Baccarat 3,telecho|nikoichi|P,0
2026-08-09 16:34:52,Baccarat 9,telecho|nikoichi|P,0
2026-08-09 16:35:44,Indonesian Speed Baccarat 1,telecho|nikoichi|P,0
2026-08-09 16:39:18,Thai Speed Baccarat 1,telecho|nikoichi|P,1
2026-08-09 16:40:01,Baccarat 9,niconico|dragon|B,0
2026-08-09 16:44:20,Vietnamese Speed Baccarat 2,telecho|telecho|B,1
2026-08-09 16:47:07,Vietnamese Speed Baccarat 2,telecho|nikoichi|P,1
2026-08-09 16:51:28,Speed Baccarat 13,niconico|dragon|B,0
2026-08-09 16:53:22,Baccarat 6,telecho|telecho|B,0
2026-08-09 17:07:39,Indonesian Speed Baccarat 1,telecho|telecho|B,1
2026-08-09 17:10:14,Indonesian Speed Baccarat 1,telecho|nikoichi|P,0
2026-08-09 17:17:24,Chinese Speed Baccarat 2,telecho|telecho|B,0
2026-08-09 17:33:00,Speed Baccarat 17,telecho|telecho|B,1
2026-08-09 17:33:58,Baccarat 2,telecho|telecho|B,0
2026-08-09 17:34:20,Speed Baccarat 8,niconico|dragon|B,0
2026-08-09 17:36:52,Thai Speed Baccarat 1,niconico|nikoichi|P,0
2026-08-09 17:41:16,Speed Baccarat 6,telecho|nikoichi|P,0
2026-08-09 17:51:59,Speed Baccarat 13,telecho|telecho|B,0
2026-08-09 18:02:47,Speed Baccarat 8,telecho|telecho|B,1
2026-08-09 18:03:29,Speed Baccarat 16,telecho|telecho|B,1
2026-08-09 18:14:58,Japanese Speed Baccarat 2,telecho|nikoichi|P,1
2026-08-09 18:17:41,Speed Baccarat 11,niconico|nikoichi|P,1
2026-08-09 18:25:52,Baccarat 9,niconico|nikoichi|B,1
2026-08-09 18:43:17,Japanese Speed Baccarat 2,telecho|telecho|B,1
2026-08-09 18:45:40,Chinese Speed Baccarat 3,telecho|telecho|B,0
2026-08-09 18:45:48,Japanese Speed Baccarat 2,telecho|nikoichi|P,1
2026-08-09 18:49:41,Korean Speed Baccarat 2,telecho|nikoichi|P,1
2026-08-09 19:23:56,Japanese Speed Baccarat 1,niconico|dragon|B,0
2026-08-09 19:37:38,Baccarat 9,niconico|nikoichi|P,0
2026-08-09 19:44:53,Speed Baccarat 8,niconico|dragon|B,1
2026-08-09 19:46:55,Speed Baccarat 11,sansan|telecho|P,1
2026-08-09 19:53:56,Baccarat 7,telecho|telecho|B,1
2026-08-09 19:56:09,Vietnamese Speed Baccarat 2,niconico|nikoichi|P,1
2026-08-09 19:58:54,Korean Speed Baccarat 1,telecho|nikoichi|P,0
2026-08-09 20:00:20,Vietnamese Speed Baccarat 2,telecho|telecho|B,0
2026-08-09 20:11:42,Korean Speed Baccarat 3,telecho|telecho|B,1
2026-08-09 20:14:41,Speed Baccarat 11,niconico|dragon|B,1
2026-08-09 20:35:28,Speed Baccarat 6,telecho|telecho|B,1
2026-08-09 20:41:00,Speed Baccarat 17,telecho|nikoichi|P,0
2026-08-09 20:46:34,Korean Baccarat 1,telecho|nikoichi|P,0
2026-08-09 20:47:35,Korean Baccarat 1,telecho|telecho|B,0
2026-08-09 21:03:33,Vietnamese Speed Baccarat 3,niconico|nikoichi|P,0
2026-08-09 21:18:16,Japanese Speed Baccarat 2,telecho|telecho|B,0
2026-08-09 21:18:44,Speed Baccarat 15,niconico|dragon|B,1
2026-08-09 21:43:18,Korean Speed Baccarat 5,niconico|dragon|B,0
2026-08-09 21:43:32,Speed Baccarat 9,telecho|nikoichi|P,0
2026-08-09 21:47:43,Speed Baccarat 5,telecho|telecho|B,0
2026-08-09 22:05:01,Speed Baccarat 6,telecho|nikoichi|P,1
2026-08-09 22:07:49,Speed Baccarat 13,telecho|telecho|B,0
2026-08-09 22:22:28,Speed Baccarat 15,telecho|telecho|B,0
2026-08-09 22:26:45,Japanese Speed Baccarat 3,telecho|nikoichi|P,1
2026-08-09 22:31:55,Chinese Speed Baccarat 1,telecho|telecho|B,0
2026-08-09 22:48:06,Speed Baccarat 15,niconico|dragon|B,0
2026-08-09 23:13:44,Vietnamese Speed Baccarat 1,niconico|dragon|B,1
2026-08-09 23:19:07,Korean Speed Baccarat 3,telecho|telecho|B,1
2026-08-09 23:19:50,Vietnamese Speed Baccarat 1,telecho|nikoichi|P,1
2026-08-09 23:21:32,STAKE SPEED BACCARAT,telecho|telecho|B,0
2026-08-09 23:27:24,Vietnamese Speed Baccarat 2,niconico|nikoichi|B,1
2026-08-09 23:28:20,Baccarat 5,telecho|telecho|B,1
2026-08-09 23:30:15,Speed Baccarat 3,niconico|nikoichi|B,0
2026-08-09 23:30:23,Korean Speed Baccarat 2,niconico|nikoichi|B,0
2026-08-09 23:49:50,Thai Speed Baccarat 2,niconico|dragon|B,1
2026-08-09 23:52:15,Baccarat 2,sansan|telecho|P,0
2026-08-09 23:54:37,Thai Speed Baccarat 2,niconico|nikoichi|P,1
2026-08-09 23:55:12,Fortune 6 Baccarat,niconico|nikoichi|B,0
2026-08-09 23:56:08,Indonesian Speed Baccarat 1,telecho|nikoichi|P,0
2026-08-09 23:59:40,Thai Speed Baccarat 2,niconico|dragon|B,0
2026-08-10 00:01:51,Speed Baccarat 18,niconico|dragon|B,0
2026-08-10 00:09:58,Speed Baccarat 9,telecho|telecho|B,0
2026-08-10 00:22:16,Korean Speed Baccarat 5,telecho|telecho|B,1
2026-08-10 00:27:09,Super 8 Baccarat,niconico|nikoichi|B,0
2026-08-10 00:27:40,Korean Speed Baccarat 5,telecho|telecho|B,1
2026-08-10 01:10:33,Speed Baccarat 9,telecho|nikoichi|P,1
2026-08-10 01:13:39,Thai Speed Baccarat 2,telecho|telecho|B,0
2026-08-10 01:15:38,Turbo Baccarat,telecho|telecho|B,1
2026-08-10 01:17:28,Turbo Baccarat,telecho|nikoichi|P,1
2026-08-10 01:20:26,Korean Speed Baccarat 3,telecho|nikoichi|P,1
2026-08-10 01:37:10,STAKE SPEED BACCARAT,telecho|telecho|B,1
2026-08-10 01:42:26,Korean Speed Baccarat 1,niconico|nikoichi|B,1
2026-08-10 02:35:01,Speed Baccarat 6,niconico|dragon|B,1
2026-08-10 02:42:45,Speed Baccarat 5,telecho|telecho|B,0
2026-08-10 03:07:32,Indonesian Speed Baccarat 1,niconico|nikoichi|P,1
2026-08-10 03:27:13,STAKE SPEED BACCARAT,telecho|nikoichi|P,0
2026-08-10 03:34:02,Speed Baccarat 1,niconico|nikoichi|P,0
2026-08-10 03:45:51,Thai Baccarat 1,niconico|dragon|B,1
2026-08-10 03:46:26,Chinese Speed Baccarat 3,telecho|nikoichi|P,0
2026-08-10 03:53:33,Baccarat 1,telecho|nikoichi|P,1
2026-08-10 04:01:27,Baccarat 6,niconico|dragon|B,0
2026-08-10 04:07:57,Speed Baccarat 1,telecho|nikoichi|P,1
2026-08-10 04:11:13,Baccarat 2,telecho|telecho|B,0
2026-08-10 04:26:12,Speed Baccarat 13,telecho|telecho|B,1
2026-08-10 04:34:43,Speed Baccarat 6,niconico|nikoichi|P,1
2026-08-10 04:45:28,Korean Baccarat 2,telecho|telecho|B,1
2026-08-10 04:53:59,Speed Baccarat 16,telecho|telecho|B,1
2026-08-10 04:57:15,Speed Baccarat 16,niconico|dragon|B,0
2026-08-10 05:19:07,Korean Speed Baccarat 1,telecho|nikoichi|P,0
2026-08-10 05:28:18,Speed Baccarat 13,niconico|dragon|B,1
2026-08-10 05:49:57,Baccarat 1,niconico|nikoichi|P,0
2026-08-10 05:56:25,Speed Baccarat 13,niconico|dragon|B,1
2026-08-10 05:57:14,Speed Baccarat 11,niconico|dragon|B,1
2026-08-10 06:04:26,Speed Baccarat 6,telecho|nikoichi|P,0
2026-08-10 06:11:09,Super 8 Baccarat,telecho|nikoichi|P,1
2026-08-10 06:29:59,Speed Baccarat 18,niconico|nikoichi|P,0
2026-08-10 06:39:26,Baccarat 2,telecho|nikoichi|P,0
2026-08-10 06:43:10,Thai Speed Baccarat 2,telecho|telecho|B,0
2026-08-10 06:44:28,Speed Baccarat 8,niconico|nikoichi|P,1
2026-08-10 06:46:45,Chinese Speed Baccarat 2,niconico|nikoichi|P,1
2026-08-10 07:04:49,Japanese Speed Baccarat 3,niconico|dragon|B,1
2026-08-10 07:05:04,Korean Baccarat 1,telecho|nikoichi|P,1
2026-08-10 07:05:58,Thai Speed Baccarat 1,niconico|nikoichi|P,1
2026-08-10 07:08:48,Vietnamese Speed Baccarat 3,telecho|nikoichi|P,0
2026-08-10 07:10:33,Thai Speed Baccarat 1,niconico|dragon|B,0
2026-08-10 07:33:27,Thai Speed Baccarat 1,telecho|telecho|B,0
2026-08-10 07:45:54,STAKE SPEED BACCARAT,telecho|nikoichi|P,0
2026-08-10 07:54:08,Japanese Speed Baccarat 2,telecho|nikoichi|P,0
2026-08-10 07:56:56,Speed Baccarat 6,niconico|nikoichi|B,0
2026-08-10 08:12:41,Turbo Baccarat,telecho|telecho|B,1
2026-08-10 08:13:36,Speed Baccarat 8,niconico|nikoichi|B,1
2026-08-10 08:15:34,Speed Baccarat 2,telecho|telecho|B,0
2026-08-10 08:43:36,Thai Speed Baccarat 2,telecho|nikoichi|P,1
2026-08-10 09:02:33,Vietnamese Speed Baccarat 1,telecho|telecho|B,0
2026-08-10 09:04:12,Japanese Speed Baccarat 3,niconico|dragon|B,0
2026-08-10 09:08:17,Korean Baccarat 2,telecho|telecho|B,0
2026-08-10 09:13:45,Super 8 Baccarat,telecho|nikoichi|P,1
2026-08-10 09:16:26,Thai Speed Baccarat 2,niconico|nikoichi|B,0
2026-08-10 09:18:46,Turbo Baccarat,telecho|telecho|B,0
2026-08-10 09:37:55,Speed Baccarat 1,niconico|nikoichi|P,1
2026-08-10 09:46:01,Speed Baccarat 13,telecho|telecho|B,1
2026-08-10 09:48:39,Korean Baccarat 2,telecho|telecho|B,1
2026-08-10 09:50:49,Chinese Speed Baccarat 1,telecho|nikoichi|P,0
2026-08-10 10:07:53,Fortune 6 Baccarat,telecho|nikoichi|P,0
2026-08-10 10:20:58,Speed Baccarat 8,telecho|nikoichi|P,0
2026-08-10 10:25:59,Speed Baccarat 18,niconico|dragon|B,1
2026-08-10 10:27:19,Korean Speed Baccarat 2,niconico|dragon|B,0
2026-08-10 10:30:52,Korean Turbo Baccarat 1,niconico|dragon|B,0
2026-08-10 10:44:46,Super 8 Baccarat,telecho|telecho|B,0
2026-08-10 10:48:02,Baccarat 1,niconico|dragon|B,0
2026-08-10 11:01:40,Speed Baccarat 12,telecho|nikoichi|P,0
2026-08-10 11:02:51,Speed Baccarat 12,niconico|dragon|B,0
2026-08-10 11:04:09,Vietnamese Speed Baccarat 1,telecho|nikoichi|P,0
2026-08-10 11:08:11,Fortune 6 Baccarat,telecho|telecho|B,0
2026-08-10 11:16:20,Korean Speed Baccarat 1,telecho|nikoichi|P,1
2026-08-10 11:16:41,Turbo Baccarat,telecho|nikoichi|P,1
2026-08-10 11:26:58,Speed Baccarat 1,telecho|telecho|B,0
2026-08-10 11:32:45,Japanese Speed Baccarat 2,telecho|nikoichi|P,0
2026-08-10 11:41:10,Chinese Speed Baccarat 2,telecho|nikoichi|P,1
2026-08-10 11:49:12,Speed Baccarat 6,niconico|dragon|B,0
2026-08-10 11:52:17,Chinese Speed Baccarat 3,niconico|dragon|B,0
2026-08-10 12:03:12,Thai Baccarat 1,telecho|telecho|B,1
2026-08-10 12:03:59,Indonesian Speed Baccarat 2,telecho|nikoichi|P,1
2026-08-10 12:07:18,Speed Baccarat 5,niconico|nikoichi|B,1
2026-08-10 12:19:36,Speed Baccarat 1,telecho|telecho|B,1
2026-08-10 12:19:47,Baccarat 2,telecho|telecho|B,0
2026-08-10 12:35:31,Vietnamese Speed Baccarat 1,telecho|nikoichi|P,0
2026-08-10 12:39:35,Vietnamese Speed Baccarat 3,niconico|nikoichi|P,0
2026-08-10 12:47:40,Chinese Speed Baccarat 1,telecho|telecho|B,1
2026-08-10 12:47:50,Indonesian Speed Baccarat 1,niconico|dragon|B,0
2026-08-10 12:50:41,Vietnamese Speed Baccarat 2,niconico|nikoichi|P,0
2026-08-10 12:55:12,Korean Speed Baccarat 2,telecho|telecho|B,0
2026-08-10 13:00:19,Korean Speed Baccarat 2,telecho|nikoichi|P,1
2026-08-10 13:12:44,Speed Baccarat 2,telecho|nikoichi|P,0
2026-08-10 13:24:03,Super 8 Baccarat,telecho|telecho|B,1
2026-08-10 13:48:24,Speed Baccarat 1,telecho|telecho|B,0
2026-08-10 13:49:01,Japanese Speed Baccarat 1,telecho|telecho|B,0
2026-08-10 13:51:58,Vietnamese Speed Baccarat 2,niconico|dragon|B,0
2026-08-10 13:53:06,Speed Baccarat 8,telecho|nikoichi|P,0
2026-08-10 14:14:12,Speed Baccarat 17,telecho|nikoichi|P,1
2026-08-10 14:15:09,Baccarat 2,telecho|nikoichi|P,1
2026-08-10 14:21:53,Speed Baccarat 1,niconico|dragon|B,1
2026-08-10 14:29:55,Korean Speed Baccarat 2,niconico|nikoichi|P,1
2026-08-10 14:31:13,Speed Baccarat 8,sansan|telecho|P,1
2026-08-10 14:52:08,Speed Baccarat 9,niconico|dragon|B,1
2026-08-10 14:57:03,Speed Baccarat 8,telecho|nikoichi|P,0
2026-08-10 15:11:13,Baccarat 5,telecho|telecho|B,1
2026-08-10 15:14:35,Speed Baccarat 2,telecho|nikoichi|P,1
2026-08-10 15:19:51,Korean Speed Baccarat 1,niconico|dragon|B,0
2026-08-10 15:34:32,STAKE SPEED BACCARAT,telecho|nikoichi|P,0
2026-08-10 15:42:10,Thai Baccarat 1,telecho|nikoichi|P,1
2026-08-10 16:10:18,Chinese Speed Baccarat 2,niconico|nikoichi|B,1
2026-08-10 16:12:58,Chinese Speed Baccarat 3,telecho|telecho|B,1
2026-08-10 16:15:27,Chinese Speed Baccarat 3,telecho|nikoichi|P,1
2026-08-10 16:15:41,Speed Baccarat 6,niconico|nikoichi|P,0
2026-08-10 16:30:30,Indonesian Speed Baccarat 2,telecho|nikoichi|P,1
2026-08-10 16:51:21,Korean Turbo Baccarat 1,niconico|nikoichi|B,1
2026-08-10 16:58:37,Korean Speed Baccarat 1,niconico|nikoichi|B,1
2026-08-10 17:22:07,Vietnamese Speed Baccarat 2,telecho|telecho|B,0
2026-08-10 17:27:22,Speed Baccarat 12,niconico|nikoichi|B,1
2026-08-10 17:27:49,Speed Baccarat 12,telecho|nikoichi|P,0
2026-08-10 17:27:59,Speed Baccarat 11,telecho|nikoichi|P,0
2026-08-10 17:34:55,Chinese Speed Baccarat 2,telecho|nikoichi|P,0
2026-08-10 17:37:30,Korean Turbo Baccarat 1,telecho|telecho|B,1
2026-08-10 17:41:43,Vietnamese Speed Baccarat 1,niconico|dragon|B,0
2026-08-10 17:47:39,Speed Baccarat 9,telecho|telecho|B,1
2026-08-10 17:52:20,Japanese Speed Baccarat 1,niconico|dragon|B,0
2026-08-10 18:11:34,Japanese Speed Baccarat 2,niconico|dragon|B,1
2026-08-10 18:12:57,Speed Baccarat 15,niconico|dragon|B,1
2026-08-10 18:13:21,Speed Baccarat 15,niconico|dragon|B,1
2026-08-10 18:14:26,Japanese Speed Baccarat 2,niconico|dragon|B,1
2026-08-10 18:20:37,Speed Baccarat 5,telecho|telecho|B,1
2026-08-10 18:22:10,Japanese Speed Baccarat 1,niconico|dragon|B,0
2026-08-10 18:40:48,Turbo Baccarat,telecho|nikoichi|P,1
2026-08-10 18:49:05,Baccarat 6,telecho|telecho|B,0
2026-08-10 18:49:13,Korean Baccarat 2,telecho|telecho|B,1
2026-08-10 18:56:51,Speed Baccarat 12,telecho|telecho|B,1
2026-08-10 19:05:27,Turbo Baccarat,niconico|dragon|B,0
2026-08-10 19:06:55,Speed Baccarat 11,telecho|nikoichi|P,1
2026-08-10 19:19:31,Korean Speed Baccarat 3,niconico|nikoichi|P,1
2026-08-10 19:20:22,Indonesian Speed Baccarat 2,niconico|nikoichi|B,0
2026-08-10 19:24:25,Chinese Speed Baccarat 1,niconico|nikoichi|P,1
2026-08-10 19:32:38,Korean Baccarat 1,niconico|dragon|B,1
2026-08-10 19:43:01,Speed Baccarat 15,niconico|nikoichi|B,0
2026-08-10 19:45:31,Speed Baccarat 3,niconico|nikoichi|B,1
2026-08-10 20:01:42,Speed Baccarat 17,telecho|telecho|B,0
2026-08-10 20:04:13,Speed Baccarat 16,niconico|dragon|B,1
2026-08-10 20:16:29,Turbo Baccarat,telecho|telecho|B,0
2026-08-10 20:20:20,Speed Baccarat 1,telecho|nikoichi|P,0
2026-08-10 20:26:31,STAKE SPEED BACCARAT,niconico|dragon|B,0
2026-08-10 20:39:38,Speed Baccarat 11,telecho|nikoichi|P,1
2026-08-10 20:52:27,Korean Baccarat 1,niconico|dragon|B,0
2026-08-10 21:13:44,Japanese Speed Baccarat 2,niconico|nikoichi|B,1
2026-08-10 21:15:45,Indonesian Speed Baccarat 2,telecho|telecho|B,1
2026-08-10 21:17:27,Speed Baccarat 18,telecho|nikoichi|P,0
2026-08-10 21:33:14,Korean Speed Baccarat 5,telecho|telecho|B,0
2026-08-10 21:41:30,Chinese Speed Baccarat 2,telecho|nikoichi|P,1
2026-08-10 21:47:08,Speed Baccarat 9,niconico|nikoichi|B,0
2026-08-10 22:23:49,Korean Turbo Baccarat 1,niconico|dragon|B,0
2026-08-10 22:40:03,Speed Baccarat 2,telecho|telecho|B,0
2026-08-10 22:52:33,Turbo Baccarat,telecho|telecho|B,0
2026-08-10 23:03:05,Vietnamese Speed Baccarat 2,telecho|nikoichi|P,0
2026-08-10 23:14:01,Speed Baccarat 2,niconico|dragon|B,0
2026-08-10 23:15:09,Japanese Speed Baccarat 2,niconico|dragon|B,0
2026-08-10 23:15:23,Baccarat 6,niconico|dragon|B,1
2026-08-10 23:25:53,Speed Baccarat 5,telecho|nikoichi|P,0
2026-08-10 23:34:54,Speed Baccarat 15,niconico|nikoichi|P,0
2026-08-10 23:43:46,Super 8 Baccarat,telecho|nikoichi|P,1
2026-08-10 23:50:30,Indonesian Speed Baccarat 1,telecho|nikoichi|P,0
2026-08-10 23:53:25,Korean Speed Baccarat 1,telecho|telecho|B,0
2026-08-10 23:54:23,Korean Baccarat 2,telecho|telecho|B,1
2026-08-11 00:12:27,Thai Speed Baccarat 2,telecho|telecho|B,1
2026-08-11 00:15:40,Baccarat 5,telecho|nikoichi|P,1
2026-08-11 00:17:34,Baccarat 5,telecho|nikoichi|P,0
2026-08-11 00:18:24,Baccarat 5,telecho|telecho|B,0
2026-08-11 00:20:55,STAKE SPEED BACCARAT,telecho|telecho|B,0
2026-08-11 00:48:28,Turbo Baccarat,niconico|nikoichi|P,1
2026-08-11 00:50:59,Speed Baccarat 13,telecho|telecho|B,0
2026-08-11 00:58:49,Speed Baccarat 15,telecho|nikoichi|P,0
2026-08-11 01:14:26,Chinese Speed Baccarat 2,telecho|telecho|B,0
2026-08-11 01:15:15,Speed Baccarat 16,telecho|nikoichi|P,1
2026-08-11 01:16:49,Speed Baccarat 16,telecho|nikoichi|P,0
2026-08-11 01:17:34,Speed Baccarat 16,telecho|telecho|B,0
2026-08-11 01:20:50,Chinese Speed Baccarat 1,niconico|dragon|B,0
2026-08-11 01:23:19,Speed Baccarat 8,niconico|dragon|B,0
2026-08-11 01:48:43,Super 8 Baccarat,niconico|nikoichi|P,0
2026-08-11 01:49:58,Thai Speed Baccarat 1,niconico|nikoichi|P,1
2026-08-11 02:19:18,Vietnamese Speed Baccarat 1,telecho|telecho|B,1
2026-08-11 02:20:33,Korean Baccarat 2,telecho|nikoichi|P,1
2026-08-11 02:28:41,Korean Speed Baccarat 5,telecho|telecho|B,1
2026-08-11 02:40:03,Fortune 6 Baccarat,telecho|telecho|B,0
2026-08-11 02:44:48,Baccarat 5,telecho|nikoichi|P,0
2026-08-11 02:46:26,Baccarat 1,telecho|nikoichi|P,0
2026-08-11 02:47:15,Speed Baccarat 13,telecho|telecho|B,0
2026-08-11 02:48:55,STAKE SPEED BACCARAT,niconico|nikoichi|B,0
2026-08-11 03:14:48,Baccarat 2,telecho|telecho|B,0
2026-08-11 03:29:30,Turbo Baccarat,niconico|nikoichi|B,0
2026-08-11 03:29:55,Thai Baccarat 1,telecho|nikoichi|P,0
2026-08-11 03:32:53,Speed Baccarat 3,niconico|nikoichi|B,0
2026-08-11 03:43:22,Korean Speed Baccarat 5,telecho|telecho|B,1
2026-08-11 03:47:09,Baccarat 9,niconico|nikoichi|B,0
2026-08-11 03:52:22,Japanese Speed Baccarat 3,niconico|dragon|B,0
2026-08-11 04:01:26,Korean Speed Baccarat 1,telecho|nikoichi|P,0
2026-08-11 04:03:39,Indonesian Speed Baccarat 2,niconico|dragon|B,1
2026-08-11 04:15:45,Indonesian Speed Baccarat 1,telecho|telecho|B,0
2026-08-11 04:20:42,Korean Speed Baccarat 3,telecho|telecho|B,1
2026-08-11 04:38:35,Speed Baccarat 1,telecho|telecho|B,1
2026-08-11 04:39:44,Baccarat 6,telecho|telecho|B,0
2026-08-11 04:41:32,Super 8 Baccarat,telecho|telecho|B,1
2026-08-11 04:43:43,Thai Baccarat 1,niconico|dragon|B,0
2026-08-11 04:48:51,Chinese Speed Baccarat 3,niconico|dragon|B,1
2026-08-11 05:33:15,Speed Baccarat 9,telecho|telecho|B,0
2026-08-11 05:36:44,STAKE SPEED BACCARAT,telecho|telecho|B,0
2026-08-11 05:38:37,Speed Baccarat 9,niconico|dragon|B,1
2026-08-11 05:43:43,Baccarat 2,niconico|nikoichi|P,1
2026-08-11 05:49:21,Speed Baccarat 11,niconico|nikoichi|P,0
2026-08-11 05:50:29,Speed Baccarat 11,niconico|dragon|B,0
2026-08-11 05:56:47,Thai Baccarat 1,telecho|telecho|B,0
2026-08-11 06:00:48,Thai Baccarat 1,telecho|nikoichi|P,1
2026-08-11 06:04:53,Korean Speed Baccarat 1,telecho|telecho|B,0
2026-08-11 06:10:13,Fortune 6 Baccarat,telecho|nikoichi|P,0
2026-08-11 06:10:32,Thai Speed Baccarat 1,telecho|nikoichi|P,1
2026-08-11 06:15:06,Speed Baccarat 6,niconico|dragon|B,0
2026-08-11 06:48:16,Speed Baccarat 15,niconico|nikoichi|B,1
2026-08-11 06:55:55,Korean Speed Baccarat 5,telecho|telecho|B,1
2026-08-11 07:09:41,Korean Speed Baccarat 2,telecho|telecho|B,0
2026-08-11 07:14:42,Thai Baccarat 1,telecho|telecho|B,0
2026-08-11 07:20:03,Chinese Speed Baccarat 2,telecho|telecho|B,0
2026-08-11 07:28:33,Thai Speed Baccarat 2,telecho|nikoichi|P,1
2026-08-11 07:29:57,Korean Baccarat 2,sansan|telecho|P,1
2026-08-11 07:30:18,Korean Turbo Baccarat 1,niconico|nikoichi|P,1
2026-08-11 07:51:52,Chinese Speed Baccarat 2,niconico|dragon|B,1
2026-08-11 08:05:24,Speed Baccarat 18,telecho|nikoichi|P,0
2026-08-11 08:06:14,Korean Speed Baccarat 2,telecho|telecho|B,1
2026-08-11 08:16:16,Super 8 Baccarat,telecho|nikoichi|P,0
2026-08-11 08:22:00,Speed Baccarat 15,telecho|telecho|B,1
2026-08-11 08:28:59,Vietnamese Speed Baccarat 2,sansan|telecho|P,0
2026-08-11 08:29:40,Chinese Speed Baccarat 1,niconico|dragon|B,0
2026-08-11 08:40:03,Speed Baccarat 13,niconico|nikoichi|P,1
2026-08-11 08:47:31,Korean Baccarat 1,telecho|nikoichi|P,0
2026-08-11 08:55:26,Korean Baccarat 1,telecho|nikoichi|P,1
2026-08-11 08:57:05,Speed Baccarat 1,telecho|telecho|B,0
2026-08-11 08:59:36,Speed Baccarat 9,telecho|telecho|B,1
2026-08-11 09:02:31,Thai Baccarat 1,telecho|nikoichi|P,0
2026-08-11 09:15:32,Turbo Baccarat,telecho|telecho|B,0
2026-08-11 09:25:58,Vietnamese Speed Baccarat 2,telecho|telecho|B,1
2026-08-11 09:26:28,Baccarat 5,telecho|nikoichi|P,0
2026-08-11 09:27:30,Speed Baccarat 12,niconico|nikoichi|B,0
2026-08-11 09:28:06,Baccarat 1,telecho|telecho|B,1
2026-08-11 09:53:56,Korean Speed Baccarat 5,telecho|telecho|B,0
2026-08-11 09:55:23,Japanese Speed Baccarat 2,niconico|dragon|B,0
2026-08-11 10:06:59,Thai Speed Baccarat 1,telecho|telecho|B,0
2026-08-11 10:12:04,Korean Speed Baccarat 2,telecho|nikoichi|P,0
2026-08-11 10:23:55,Korean Speed Baccarat 5,telecho|nikoichi|P,0
2026-08-11 10:27:03,Thai Speed Baccarat 2,telecho|nikoichi|P,0
2026-08-11 10:50:08,Speed Baccarat 8,telecho|telecho|B,1
2026-08-11 10:57:19,Fortune 6 Baccarat,niconico|nikoichi|B,1
2026-08-11 10:57:41,Fortune 6 Baccarat,telecho|nikoichi|P,0
2026-08-11 11:10:21,Vietnamese Speed Baccarat 1,telecho|telecho|B,0
2026-08-11 11:11:01,Speed Baccarat 13,telecho|telecho|B,0
2026-08-11 11:31:48,Chinese Speed Baccarat 1,telecho|nikoichi|P,1
2026-08-11 11:47:01,Korean Speed Baccarat 1,niconico|dragon|B,0
2026-08-11 11:47:44,Speed Baccarat 11,niconico|dragon|B,1
2026-08-11 11:48:33,Speed Baccarat 1,telecho|nikoichi|P,0
2026-08-11 11:52:26,Speed Baccarat 3,niconico|nikoichi|B,0
2026-08-11 11:53:07,Indonesian Speed Baccarat 2,telecho|nikoichi|P,1
2026-08-11 11:55:56,Speed Baccarat 2,telecho|nikoichi|P,1
2026-08-11 11:56:05,Vietnamese Speed Baccarat 3,niconico|nikoichi|P,0
2026-08-11 12:00:25,Japanese Speed Baccarat 2,niconico|nikoichi|P,0
2026-08-11 12:12:28,Speed Baccarat 12,telecho|nikoichi|P,1
2026-08-11 12:22:27,Vietnamese Speed Baccarat 2,niconico|nikoichi|B,0
2026-08-11 12:32:58,Korean Baccarat 1,telecho|nikoichi|P,0
2026-08-11 12:33:44,Speed Baccarat 9,telecho|telecho|B,1
2026-08-11 12:48:14,Korean Speed Baccarat 1,niconico|dragon|B,1
2026-08-11 12:53:11,Chinese Speed Baccarat 2,telecho|telecho|B,1
2026-08-11 12:55:40,Chinese Speed Baccarat 2,telecho|nikoichi|P,1
2026-08-11 13:08:09,Japanese Speed Baccarat 3,niconico|nikoichi|B,1
2026-08-11 13:25:41,Speed Baccarat 8,telecho|telecho|B,1
2026-08-11 13:26:28,Speed Baccarat 8,telecho|telecho|B,0
2026-08-11 13:38:59,Speed Baccarat 16,niconico|nikoichi|B,0
2026-08-11 13:39:11,Speed Baccarat 13,sansan|telecho|P,1
2026-08-11 13:40:00,Japanese Speed Baccarat 1,telecho|telecho|B,0
2026-08-11 13:57:45,Speed Baccarat 3,niconico|dragon|B,0
2026-08-11 14:23:30,Vietnamese Speed Baccarat 2,telecho|telecho|B,1
2026-08-11 14:25:44,Indonesian Speed Baccarat 1,telecho|telecho|B,1
2026-08-11 14:39:37,Vietnamese Speed Baccarat 1,niconico|nikoichi|P,1
2026-08-11 14:45:23,Thai Speed Baccarat 2,telecho|nikoichi|P,0
2026-08-11 15:02:03,Speed Baccarat 12,telecho|nikoichi|P,0
2026-08-11 15:12:17,Speed Baccarat 5,telecho|telecho|B,0
2026-08-11 15:13:50,Chinese Speed Baccarat 3,telecho|telecho|B,0
2026-08-11 15:16:21,Chinese Speed Baccarat 2,niconico|dragon|B,0
2026-08-11 15:34:57,Speed Baccarat 16,niconico|nikoichi|B,1
2026-08-11 15:43:55,Speed Baccarat 1,telecho|telecho|B,1
2026-08-11 15:51:07,Indonesian Speed Baccarat 1,telecho|nikoichi|P,0
2026-08-11 15:53:27,Speed Baccarat 18,telecho|nikoichi|P,0
2026-08-11 15:58:36,Korean Speed Baccarat 5,niconico|dragon|B,0
2026-08-11 16:04:47,Thai Speed Baccarat 1,niconico|nikoichi|P,0
2026-08-11 16:05:38,Indonesian Speed Baccarat 2,telecho|nikoichi|P,1
2026-08-11 16:08:44,Baccarat 2,telecho|nikoichi|P,0
2026-08-11 16:22:39,Speed Baccarat 2,niconico|dragon|B,0
2026-08-11 16:26:40,Korean Speed Baccarat 3,niconico|dragon|B,1
2026-08-11 16:35:59,Baccarat 9,telecho|telecho|B,0
2026-08-11 16:42:22,Korean Speed Baccarat 1,niconico|nikoichi|B,1
2026-08-11 17:03:17,Baccarat 6,niconico|dragon|B,0
2026-08-11 17:11:07,Thai Baccarat 1,telecho|nikoichi|P,0
2026-08-11 17:12:37,Speed Baccarat 15,telecho|telecho|B,1
2026-08-11 17:21:24,Speed Baccarat 15,telecho|telecho|B,1
2026-08-11 17:22:09,Speed Baccarat 2,niconico|dragon|B,0
2026-08-11 17:23:29,Speed Baccarat 15,telecho|nikoichi|P,1
2026-08-11 17:33:21,Korean Baccarat 2,niconico|nikoichi|P,0
2026-08-11 17:36:52,Japanese Speed Baccarat 1,telecho|telecho|B,1
2026-08-11 17:50:38,Korean Speed Baccarat 3,telecho|telecho|B,1
2026-08-11 17:50:52,Indonesian Speed Baccarat 1,telecho|nikoichi|P,1
2026-08-11 17:58:05,Speed Baccarat 8,telecho|telecho|B,0
2026-08-11 18:00:37,Vietnamese Speed Baccarat 2,niconico|dragon|B,0
2026-08-11 18:05:03,Speed Baccarat 9,telecho|telecho|B,1
2026-08-11 18:08:02,Korean Speed Baccarat 2,telecho|nikoichi|P,0
2026-08-11 18:10:51,Speed Baccarat 17,niconico|dragon|B,0
2026-08-11 18:22:12,Korean Speed Baccarat 3,telecho|nikoichi|P,0
2026-08-11 18:29:27,Super 8 Baccarat,niconico|dragon|B,1
2026-08-11 18:47:06,Korean Speed Baccarat 5,telecho|nikoichi|P,1
2026-08-11 18:50:00,Korean Speed Baccarat 3,telecho|telecho|B,0
2026-08-11 18:50:08,Baccarat 1,niconico|dragon|B,0
2026-08-11 19:09:23,Chinese Speed Baccarat 2,telecho|telecho|B,1
2026-08-11 19:21:26,Speed Baccarat 2,niconico|nikoichi|B,0
2026-08-11 19:38:17,Speed Baccarat 1,telecho|nikoichi|P,0
2026-08-11 19:39:02,Speed Baccarat 1,telecho|telecho|B,1
2026-08-11 19:41:26,Korean Baccarat 1,telecho|telecho|B,1
2026-08-11 19:41:57,Chinese Speed Baccarat 1,telecho|telecho|B,0
2026-08-11 19:49:44,Korean Speed Baccarat 5,niconico|dragon|B,1
2026-08-11 19:53:26,Baccarat 5,telecho|telecho|B,1
2026-08-11 19:56:06,Speed Baccarat 8,niconico|dragon|B,0
2026-08-11 20:16:46,Korean Turbo Baccarat 1,telecho|telecho|B,0
2026-08-11 20:20:01,Speed Baccarat 2,telecho|telecho|B,1
2026-08-11 20:21:45,Korean Speed Baccarat 3,niconico|dragon|B,0
2026-08-11 20:33:24,Speed Baccarat 17,niconico|dragon|B,1
2026-08-11 20:37:47,Chinese Speed Baccarat 3,telecho|telecho|B,1
2026-08-11 20:45:13,Speed Baccarat 3,niconico|dragon|B,0
2026-08-11 20:47:09,Baccarat 7,telecho|telecho|B,0
2026-08-11 20:47:18,Korean Baccarat 1,telecho|telecho|B,0
2026-08-11 20:48:34,Fortune 6 Baccarat,telecho|nikoichi|P,0
2026-08-11 20:54:16,Indonesian Speed Baccarat 2,niconico|dragon|B,1
2026-08-11 20:54:25,Speed Baccarat 16,niconico|nikoichi|P,0
2026-08-11 21:07:21,Korean Baccarat 2,niconico|dragon|B,0
2026-08-11 21:10:54,Chinese Speed Baccarat 1,telecho|telecho|B,1
2026-08-11 21:17:25,Chinese Speed Baccarat 1,telecho|telecho|B,0
2026-08-11 21:19:11,Vietnamese Speed Baccarat 1,telecho|nikoichi|P,0
2026-08-11 21:22:11,Speed Baccarat 8,telecho|nikoichi|P,1
2026-08-11 21:50:09,Baccarat 1,telecho|nikoichi|P,1
2026-08-11 21:51:39,Thai Speed Baccarat 2,niconico|nikoichi|P,0
2026-08-11 21:56:11,Vietnamese Speed Baccarat 3,niconico|dragon|B,0
2026-08-11 22:00:41,STAKE SPEED BACCARAT,niconico|nikoichi|P,0
2026-08-11 22:04:17,Speed Baccarat 9,telecho|telecho|B,1
2026-08-11 22:11:53,Japanese Speed Baccarat 3,niconico|dragon|B,0
2026-08-11 22:12:55,Korean Speed Baccarat 1,niconico|nikoichi|B,1
2026-08-11 22:13:58,Chinese Speed Baccarat 2,niconico|dragon|B,1
2026-08-11 22:19:20,Korean Speed Baccarat 2,telecho|nikoichi|P,0
2026-08-11 22:30:25,Speed Baccarat 12,telecho|nikoichi|P,0
2026-08-11 22:45:19,Korean Speed Baccarat 3,telecho|telecho|B,0
2026-08-11 22:50:32,Fortune 6 Baccarat,telecho|telecho|B,0
2026-08-11 22:52:31,Speed Baccarat 18,telecho|nikoichi|P,1
2026-08-11 22:54:46,Speed Baccarat 13,telecho|nikoichi|P,0
2026-08-11 23:09:52,Speed Baccarat 1,niconico|dragon|B,0
2026-08-11 23:10:06,Vietnamese Speed Baccarat 2,telecho|nikoichi|P,1
2026-08-11 23:10:45,Korean Baccarat 1,niconico|dragon|B,1
2026-08-11 23:12:15,Korean Speed Baccarat 1,niconico|dragon|B,1
2026-08-11 23:16:51,Korean Speed Baccarat 2,telecho|telecho|B,0
2026-08-11 23:18:01,Thai Speed Baccarat 1,sansan|telecho|P,1
2026-08-11 23:36:26,Turbo Baccarat,telecho|nikoichi|P,0
2026-08-11 23:43:45,Vietnamese Speed Baccarat 2,telecho|telecho|B,0
2026-08-11 23:51:45,Japanese Speed Baccarat 2,telecho|nikoichi|P,0
2026-08-12 00:01:47,Speed Baccarat 15,telecho|nikoichi|P,1
2026-08-12 00:09:44,Thai Speed Baccarat 2,telecho|nikoichi|P,0
2026-08-12 00:11:45,Baccarat 9,telecho|telecho|B,0
2026-08-12 00:14:25,Korean Turbo Baccarat 1,niconico|dragon|B,1
2026-08-12 00:25:26,Vietnamese Speed Baccarat 3,telecho|nikoichi|P,1
2026-08-12 00:59:37,Korean Baccarat 2,niconico|dragon|B,1
2026-08-12 01:14:26,Speed Baccarat 18,telecho|nikoichi|P,1
2026-08-12 01:17:47,Fortune 6 Baccarat,telecho|telecho|B,0
2026-08-12 01:49:54,Turbo Baccarat,telecho|telecho|B,1
2026-08-12 02:06:00,Korean Turbo Baccarat 1,niconico|nikoichi|B,1
2026-08-12 02:10:00,Japanese Speed Baccarat 3,niconico|nikoichi|B,1
2026-08-12 02:12:12,Korean Speed Baccarat 2,telecho|telecho|B,1
2026-08-12 02:28:29,Korean Speed Baccarat 5,telecho|telecho|B,1
2026-08-12 02:40:18,Speed Baccarat 2,niconico|nikoichi|B,1
2026-08-12 02:40:39,Speed Baccarat 2,telecho|nikoichi|P,0
2026-08-12 02:44:43,Korean Speed Baccarat 3,telecho|telecho|B,1
2026-08-12 02:47:37,Vietnamese Speed Baccarat 1,telecho|telecho|B,1
2026-08-12 03:08:43,Indonesian Speed Baccarat 1,telecho|telecho|B,1
2026-08-12 03:12:07,Speed Baccarat 18,telecho|telecho|B,0
2026-08-12 03:16:18,Speed Baccarat 15,telecho|nikoichi|P,0
2026-08-12 03:18:19,Speed Baccarat 12,niconico|dragon|B,0
2026-08-12 03:20:35,Vietnamese Speed Baccarat 3,telecho|nikoichi|P,1
2026-08-12 03:21:43,Vietnamese Speed Baccarat 3,niconico|nikoichi|P,0
2026-08-12 03:24:16,Thai Baccarat 1,telecho|telecho|B,1
2026-08-12 03:35:03,Korean Speed Baccarat 5,telecho|telecho|B,1
2026-08-12 03:39:35,Korean Speed Baccarat 1,niconico|dragon|B,0
2026-08-12 03:40:50,Speed Baccarat 3,niconico|dragon|B,1
2026-08-12 03:49:55,Speed Baccarat 15,telecho|nikoichi|P,1
2026-08-12 03:54:47,Korean Baccarat 2,telecho|telecho|B,1
2026-08-12 03:55:24,Speed Baccarat 6,telecho|telecho|B,1
2026-08-12 04:17:46,Korean Speed Baccarat 2,telecho|telecho|B,1
2026-08-12 04:18:48,Chinese Speed Baccarat 3,telecho|nikoichi|P,0
2026-08-12 04:42:00,Korean Speed Baccarat 2,niconico|nikoichi|B,0
2026-08-12 04:42:30,Vietnamese Speed Baccarat 2,niconico|nikoichi|P,0
2026-08-12 04:43:17,Baccarat 5,telecho|nikoichi|P,0
2026-08-12 04:43:44,Vietnamese Speed Baccarat 2,sansan|telecho|P,1
2026-08-12 04:45:08,Korean Turbo Baccarat 1,niconico|dragon|B,1
2026-08-12 04:49:19,Speed Baccarat 8,telecho|telecho|B,0
2026-08-12 04:51:36,Korean Speed Baccarat 1,telecho|telecho|B,0
2026-08-12 04:52:08,Speed Baccarat 11,niconico|dragon|B,0
2026-08-12 05:01:43,Korean Turbo Baccarat 1,telecho|nikoichi|P,1
2026-08-12 05:04:59,Korean Speed Baccarat 5,telecho|nikoichi|P,0
2026-08-12 05:09:28,Speed Baccarat 3,telecho|telecho|B,0
2026-08-12 05:32:02,Indonesian Speed Baccarat 2,telecho|telecho|B,0
2026-08-12 05:59:41,Chinese Speed Baccarat 1,telecho|nikoichi|P,0
2026-08-12 06:06:59,Speed Baccarat 2,niconico|nikoichi|B,1
2026-08-12 06:11:37,Korean Turbo Baccarat 1,telecho|nikoichi|P,0
2026-08-12 06:44:33,Chinese Speed Baccarat 3,niconico|nikoichi|B,0
2026-08-12 06:51:42,Speed Baccarat 1,niconico|dragon|B,1
2026-08-12 06:57:08,Chinese Speed Baccarat 1,telecho|telecho|B,0
2026-08-12 07:00:51,Vietnamese Speed Baccarat 1,telecho|telecho|B,0
2026-08-12 07:11:10,Speed Baccarat 18,sansan|telecho|P,1
2026-08-12 07:21:18,Speed Baccarat 11,telecho|telecho|B,1
2026-08-12 07:39:12,Speed Baccarat 2,telecho|telecho|B,1
2026-08-12 07:43:55,Korean Speed Baccarat 3,niconico|nikoichi|B,0
2026-08-12 07:49:11,Korean Baccarat 1,telecho|telecho|B,0
2026-08-12 07:52:00,Baccarat 6,telecho|telecho|B,1
2026-08-12 08:01:15,Indonesian Speed Baccarat 1,telecho|telecho|B,1
2026-08-12 08:07:27,Speed Baccarat 3,telecho|nikoichi|P,1
2026-08-12 08:14:00,Chinese Speed Baccarat 3,telecho|telecho|B,0
2026-08-12 08:16:13,Japanese Speed Baccarat 1,telecho|telecho|B,1
2026-08-12 08:16:26,Vietnamese Speed Baccarat 3,niconico|dragon|B,0
2026-08-12 08:18:59,Korean Baccarat 2,niconico|dragon|B,1
2026-08-12 08:20:08,Turbo Baccarat,niconico|nikoichi|B,0
2026-08-12 08:40:20,Chinese Speed Baccarat 3,niconico|dragon|B,1
2026-08-12 08:45:49,Speed Baccarat 15,telecho|telecho|B,1
2026-08-12 08:47:37,Vietnamese Speed Baccarat 3,telecho|nikoichi|P,1
2026-08-12 08:49:07,Vietnamese Speed Baccarat 1,telecho|nikoichi|P,1
2026-08-12 08:50:42,Speed Baccarat 11,telecho|nikoichi|P,0
2026-08-12 09:01:03,Thai Speed Baccarat 2,niconico|dragon|B,1
2026-08-12 09:10:18,Baccarat 2,telecho|telecho|B,0
2026-08-12 09:43:47,Baccarat 5,niconico|nikoichi|P,1
2026-08-12 09:48:42,Baccarat 2,telecho|nikoichi|P,1
2026-08-12 09:49:55,Vietnamese Speed Baccarat 1,niconico|dragon|B,0
2026-08-12 10:00:20,Korean Speed Baccarat 5,niconico|dragon|B,1
2026-08-12 10:04:43,Vietnamese Speed Baccarat 3,telecho|telecho|B,1
2026-08-12 10:16:01,Speed Baccarat 6,niconico|nikoichi|P,1
2026-08-12 10:16:57,Speed Baccarat 12,niconico|dragon|B,0
2026-08-12 10:18:02,Korean Speed Baccarat 3,sansan|telecho|P,0
2026-08-12 10:36:32,Thai Baccarat 1,niconico|nikoichi|B,1
2026-08-12 11:03:35,Super 8 Baccarat,telecho|nikoichi|P,0
2026-08-12 11:08:50,Speed Baccarat 13,telecho|telecho|B,1
2026-08-12 11:21:11,Japanese Speed Baccarat 1,niconico|dragon|B,0
2026-08-12 11:45:17,Chinese Speed Baccarat 2,telecho|nikoichi|P,1
2026-08-12 11:56:24,Japanese Speed Baccarat 2,telecho|telecho|B,0
2026-08-12 12:08:23,Speed Baccarat 3,telecho|telecho|B,0
2026-08-12 12:13:37,Korean Speed Baccarat 3,niconico|nikoichi|P,1
2026-08-12 12:23:14,Baccarat 6,niconico|dragon|B,0
2026-08-12 12:27:18,Chinese Speed Baccarat 1,niconico|dragon|B,1
2026-08-12 12:33:01,Japanese Speed Baccarat 2,sansan|telecho|P,0
2026-08-12 12:36:28,Vietnamese Speed Baccarat 3,telecho|nikoichi|P,0
2026-08-12 12:46:51,Japanese Speed Baccarat 3,telecho|nikoichi|P,0
2026-08-12 13:23:46,Speed Baccarat 2,niconico|nikoichi|B,0
2026-08-12 13:25:12,Korean Speed Baccarat 5,telecho|telecho|B,0
2026-08-12 13:29:22,Speed Baccarat 18,telecho|telecho|B,1
2026-08-12 13:34:37,Speed Baccarat 8,telecho|nikoichi|P,1
2026-08-12 13:42:17,Korean Speed Baccarat 2,telecho|telecho|B,1
2026-08-12 13:53:25,Korean Speed Baccarat 5,telecho|nikoichi|P,0
2026-08-12 13:54:08,Korean Speed Baccarat 5,telecho|telecho|B,0
2026-08-12 14:10:46,Japanese Speed Baccarat 3,telecho|telecho|B,0
2026-08-12 14:12:18,Japanese Speed Baccarat 3,telecho|nikoichi|P,0
2026-08-12 14:25:03,Japanese Speed Baccarat 1,niconico|nikoichi|B,0
2026-08-12 14:40:28,Chinese Speed Baccarat 3,niconico|nikoichi|P,1
2026-08-12 14:49:22,Thai Speed Baccarat 2,niconico|dragon|B,1
2026-08-12 14:49:47,Thai Speed Baccarat 2,niconico|dragon|B,1
2026-08-12 15:01:27,Speed Baccarat 13,telecho|telecho|B,1
2026-08-12 15:12:30,Korean Baccarat 2,niconico|dragon|B,1
2026-08-12 15:40:13,Korean Speed Baccarat 3,telecho|nikoichi|P,0
2026-08-12 15:41:37,Speed Baccarat 11,telecho|telecho|B,0
2026-08-12 16:01:40,Speed Baccarat 9,niconico|nikoichi|B,0
2026-08-12 16:08:14,Japanese Speed Baccarat 3,telecho|nikoichi|P,1
2026-08-12 16:24:37,Japanese Speed Baccarat 2,niconico|dragon|B,0
2026-08-12 16:29:05,Speed Baccarat 13,telecho|nikoichi|P,1
2026-08-12 16:35:17,Baccarat 6,niconico|nikoichi|B,0
2026-08-12 16:40:31,Speed Baccarat 16,telecho|nikoichi|P,0
2026-08-12 16:43:34,Indonesian Speed Baccarat 2,telecho|nikoichi|P,0
2026-08-12 16:48:13,Indonesian Speed Baccarat 1,telecho|telecho|B,0
2026-08-12 16:52:47,Japanese Speed Baccarat 2,niconico|dragon|B,1
2026-08-12 16:57:33,Vietnamese Speed Baccarat 3,telecho|telecho|B,1
2026-08-12 17:08:28,Chinese Speed Baccarat 3,niconico|dragon|B,0
2026-08-12 17:10:07,Vietnamese Speed Baccarat 2,telecho|nikoichi|P,1
2026-08-12 17:16:47,Indonesian Speed Baccarat 1,niconico|dragon|B,1
2026-08-12 17:25:31,Speed Baccarat 3,telecho|telecho|B,0
2026-08-12 17:26:05,Speed Baccarat 1,telecho|nikoichi|P,1
2026-08-12 17:27:28,Speed Baccarat 5,telecho|telecho|B,1
2026-08-12 17:36:54,Vietnamese Speed Baccarat 2,telecho|telecho|B,0
2026-08-12 17:42:16,Korean Speed Baccarat 1,telecho|nikoichi|P,1
2026-08-12 17:44:51,Korean Speed Baccarat 1,telecho|telecho|B,1
2026-08-12 18:03:54,Korean Turbo Baccarat 1,telecho|nikoichi|P,0
2026-08-12 18:12:28,Speed Baccarat 17,niconico|nikoichi|P,1
2026-08-12 18:16:19,Baccarat 1,niconico|dragon|B,1
2026-08-12 18:17:56,Speed Baccarat 17,telecho|telecho|B,0
2026-08-12 18:20:07,Speed Baccarat 2,sansan|telecho|P,1
2026-08-12 18:23:11,Speed Baccarat 2,telecho|nikoichi|P,0
2026-08-12 18:28:47,Korean Speed Baccarat 5,niconico|dragon|B,1
2026-08-12 18:40:00,Indonesian Speed Baccarat 2,niconico|nikoichi|B,0
2026-08-12 18:54:15,Speed Baccarat 9,telecho|telecho|B,1
2026-08-12 18:58:25,Korean Baccarat 2,telecho|nikoichi|P,1
2026-08-12 18:59:18,Speed Baccarat 9,telecho|telecho|B,1
2026-08-12 19:02:43,Speed Baccarat 15,sansan|telecho|P,1
2026-08-12 19:24:31,Speed Baccarat 8,niconico|nikoichi|P,1
2026-08-12 19:59:43,Baccarat 1,niconico|nikoichi|B,1
2026-08-12 20:00:53,STAKE SPEED BACCARAT,niconico|nikoichi|P,1
2026-08-12 20:08:49,Korean Turbo Baccarat 1,telecho|telecho|B,1
2026-08-12 20:33:14,STAKE SPEED BACCARAT,telecho|telecho|B,0
2026-08-12 20:43:37,Korean Speed Baccarat 3,telecho|telecho|B,0
2026-08-12 20:50:28,Speed Baccarat 5,telecho|telecho|B,0
2026-08-12 20:55:42,Speed Baccarat 8,niconico|dragon|B,1
2026-08-12 20:59:55,Fortune 6 Baccarat,niconico|nikoichi|P,1
2026-08-12 21:11:17,Chinese Speed Baccarat 2,telecho|nikoichi|P,0
2026-08-12 21:21:26,Speed Baccarat 13,niconico|nikoichi|P,1
2026-08-12 21:28:30,STAKE SPEED BACCARAT,telecho|telecho|B,0
2026-08-12 21:31:45,Super 8 Baccarat,telecho|telecho|B,1
2026-08-12 21:33:20,Speed Baccarat 11,telecho|nikoichi|P,0
2026-08-12 21:44:22,Vietnamese Speed Baccarat 2,telecho|nikoichi|P,1
2026-08-12 21:47:09,Baccarat 1,telecho|telecho|B,0
2026-08-12 21:47:29,Super 8 Baccarat,niconico|dragon|B,0
2026-08-12 21:56:39,Speed Baccarat 8,telecho|nikoichi|P,0
2026-08-12 22:03:10,Super 8 Baccarat,niconico|dragon|B,0
2026-08-12 22:11:08,Speed Baccarat 1,niconico|nikoichi|B,1
2026-08-12 22:15:31,Speed Baccarat 16,niconico|nikoichi|B,1
2026-08-12 22:17:27,Korean Speed Baccarat 1,telecho|telecho|B,1
2026-08-12 22:37:52,Baccarat 9,telecho|telecho|B,0
2026-08-12 22:39:25,Korean Speed Baccarat 3,telecho|telecho|B,1
2026-08-12 22:41:28,Korean Baccarat 2,telecho|telecho|B,0
2026-08-12 22:43:13,Indonesian Speed Baccarat 1,telecho|telecho|B,0
2026-08-12 22:52:01,Korean Baccarat 1,telecho|nikoichi|P,1
2026-08-12 23:05:19,Super 8 Baccarat,sansan|telecho|P,1
2026-08-12 23:13:49,Thai Speed Baccarat 2,telecho|nikoichi|P,1
2026-08-12 23:20:38,Speed Baccarat 13,telecho|telecho|B,0
2026-08-12 23:24:44,Baccarat 2,telecho|telecho|B,0
2026-08-12 23:31:12,Super 8 Baccarat,telecho|telecho|B,1
2026-08-12 23:34:00,Thai Speed Baccarat 1,niconico|nikoichi|B,1
2026-08-12 23:34:18,Speed Baccarat 18,niconico|dragon|B,1
2026-08-12 23:43:57,Vietnamese Speed Baccarat 2,telecho|nikoichi|P,1
2026-08-12 23:49:15,Korean Speed Baccarat 1,telecho|telecho|B,1
2026-08-12 23:57:07,Speed Baccarat 12,niconico|nikoichi|P,1
2026-08-13 00:11:52,Thai Speed Baccarat 2,telecho|nikoichi|P,1
2026-08-13 00:14:11,Baccarat 2,niconico|dragon|B,1
2026-08-13 00:29:12,Turbo Baccarat,telecho|nikoichi|P,0
2026-08-13 00:33:37,Indonesian Speed Baccarat 1,telecho|nikoichi|P,0
2026-08-13 00:40:08,Korean Baccarat 1,telecho|telecho|B,1
2026-08-13 00:41:28,Thai Speed Baccarat 2,telecho|nikoichi|P,0
2026-08-13 00:42:18,Baccarat 5,telecho|nikoichi|P,0
2026-08-13 00:56:03,Japanese Speed Baccarat 1,telecho|nikoichi|P,0
2026-08-13 01:00:28,Baccarat 1,niconico|dragon|B,0
2026-08-13 01:30:19,Speed Baccarat 18,telecho|telecho|B,1
2026-08-13 01:37:08,Baccarat 9,niconico|nikoichi|P,1
2026-08-13 01:41:29,Thai Baccarat 1,telecho|telecho|B,0
2026-08-13 01:51:37,Speed Baccarat 13,telecho|telecho|B,0
2026-08-13 01:51:54,Speed Baccarat 5,telecho|nikoichi|P,1
2026-08-13 02:01:20,Japanese Speed Baccarat 3,telecho|nikoichi|P,0
2026-08-13 02:05:27,Chinese Speed Baccarat 3,telecho|nikoichi|P,0
2026-08-13 02:17:40,STAKE SPEED BACCARAT,niconico|nikoichi|B,1
2026-08-13 02:44:16,Speed Baccarat 1,niconico|dragon|B,0
2026-08-13 02:52:00,Speed Baccarat 5,niconico|dragon|B,1
2026-08-13 03:06:29,Fortune 6 Baccarat,niconico|dragon|B,1
2026-08-13 03:13:30,Vietnamese Speed Baccarat 1,telecho|nikoichi|P,0
2026-08-13 03:24:04,Japanese Speed Baccarat 1,telecho|telecho|B,1
2026-08-13 03:30:46,Baccarat 9,sansan|telecho|P,0
2026-08-13 03:38:56,Speed Baccarat 2,telecho|nikoichi|P,1
2026-08-13 03:43:07,Thai Speed Baccarat 1,telecho|nikoichi|P,0
2026-08-13 03:49:06,Speed Baccarat 5,telecho|telecho|B,1
2026-08-13 03:52:02,Vietnamese Speed Baccarat 3,niconico|nikoichi|P,1
2026-08-13 03:52:55,Super 8 Baccarat,telecho|telecho|B,0
2026-08-13 03:59:47,Korean Baccarat 1,telecho|telecho|B,1
2026-08-13 04:05:59,Speed Baccarat 11,telecho|telecho|B,1
2026-08-13 04:06:23,Speed Baccarat 11,sansan|telecho|P,0
2026-08-13 04:07:37,Korean Speed Baccarat 2,telecho|nikoichi|P,1
2026-08-13 04:14:18,Korean Speed Baccarat 1,telecho|telecho|B,1
2026-08-13 04:19:10,Speed Baccarat 13,telecho|telecho|B,0
2026-08-13 04:30:56,STAKE SPEED BACCARAT,telecho|nikoichi|P,1
2026-08-13 04:35:19,Fortune 6 Baccarat,telecho|telecho|B,1
2026-08-13 04:39:48,Fortune 6 Baccarat,telecho|telecho|B,0
2026-08-13 04:40:27,Korean Turbo Baccarat 1,telecho|nikoichi|P,0
2026-08-13 04:47:37,Turbo Baccarat,telecho|telecho|B,1
2026-08-13 04:49:29,Chinese Speed Baccarat 1,telecho|telecho|B,0
2026-08-13 05:02:46,Korean Baccarat 2,telecho|nikoichi|P,0
2026-08-13 05:02:54,Fortune 6 Baccarat,telecho|nikoichi|P,1
2026-08-13 05:04:35,Speed Baccarat 11,telecho|telecho|B,1
2026-08-13 05:07:45,Speed Baccarat 16,niconico|dragon|B,1
2026-08-13 05:57:54,Indonesian Speed Baccarat 1,niconico|dragon|B,1
2026-08-13 05:58:46,Fortune 6 Baccarat,telecho|telecho|B,1
2026-08-13 06:30:29,Speed Baccarat 18,niconico|nikoichi|P,1
2026-08-13 06:49:52,Speed Baccarat 6,telecho|telecho|B,0
2026-08-13 07:06:44,Baccarat 1,telecho|nikoichi|P,0
2026-08-13 07:32:26,Chinese Speed Baccarat 3,niconico|dragon|B,0
2026-08-13 07:41:52,Baccarat 1,telecho|telecho|B,1
2026-08-13 07:46:22,Speed Baccarat 5,niconico|nikoichi|B,1
2026-08-13 07:47:08,Korean Speed Baccarat 3,telecho|nikoichi|P,0
2026-08-13 07:47:51,Speed Baccarat 15,niconico|nikoichi|P,0
2026-08-13 07:56:46,Thai Speed Baccarat 2,telecho|nikoichi|P,1
2026-08-13 08:11:05,Speed Baccarat 13,telecho|nikoichi|P,1
2026-08-13 08:18:04,Speed Baccarat 6,telecho|nikoichi|P,0
2026-08-13 08:21:32,Super 8 Baccarat,telecho|telecho|B,0
2026-08-13 08:28:02,Thai Baccarat 1,telecho|nikoichi|P,0
2026-08-13 08:44:08,Speed Baccarat 5,telecho|telecho|B,1
2026-08-13 08:45:46,Thai Speed Baccarat 1,telecho|nikoichi|P,0
2026-08-13 08:48:09,Korean Speed Baccarat 2,niconico|nikoichi|B,1
2026-08-13 08:48:38,Korean Speed Baccarat 2,telecho|nikoichi|P,1
2026-08-13 08:50:43,Indonesian Speed Baccarat 1,telecho|telecho|B,1
2026-08-13 08:52:35,Speed Baccarat 8,telecho|telecho|B,1
2026-08-13 08:53:05,Japanese Speed Baccarat 1,niconico|nikoichi|B,0
2026-08-13 09:00:35,Fortune 6 Baccarat,niconico|dragon|B,1
2026-08-13 09:02:32,Korean Baccarat 1,telecho|telecho|B,0
2026-08-13 09:12:50,Speed Baccarat 3,telecho|telecho|B,0
2026-08-13 09:14:47,Turbo Baccarat,telecho|telecho|B,1
2026-08-13 09:17:04,Chinese Speed Baccarat 1,niconico|dragon|B,1
2026-08-13 09:19:45,Chinese Speed Baccarat 2,telecho|nikoichi|P,0
2026-08-13 09:22:50,Speed Baccarat 8,telecho|telecho|B,1
2026-08-13 09:24:30,Korean Speed Baccarat 1,telecho|telecho|B,0
2026-08-13 09:27:02,Speed Baccarat 1,niconico|dragon|B,1
2026-08-13 09:27:19,Baccarat 5,niconico|dragon|B,1
2026-08-13 09:38:46,Speed Baccarat 15,telecho|nikoichi|P,1
2026-08-13 09:40:40,Korean Turbo Baccarat 1,niconico|dragon|B,1
2026-08-13 09:45:59,Japanese Speed Baccarat 1,niconico|nikoichi|B,1
2026-08-13 09:54:11,Korean Speed Baccarat 1,telecho|telecho|B,1
2026-08-13 09:54:37,Speed Baccarat 12,niconico|dragon|B,0
2026-08-13 10:17:57,Indonesian Speed Baccarat 2,telecho|telecho|B,1
2026-08-13 10:20:44,Vietnamese Speed Baccarat 1,telecho|nikoichi|P,0
2026-08-13 10:26:43,Turbo Baccarat,telecho|telecho|B,0
2026-08-13 10:47:44,Turbo Baccarat,niconico|dragon|B,0
2026-08-13 10:48:01,Speed Baccarat 3,sansan|telecho|P,0
2026-08-13 10:48:45,Korean Turbo Baccarat 1,niconico|dragon|B,0
2026-08-13 10:51:49,Vietnamese Speed Baccarat 2,telecho|telecho|B,1
2026-08-13 10:52:32,Korean Turbo Baccarat 1,niconico|dragon|B,0
2026-08-13 11:10:37,Indonesian Speed Baccarat 1,telecho|telecho|B,1
2026-08-13 11:10:50,Thai Baccarat 1,niconico|dragon|B,1
2026-08-13 11:23:26,Korean Speed Baccarat 3,niconico|dragon|B,1
2026-08-13 11:32:26,Thai Speed Baccarat 2,niconico|dragon|B,0
2026-08-13 11:36:41,Korean Turbo Baccarat 1,telecho|nikoichi|P,0
2026-08-13 11:39:13,Thai Speed Baccarat 1,telecho|telecho|B,0
2026-08-13 11:45:58,Speed Baccarat 11,sansan|telecho|P,0
2026-08-13 11:50:35,Korean Speed Baccarat 5,niconico|dragon|B,1
2026-08-13 12:02:46,Korean Speed Baccarat 1,telecho|telecho|B,1
2026-08-13 12:14:23,Korean Baccarat 1,telecho|nikoichi|P,0
2026-08-13 12:18:17,Chinese Speed Baccarat 1,telecho|telecho|B,0
2026-08-13 12:23:42,Super 8 Baccarat,telecho|nikoichi|P,0
2026-08-13 12:23:56,Speed Baccarat 9,telecho|nikoichi|P,0
2026-08-13 12:42:45,Chinese Speed Baccarat 3,niconico|dragon|B,0
2026-08-13 12:45:55,Chinese Speed Baccarat 1,niconico|dragon|B,0
2026-08-13 12:49:32,Speed Baccarat 1,telecho|telecho|B,0
2026-08-13 12:50:54,Japanese Speed Baccarat 1,telecho|nikoichi|P,1
2026-08-13 12:53:31,STAKE SPEED BACCARAT,sansan|telecho|P,1
2026-08-13 12:55:19,Japanese Speed Baccarat 1,telecho|telecho|B,1
2026-08-13 12:58:45,Speed Baccarat 8,telecho|telecho|B,0
2026-08-13 13:00:00,Speed Baccarat 8,niconico|nikoichi|P,1
2026-08-13 13:09:09,Fortune 6 Baccarat,telecho|telecho|B,0
2026-08-13 13:13:17,Japanese Speed Baccarat 3,telecho|nikoichi|P,0
2026-08-13 13:17:45,Speed Baccarat 18,telecho|telecho|B,1
2026-08-13 13:20:08,Speed Baccarat 8,niconico|nikoichi|P,1
2026-08-13 13:21:45,Vietnamese Speed Baccarat 2,niconico|nikoichi|B,0
2026-08-13 13:26:06,Speed Baccarat 15,telecho|telecho|B,1
2026-08-13 13:36:13,Speed Baccarat 16,telecho|telecho|B,1
2026-08-13 13:37:40,Fortune 6 Baccarat,telecho|telecho|B,1
2026-08-13 13:38:23,Fortune 6 Baccarat,telecho|telecho|B,1
2026-08-13 13:49:25,Japanese Speed Baccarat 2,telecho|nikoichi|P,0
2026-08-13 13:50:25,Indonesian Speed Baccarat 1,telecho|nikoichi|P,0
2026-08-13 13:52:35,Korean Speed Baccarat 2,niconico|dragon|B,1
2026-08-13 14:03:09,Korean Speed Baccarat 1,telecho|telecho|B,0
2026-08-13 14:07:03,Speed Baccarat 16,telecho|telecho|B,1
2026-08-13 14:15:05,Korean Baccarat 1,telecho|nikoichi|P,0
2026-08-13 14:19:37,Vietnamese Speed Baccarat 3,niconico|dragon|B,0
2026-08-13 14:27:33,Speed Baccarat 9,telecho|telecho|B,1
2026-08-13 14:31:55,Speed Baccarat 2,telecho|nikoichi|P,1
2026-08-13 14:47:11,Korean Baccarat 1,telecho|telecho|B,1
2026-08-13 14:52:43,Super 8 Baccarat,telecho|nikoichi|P,1
2026-08-13 15:02:01,Baccarat 1,telecho|nikoichi|P,1
2026-08-13 15:06:07,Baccarat 5,telecho|telecho|B,1
2026-08-13 15:11:05,Baccarat 1,telecho|nikoichi|P,0
2026-08-13 15:21:42,Speed Baccarat 12,niconico|dragon|B,0
2026-08-13 15:22:32,Vietnamese Speed Baccarat 1,telecho|telecho|B,0
2026-08-13 15:25:07,Super 8 Baccarat,niconico|nikoichi|P,1
2026-08-13 15:27:35,Japanese Speed Baccarat 1,niconico|dragon|B,1
2026-08-13 15:54:08,Korean Turbo Baccarat 1,telecho|telecho|B,0
2026-08-13 16:02:50,Speed Baccarat 16,niconico|dragon|B,0
2026-08-13 16:04:21,Speed Baccarat 11,niconico|dragon|B,1
2026-08-13 16:04:47,Korean Baccarat 1,niconico|nikoichi|B,1
2026-08-13 16:07:58,STAKE SPEED BACCARAT,telecho|nikoichi|P,0
2026-08-13 16:13:44,Thai Baccarat 1,niconico|nikoichi|B,0
2026-08-13 16:24:23,Speed Baccarat 12,telecho|telecho|B,0
2026-08-13 16:39:37,Turbo Baccarat,niconico|nikoichi|P,1
2026-08-13 16:43:09,Turbo Baccarat,niconico|dragon|B,1
2026-08-13 16:51:39,Thai Baccarat 1,telecho|nikoichi|P,1
2026-08-13 16:58:56,Speed Baccarat 9,niconico|nikoichi|P,0
2026-08-13 16:59:24,Japanese Speed Baccarat 1,telecho|telecho|B,1
2026-08-13 17:02:21,Turbo Baccarat,telecho|telecho|B,1
2026-08-13 17:07:02,Korean Baccarat 2,telecho|nikoichi|P,1
2026-08-13 17:10:40,Chinese Speed Baccarat 1,telecho|nikoichi|P,0
2026-08-13 17:15:22,Speed Baccarat 2,niconico|nikoichi|P,0
2026-08-13 17:51:57,Baccarat 9,telecho|nikoichi|P,0
2026-08-13 17:57:30,Baccarat 6,telecho|nikoichi|P,0
2026-08-13 18:03:08,Japanese Speed Baccarat 1,telecho|telecho|B,0
2026-08-13 18:16:16,Korean Speed Baccarat 2,telecho|nikoichi|P,1
2026-08-13 18:18:45,Super 8 Baccarat,telecho|telecho|B,0
2026-08-13 18:19:44,Japanese Speed Baccarat 3,sansan|telecho|P,0
2026-08-13 18:29:56,Speed Baccarat 16,telecho|telecho|B,0
2026-08-13 18:37:50,Korean Baccarat 2,niconico|dragon|B,1
2026-08-13 19:09:18,Fortune 6 Baccarat,telecho|telecho|B,1
2026-08-13 19:20:43,Baccarat 5,telecho|nikoichi|P,1
2026-08-13 19:33:57,Speed Baccarat 8,telecho|nikoichi|P,0
2026-08-13 19:35:23,Thai Speed Baccarat 1,niconico|nikoichi|P,0
2026-08-13 19:41:32,Japanese Speed Baccarat 1,telecho|nikoichi|P,1
2026-08-13 19:50:28,Korean Turbo Baccarat 1,telecho|nikoichi|P,1
2026-08-13 19:51:11,Speed Baccarat 9,telecho|nikoichi|P,0
2026-08-13 20:05:29,Speed Baccarat 5,telecho|telecho|B,0
2026-08-13 20:14:03,Indonesian Speed Baccarat 1,telecho|telecho|B,1
2026-08-13 20:19:16,Korean Speed Baccarat 3,telecho|telecho|B,0
2026-08-13 20:42:24,Baccarat 9,telecho|nikoichi|P,0
2026-08-13 20:46:02,Chinese Speed Baccarat 2,telecho|telecho|B,0
2026-08-13 20:57:46,Korean Speed Baccarat 1,telecho|telecho|B,0
2026-08-13 21:05:24,Vietnamese Speed Baccarat 2,niconico|nikoichi|P,0
2026-08-13 21:06:09,Vietnamese Speed Baccarat 2,niconico|dragon|B,1
2026-08-13 21:15:51,Speed Baccarat 6,telecho|telecho|B,1
2026-08-13 21:17:25,Indonesian Speed Baccarat 1,telecho|nikoichi|P,1
2026-08-13 21:27:41,Korean Speed Baccarat 2,niconico|nikoichi|P,0
2026-08-13 21:37:53,Speed Baccarat 2,telecho|nikoichi|P,1
2026-08-13 21:42:41,Turbo Baccarat,niconico|nikoichi|B,0
2026-08-13 21:45:45,Speed Baccarat 13,telecho|telecho|B,1
2026-08-13 21:49:19,Speed Baccarat 13,sansan|telecho|P,0
2026-08-13 22:02:18,Japanese Speed Baccarat 1,telecho|telecho|B,1
2026-08-13 22:32:33,Speed Baccarat 2,niconico|dragon|B,1
2026-08-13 22:32:43,Vietnamese Speed Baccarat 3,telecho|telecho|B,0
2026-08-13 22:33:06,Speed Baccarat 2,niconico|dragon|B,0
2026-08-13 22:34:39,Korean Turbo Baccarat 1,niconico|dragon|B,1
2026-08-13 22:35:33,Baccarat 5,telecho|telecho|B,0
2026-08-13 22:50:15,Korean Speed Baccarat 1,telecho|telecho|B,1
2026-08-13 22:57:23,Chinese Speed Baccarat 3,sansan|telecho|P,1
2026-08-13 23:01:29,Vietnamese Speed Baccarat 3,telecho|telecho|B,0
2026-08-13 23:24:18,Speed Baccarat 16,telecho|telecho|B,0
2026-08-13 23:33:44,Thai Speed Baccarat 1,niconico|dragon|B,0
2026-08-13 23:37:05,Indonesian Speed Baccarat 1,niconico|nikoichi|P,1
2026-08-13 23:42:08,Speed Baccarat 3,telecho|nikoichi|P,0
2026-08-13 23:48:46,Speed Baccarat 18,telecho|telecho|B,0
2026-08-14 00:03:11,Vietnamese Speed Baccarat 3,telecho|telecho|B,1
2026-08-14 00:13:48,Speed Baccarat 12,telecho|telecho|B,1
2026-08-14 00:33:34,Indonesian Speed Baccarat 1,telecho|telecho|B,0
2026-08-14 00:35:30,Speed Baccarat 2,telecho|nikoichi|P,1
2026-08-14 00:47:37,Speed Baccarat 8,telecho|telecho|B,1
2026-08-14 00:55:08,Japanese Speed Baccarat 2,niconico|nikoichi|P,0
2026-08-14 01:04:28,Indonesian Speed Baccarat 1,niconico|nikoichi|P,1
2026-08-14 01:05:45,Speed Baccarat 1,telecho|telecho|B,0
2026-08-14 01:10:33,Thai Baccarat 1,niconico|nikoichi|P,1
2026-08-14 01:22:08,Speed Baccarat 6,niconico|nikoichi|B,1
2026-08-14 01:24:19,Super 8 Baccarat,telecho|telecho|B,0
2026-08-14 01:24:57,STAKE SPEED BACCARAT,niconico|dragon|B,0
2026-08-14 01:34:53,Vietnamese Speed Baccarat 3,niconico|nikoichi|P,0
2026-08-14 01:39:27,Korean Speed Baccarat 5,niconico|nikoichi|B,1
2026-08-14 01:47:44,Super 8 Baccarat,niconico|dragon|B,0
2026-08-14 01:55:45,Chinese Speed Baccarat 3,niconico|dragon|B,1
2026-08-14 01:58:33,Speed Baccarat 15,telecho|telecho|B,1
2026-08-14 02:01:00,Korean Turbo Baccarat 1,telecho|telecho|B,0
2026-08-14 02:01:46,Vietnamese Speed Baccarat 1,niconico|nikoichi|P,1
2026-08-14 02:09:25,Speed Baccarat 1,niconico|dragon|B,1
2026-08-14 02:14:58,Indonesian Speed Baccarat 2,telecho|telecho|B,0
2026-08-14 02:16:49,Speed Baccarat 12,niconico|nikoichi|B,1
2026-08-14 02:46:03,Chinese Speed Baccarat 2,niconico|dragon|B,0
2026-08-14 02:47:47,Super 8 Baccarat,telecho|nikoichi|P,0
2026-08-14 02:55:10,Vietnamese Speed Baccarat 1,telecho|nikoichi|P,0
2026-08-14 02:56:08,Vietnamese Speed Baccarat 1,niconico|dragon|B,1
2026-08-14 03:09:06,Speed Baccarat 12,niconico|dragon|B,1
2026-08-14 03:10:08,Speed Baccarat 5,telecho|telecho|B,0
2026-08-14 03:13:08,Speed Baccarat 3,telecho|telecho|B,1
2026-08-14 03:20:57,Korean Baccarat 2,telecho|telecho|B,0
2026-08-14 03:25:20,Korean Speed Baccarat 1,niconico|nikoichi|P,1
2026-08-14 03:29:13,Korean Turbo Baccarat 1,niconico|dragon|B,0
2026-08-14 03:37:08,Chinese Speed Baccarat 1,niconico|nikoichi|B,1
2026-08-14 03:38:57,Thai Baccarat 1,niconico|dragon|B,1
2026-08-14 03:42:28,Speed Baccarat 2,telecho|nikoichi|P,0
2026-08-14 03:43:31,Super 8 Baccarat,niconico|dragon|B,0
2026-08-14 03:59:22,Japanese Speed Baccarat 2,niconico|dragon|B,1
2026-08-14 04:07:10,Japanese Speed Baccarat 1,niconico|dragon|B,0
2026-08-14 04:17:22,Baccarat 1,telecho|telecho|B,1
2026-08-14 04:24:03,Baccarat 2,telecho|nikoichi|P,1
2026-08-14 04:24:14,Speed Baccarat 6,niconico|nikoichi|B,1
2026-08-14 04:38:30,Speed Baccarat 13,niconico|dragon|B,0
2026-08-14 04:42:22,Indonesian Speed Baccarat 2,niconico|dragon|B,0
2026-08-14 04:47:35,Turbo Baccarat,telecho|telecho|B,1
2026-08-14 05:10:50,Speed Baccarat 1,niconico|dragon|B,1
2026-08-14 05:12:50,Fortune 6 Baccarat,telecho|nikoichi|P,0
2026-08-14 05:23:48,Korean Turbo Baccarat 1,niconico|dragon|B,1
2026-08-14 05:32:37,Japanese Speed Baccarat 2,niconico|dragon|B,1
2026-08-14 05:43:30,Vietnamese Speed Baccarat 2,telecho|telecho|B,0
2026-08-14 05:49:48,Speed Baccarat 3,telecho|telecho|B,1
2026-08-14 06:00:07,Speed Baccarat 18,telecho|telecho|B,1
2026-08-14 06:27:52,Japanese Speed Baccarat 2,niconico|dragon|B,1
2026-08-14 06:34:24,Korean Baccarat 2,telecho|telecho|B,1
2026-08-14 06:37:40,Vietnamese Speed Baccarat 3,telecho|telecho|B,1
2026-08-14 06:37:56,Turbo Baccarat,telecho|nikoichi|P,1
2026-08-14 06:39:18,Fortune 6 Baccarat,telecho|telecho|B,0
2026-08-14 06:41:10,Speed Baccarat 2,niconico|dragon|B,0
2026-08-14 06:46:32,STAKE SPEED BACCARAT,telecho|telecho|B,0
2026-08-14 06:49:44,Chinese Speed Baccarat 3,telecho|nikoichi|P,1
2026-08-14 07:01:44,Korean Speed Baccarat 5,telecho|nikoichi|P,1
2026-08-14 07:07:17,Korean Baccarat 2,telecho|nikoichi|P,1
2026-08-14 07:09:14,Vietnamese Speed Baccarat 2,telecho|nikoichi|P,0
2026-08-14 07:38:03,Thai Speed Baccarat 1,telecho|telecho|B,1
2026-08-14 07:40:22,Speed Baccarat 2,niconico|nikoichi|B,1
2026-08-14 07:40:30,Thai Speed Baccarat 1,telecho|nikoichi|P,1
2026-08-14 07:46:53,Korean Turbo Baccarat 1,telecho|telecho|B,1
2026-08-14 08:23:32,Korean Speed Baccarat 1,telecho|nikoichi|P,1
2026-08-14 08:24:19,Chinese Speed Baccarat 3,niconico|dragon|B,0
2026-08-14 08:41:31,Baccarat 5,telecho|nikoichi|P,0
2026-08-14 08:46:25,Thai Speed Baccarat 2,telecho|telecho|B,1
2026-08-14 09:01:06,Korean Baccarat 2,telecho|nikoichi|P,0
2026-08-14 09:04:32,Speed Baccarat 11,telecho|nikoichi|P,1
2026-08-14 09:08:53,Thai Speed Baccarat 1,telecho|telecho|B,1
2026-08-14 09:16:59,Indonesian Speed Baccarat 1,telecho|telecho|B,1
2026-08-14 09:17:52,Speed Baccarat 3,niconico|nikoichi|P,0
2026-08-14 09:24:06,Speed Baccarat 13,telecho|nikoichi|P,0
2026-08-14 09:28:00,Korean Speed Baccarat 3,telecho|telecho|B,0
2026-08-14 09:33:32,Korean Speed Baccarat 5,telecho|telecho|B,0
2026-08-14 09:33:41,Speed Baccarat 11,telecho|telecho|B,0
2026-08-14 09:36:16,Korean Turbo Baccarat 1,sansan|telecho|P,0
2026-08-14 09:43:49,Vietnamese Speed Baccarat 1,telecho|telecho|B,0
2026-08-14 09:48:09,Chinese Speed Baccarat 2,niconico|nikoichi|P,0
2026-08-14 09:49:50,Korean Speed Baccarat 2,telecho|telecho|B,0
2026-08-14 09:54:36,Korean Baccarat 2,niconico|nikoichi|B,0
2026-08-14 10:02:04,Indonesian Speed Baccarat 2,niconico|dragon|B,0
2026-08-14 10:21:43,Korean Baccarat 2,telecho|nikoichi|P,0
2026-08-14 10:23:39,Speed Baccarat 9,telecho|nikoichi|P,1
2026-08-14 10:33:23,Speed Baccarat 1,telecho|nikoichi|P,0
2026-08-14 10:36:49,Speed Baccarat 1,telecho|nikoichi|P,1
2026-08-14 10:41:34,Vietnamese Speed Baccarat 1,telecho|telecho|B,1
2026-08-14 10:45:29,Korean Speed Baccarat 3,telecho|nikoichi|P,0
2026-08-14 10:45:52,Indonesian Speed Baccarat 1,telecho|telecho|B,0
2026-08-14 10:59:18,Indonesian Speed Baccarat 2,telecho|telecho|B,1
2026-08-14 11:10:47,Vietnamese Speed Baccarat 1,telecho|nikoichi|P,1
2026-08-14 11:10:59,Speed Baccarat 15,niconico|dragon|B,0
2026-08-14 11:13:03,Chinese Speed Baccarat 1,telecho|nikoichi|P,0
2026-08-14 11:27:27,Indonesian Speed Baccarat 2,telecho|nikoichi|P,0
2026-08-14 11:33:15,Korean Speed Baccarat 5,telecho|telecho|B,1
2026-08-14 11:34:09,Speed Baccarat 2,niconico|dragon|B,1
2026-08-14 11:47:07,STAKE SPEED BACCARAT,niconico|nikoichi|B,1
2026-08-14 11:47:56,Korean Speed Baccarat 3,niconico|dragon|B,1
2026-08-14 11:48:06,Korean Turbo Baccarat 1,telecho|nikoichi|P,1
2026-08-14 11:51:02,Thai Speed Baccarat 2,sansan|telecho|P,0
2026-08-14 12:10:24,Thai Speed Baccarat 1,sansan|telecho|P,1
2026-08-14 12:14:41,Baccarat 6,telecho|telecho|B,1
2026-08-14 12:18:28,Speed Baccarat 13,niconico|dragon|B,1
2026-08-14 12:30:46,Speed Baccarat 11,niconico|dragon|B,1
2026-08-14 12:34:36,Speed Baccarat 2,telecho|telecho|B,1
2026-08-14 12:37:36,Korean Turbo Baccarat 1,telecho|telecho|B,1
2026-08-14 12:39:05,Korean Turbo Baccarat 1,niconico|dragon|B,0
2026-08-14 12:43:10,Speed Baccarat 3,sansan|telecho|P,0
2026-08-14 12:50:30,Chinese Speed Baccarat 1,telecho|nikoichi|P,0
2026-08-14 13:12:03,Speed Baccarat 6,telecho|nikoichi|P,0
2026-08-14 13:14:48,Vietnamese Speed Baccarat 2,telecho|telecho|B,0
2026-08-14 13:15:14,Indonesian Speed Baccarat 1,niconico|nikoichi|B,1
2026-08-14 13:21:38,Speed Baccarat 18,niconico|nikoichi|P,1
2026-08-14 13:24:06,Korean Speed Baccarat 1,telecho|telecho|B,0
2026-08-14 13:25:41,Chinese Speed Baccarat 1,telecho|telecho|B,0
2026-08-14 13:31:59,Baccarat 1,telecho|telecho|B,0
2026-08-14 13:32:47,Baccarat 5,niconico|nikoichi|P,0
2026-08-14 13:37:44,Vietnamese Speed Baccarat 1,telecho|nikoichi|P,1
2026-08-14 13:38:41,Thai Speed Baccarat 1,niconico|dragon|B,1
2026-08-14 13:50:56,Chinese Speed Baccarat 2,telecho|telecho|B,1
2026-08-14 13:56:42,Turbo Baccarat,telecho|nikoichi|P,0
2026-08-14 14:22:36,Super 8 Baccarat,telecho|nikoichi|P,0
2026-08-14 14:27:40,Fortune 6 Baccarat,telecho|nikoichi|P,0
2026-08-14 14:56:37,Baccarat 2,telecho|telecho|B,1
2026-08-14 14:57:46,Speed Baccarat 11,telecho|telecho|B,0
2026-08-14 14:58:24,Speed Baccarat 18,niconico|nikoichi|B,0
2026-08-14 15:03:11,Speed Baccarat 2,telecho|nikoichi|P,0
2026-08-14 15:04:30,Vietnamese Speed Baccarat 1,telecho|telecho|B,1
2026-08-14 15:09:07,Japanese Speed Baccarat 1,telecho|telecho|B,1
2026-08-14 15:12:23,Chinese Speed Baccarat 2,telecho|telecho|B,1
2026-08-14 15:22:10,Indonesian Speed Baccarat 2,telecho|nikoichi|P,1
2026-08-14 15:23:22,Speed Baccarat 8,niconico|dragon|B,0
2026-08-14 15:41:18,Speed Baccarat 12,telecho|telecho|B,1
2026-08-14 15:42:21,Thai Speed Baccarat 2,telecho|nikoichi|P,1
2026-08-14 15:46:39,Japanese Speed Baccarat 2,telecho|telecho|B,0
2026-08-14 16:02:17,Speed Baccarat 5,telecho|telecho|B,0
2026-08-14 16:11:17,Thai Speed Baccarat 2,telecho|telecho|B,0
2026-08-14 16:28:04,Japanese Speed Baccarat 3,niconico|nikoichi|B,1
2026-08-14 16:36:10,Thai Speed Baccarat 1,niconico|nikoichi|B,0
2026-08-14 16:38:49,Speed Baccarat 16,niconico|dragon|B,0
2026-08-14 16:43:22,Chinese Speed Baccarat 2,telecho|nikoichi|P,1
2026-08-14 16:46:47,Chinese Speed Baccarat 2,niconico|dragon|B,0
2026-08-14 16:56:58,Thai Baccarat 1,niconico|dragon|B,1
2026-08-14 17:00:46,Speed Baccarat 17,telecho|telecho|B,0
2026-08-14 17:12:58,Chinese Speed Baccarat 3,telecho|nikoichi|P,0
2026-08-14 17:15:25,Baccarat 9,niconico|dragon|B,1
2026-08-14 17:20:19,Korean Speed Baccarat 5,niconico|nikoichi|B,0
2026-08-14 17:28:55,Fortune 6 Baccarat,niconico|dragon|B,1
2026-08-14 17:36:31,Speed Baccarat 16,telecho|nikoichi|P,1
2026-08-14 17:50:16,Japanese Speed Baccarat 1,sansan|telecho|P,1
2026-08-14 17:52:32,Baccarat 2,telecho|telecho|B,0
2026-08-14 17:52:48,Korean Speed Baccarat 3,niconico|nikoichi|P,1
2026-08-14 17:58:01,Turbo Baccarat,telecho|telecho|B,0
2026-08-14 18:22:10,Baccarat 9,niconico|dragon|B,1
2026-08-14 18:34:18,Speed Baccarat 9,niconico|dragon|B,1
2026-08-14 18:38:12,Chinese Speed Baccarat 1,niconico|nikoichi|B,1
2026-08-14 18:38:34,Chinese Speed Baccarat 1,telecho|nikoichi|P,0
2026-08-14 18:42:42,Speed Baccarat 12,telecho|telecho|B,1
2026-08-14 18:44:23,Chinese Speed Baccarat 3,niconico|dragon|B,0
2026-08-14 18:49:59,Thai Baccarat 1,telecho|nikoichi|P,0
2026-08-14 18:53:21,Korean Speed Baccarat 3,telecho|telecho|B,0
2026-08-14 18:59:04,Korean Speed Baccarat 3,niconico|dragon|B,1
2026-08-14 19:11:33,Speed Baccarat 15,telecho|nikoichi|P,0
2026-08-14 19:23:11,Speed Baccarat 18,niconico|nikoichi|B,1
2026-08-14 19:25:45,Japanese Speed Baccarat 3,telecho|telecho|B,0
2026-08-14 19:32:03,Korean Baccarat 1,niconico|dragon|B,1
2026-08-14 19:37:50,Korean Turbo Baccarat 1,niconico|dragon|B,1
2026-08-14 19:37:58,Korean Baccarat 1,niconico|nikoichi|P,1
2026-08-14 19:48:46,Japanese Speed Baccarat 1,niconico|dragon|B,1
2026-08-14 19:52:55,Korean Speed Baccarat 5,niconico|dragon|B,0
2026-08-14 19:57:46,Fortune 6 Baccarat,niconico|dragon|B,1
2026-08-14 20:00:31,Speed Baccarat 3,telecho|telecho|B,1
2026-08-14 20:00:41,Speed Baccarat 13,niconico|dragon|B,1
2026-08-14 20:08:20,Thai Baccarat 1,telecho|telecho|B,1
2026-08-14 20:08:34,Speed Baccarat 11,telecho|nikoichi|P,1
2026-08-14 20:16:42,Indonesian Speed Baccarat 2,niconico|dragon|B,1
2026-08-14 20:17:04,Baccarat 7,niconico|nikoichi|P,0
2026-08-14 20:28:50,Speed Baccarat 16,niconico|dragon|B,1
2026-08-14 20:41:22,Thai Baccarat 1,telecho|telecho|B,1
2026-08-14 20:52:51,Baccarat 6,niconico|dragon|B,0
2026-08-14 20:59:44,Thai Speed Baccarat 1,telecho|telecho|B,0
2026-08-14 21:00:25,Super 8 Baccarat,telecho|telecho|B,1
2026-08-14 21:13:38,Speed Baccarat 12,telecho|nikoichi|P,1
2026-08-14 21:19:05,Speed Baccarat 8,telecho|telecho|B,0
2026-08-14 21:26:44,Speed Baccarat 6,niconico|dragon|B,0
2026-08-14 21:37:02,Korean Speed Baccarat 1,niconico|dragon|B,0
2026-08-14 21:47:37,Speed Baccarat 8,telecho|telecho|B,1
2026-08-14 21:50:02,Speed Baccarat 8,telecho|nikoichi|P,0
2026-08-14 21:54:15,Korean Baccarat 2,telecho|nikoichi|P,0
2026-08-14 21:56:06,Speed Baccarat 6,niconico|nikoichi|P,1
2026-08-14 21:56:21,Speed Baccarat 1,telecho|telecho|B,0
2026-08-14 22:01:38,Super 8 Baccarat,telecho|telecho|B,0
2026-08-14 22:02:21,Speed Baccarat 3,telecho|telecho|B,0
2026-08-14 22:06:28,Baccarat 2,telecho|telecho|B,1
2026-08-14 22:06:49,Baccarat 2,telecho|telecho|B,1
2026-08-14 22:16:19,Chinese Speed Baccarat 1,telecho|telecho|B,0
2026-08-14 22:28:54,Thai Speed Baccarat 2,telecho|telecho|B,0
2026-08-14 22:37:22,Speed Baccarat 11,niconico|dragon|B,0
2026-08-14 22:48:46,Speed Baccarat 18,niconico|nikoichi|P,0
2026-08-14 22:49:59,Speed Baccarat 8,telecho|telecho|B,0
2026-08-14 22:51:35,Speed Baccarat 8,telecho|nikoichi|P,0
2026-08-14 22:57:01,Speed Baccarat 1,niconico|nikoichi|B,1
2026-08-14 23:05:11,Super 8 Baccarat,telecho|telecho|B,1
2026-08-14 23:11:16,Japanese Speed Baccarat 3,telecho|telecho|B,0
2026-08-14 23:31:01,Baccarat 1,telecho|nikoichi|P,1
2026-08-14 23:31:05,Fortune 6 Baccarat,niconico|nikoichi|B,1
2026-08-14 23:34:00,Baccarat 1,telecho|telecho|B,0
2026-08-14 23:50:17,Korean Speed Baccarat 5,telecho|nikoichi|P,1
2026-08-14 23:51:45,Korean Speed Baccarat 5,telecho|nikoichi|P,0
2026-08-14 23:54:36,Thai Baccarat 1,niconico|nikoichi|B,0
2026-08-15 00:05:05,Speed Baccarat 11,telecho|nikoichi|P,0
2026-08-15 00:05:15,Super 8 Baccarat,telecho|nikoichi|P,1
2026-08-15 00:05:30,Speed Baccarat 16,telecho|telecho|B,0
2026-08-15 00:12:58,Chinese Speed Baccarat 3,telecho|nikoichi|P,1
2026-08-15 00:21:12,Speed Baccarat 8,telecho|nikoichi|P,0
2026-08-15 00:21:39,Japanese Speed Baccarat 3,telecho|telecho|B,0
2026-08-15 00:23:58,Speed Baccarat 15,niconico|nikoichi|B,1
2026-08-15 00:27:13,Thai Baccarat 1,niconico|nikoichi|B,1
2026-08-15 00:28:05,Speed Baccarat 16,niconico|dragon|B,0
2026-08-15 00:29:04,Speed Baccarat 9,telecho|telecho|B,1
2026-08-15 00:42:59,Thai Speed Baccarat 1,telecho|telecho|B,1
2026-08-15 00:53:36,Speed Baccarat 2,telecho|nikoichi|P,0
2026-08-15 00:54:59,Speed Baccarat 6,niconico|nikoichi|B,0
2026-08-15 00:59:06,Fortune 6 Baccarat,telecho|nikoichi|P,1
2026-08-15 00:59:34,Speed Baccarat 9,telecho|nikoichi|P,0
2026-08-15 01:04:05,Vietnamese Speed Baccarat 1,telecho|telecho|B,1
2026-08-15 01:04:13,Korean Turbo Baccarat 1,telecho|telecho|B,1
2026-08-15 01:20:29,Indonesian Speed Baccarat 1,telecho|telecho|B,1
2026-08-15 01:43:52,Thai Baccarat 1,niconico|nikoichi|P,0
2026-08-15 01:52:18,Thai Speed Baccarat 2,niconico|nikoichi|P,1
2026-08-15 02:02:45,STAKE SPEED BACCARAT,niconico|nikoichi|B,0
2026-08-15 02:09:28,Speed Baccarat 12,telecho|telecho|B,0
2026-08-15 02:29:05,Baccarat 2,telecho|nikoichi|P,1
2026-08-15 02:52:33,Speed Baccarat 8,niconico|dragon|B,1
2026-08-15 02:58:38,Speed Baccarat 16,telecho|telecho|B,1
2026-08-15 03:02:41,Speed Baccarat 9,niconico|nikoichi|B,0
2026-08-15 03:06:47,Japanese Speed Baccarat 3,telecho|telecho|B,1
2026-08-15 03:14:27,Chinese Speed Baccarat 3,telecho|nikoichi|P,0
2026-08-15 03:53:23,Speed Baccarat 5,telecho|nikoichi|P,1
2026-08-15 04:16:29,Japanese Speed Baccarat 2,telecho|telecho|B,1
2026-08-15 04:26:07,Indonesian Speed Baccarat 2,niconico|dragon|B,0
2026-08-15 04:39:30,Super 8 Baccarat,telecho|telecho|B,0
2026-08-15 04:49:30,Speed Baccarat 8,telecho|telecho|B,1
2026-08-15 04:57:53,Speed Baccarat 8,niconico|nikoichi|P,0
2026-08-15 05:21:41,Korean Turbo Baccarat 1,telecho|telecho|B,0
2026-08-15 05:43:03,Indonesian Speed Baccarat 1,telecho|telecho|B,0
2026-08-15 05:43:50,Japanese Speed Baccarat 2,telecho|telecho|B,1
2026-08-15 05:54:44,Vietnamese Speed Baccarat 3,telecho|nikoichi|P,1
2026-08-15 06:17:21,Speed Baccarat 5,telecho|telecho|B,1
2026-08-15 06:19:42,Speed Baccarat 5,telecho|nikoichi|P,1
2026-08-15 06:23:10,Korean Speed Baccarat 5,telecho|telecho|B,1
2026-08-15 06:24:07,Vietnamese Speed Baccarat 3,niconico|nikoichi|B,0
2026-08-15 06:36:41,Thai Speed Baccarat 2,sansan|telecho|P,1
2026-08-15 06:54:15,Speed Baccarat 5,niconico|dragon|B,1
2026-08-15 07:03:48,Super 8 Baccarat,telecho|nikoichi|P,1
2026-08-15 07:18:06,Speed Baccarat 5,telecho|telecho|B,0
2026-08-15 07:21:17,Speed Baccarat 11,telecho|telecho|B,0
2026-08-15 07:22:56,Chinese Speed Baccarat 2,sansan|telecho|P,0
2026-08-15 07:33:39,Thai Speed Baccarat 1,telecho|nikoichi|P,1
2026-08-15 07:36:11,Speed Baccarat 9,niconico|dragon|B,1
2026-08-15 07:48:31,Indonesian Speed Baccarat 1,telecho|telecho|B,0
2026-08-15 07:58:28,Korean Speed Baccarat 3,telecho|telecho|B,1
2026-08-15 08:03:13,Thai Speed Baccarat 2,niconico|dragon|B,1
2026-08-15 08:17:22,Chinese Speed Baccarat 3,telecho|telecho|B,0
2026-08-15 08:23:37,Korean Turbo Baccarat 1,niconico|nikoichi|P,0
2026-08-15 08:28:34,Speed Baccarat 12,telecho|nikoichi|P,0
2026-08-15 08:35:05,Vietnamese Speed Baccarat 2,telecho|nikoichi|P,1
2026-08-15 09:05:37,Korean Turbo Baccarat 1,telecho|nikoichi|P,1
2026-08-15 09:12:28,Baccarat 2,telecho|nikoichi|P,1
2026-08-15 09:19:52,Speed Baccarat 11,telecho|nikoichi|P,0
2026-08-15 09:40:20,Vietnamese Speed Baccarat 3,telecho|telecho|B,1
2026-08-15 09:42:03,Baccarat 1,niconico|dragon|B,0
2026-08-15 09:47:35,Korean Turbo Baccarat 1,telecho|telecho|B,1
2026-08-15 09:54:43,Vietnamese Speed Baccarat 1,telecho|telecho|B,0
2026-08-15 09:58:18,Korean Speed Baccarat 3,niconico|dragon|B,0
2026-08-15 10:13:05,Korean Turbo Baccarat 1,niconico|dragon|B,1
2026-08-15 10:14:49,Indonesian Speed Baccarat 2,telecho|nikoichi|P,1
2026-08-15 10:45:46,Chinese Speed Baccarat 3,telecho|telecho|B,0
2026-08-15 10:46:22,Speed Baccarat 5,niconico|nikoichi|B,0
2026-08-15 10:47:58,Chinese Speed Baccarat 3,telecho|telecho|B,0
2026-08-15 11:01:35,Indonesian Speed Baccarat 1,niconico|dragon|B,1
2026-08-15 11:04:50,Speed Baccarat 6,niconico|dragon|B,0
2026-08-15 11:20:11,Japanese Speed Baccarat 3,telecho|telecho|B,1
2026-08-15 11:27:08,Chinese Speed Baccarat 2,telecho|telecho|B,1
2026-08-15 11:41:41,Indonesian Speed Baccarat 2,niconico|dragon|B,1
2026-08-15 11:46:00,Speed Baccarat 1,telecho|telecho|B,1
2026-08-15 11:46:52,Speed Baccarat 18,telecho|telecho|B,0
2026-08-15 11:48:44,Chinese Speed Baccarat 1,niconico|nikoichi|B,1
2026-08-15 11:49:50,Speed Baccarat 2,telecho|nikoichi|P,0
2026-08-15 12:34:35,STAKE SPEED BACCARAT,telecho|telecho|B,1
2026-08-15 12:52:33,Fortune 6 Baccarat,niconico|dragon|B,0
2026-08-15 12:53:03,Korean Speed Baccarat 5,telecho|telecho|B,1
2026-08-15 12:55:06,Speed Baccarat 13,telecho|telecho|B,1
2026-08-15 13:07:52,Vietnamese Speed Baccarat 3,telecho|telecho|B,0
2026-08-15 13:15:00,Korean Turbo Baccarat 1,niconico|dragon|B,1
2026-08-15 13:18:21,Speed Baccarat 2,niconico|nikoichi|B,1
2026-08-15 13:21:47,Vietnamese Speed Baccarat 1,telecho|telecho|B,1
2026-08-15 13:29:22,Baccarat 5,niconico|dragon|B,0
2026-08-15 13:31:26,Speed Baccarat 11,telecho|telecho|B,0
2026-08-15 13:41:05,Speed Baccarat 18,telecho|nikoichi|P,0
2026-08-15 13:43:07,Speed Baccarat 5,telecho|telecho|B,1
2026-08-15 13:51:02,Vietnamese Speed Baccarat 1,telecho|telecho|B,1
2026-08-15 14:03:12,Thai Baccarat 1,niconico|dragon|B,1
2026-08-15 14:12:41,Speed Baccarat 3,telecho|telecho|B,1
2026-08-15 14:53:08,Speed Baccarat 8,telecho|telecho|B,0
2026-08-15 15:03:26,Thai Speed Baccarat 2,telecho|telecho|B,0
2026-08-15 15:04:32,Thai Speed Baccarat 2,telecho|nikoichi|P,1
2026-08-15 15:05:14,Korean Speed Baccarat 1,niconico|dragon|B,1
2026-08-15 15:15:31,Speed Baccarat 9,telecho|nikoichi|P,0
2026-08-15 15:22:30,Vietnamese Speed Baccarat 3,telecho|nikoichi|P,0
2026-08-15 15:42:24,Chinese Speed Baccarat 3,telecho|nikoichi|P,0
2026-08-15 15:47:50,Thai Baccarat 1,telecho|nikoichi|P,0
2026-08-15 16:08:31,Thai Speed Baccarat 2,telecho|nikoichi|P,0
2026-08-15 16:08:55,Turbo Baccarat,telecho|telecho|B,1
2026-08-15 16:19:08,Speed Baccarat 5,telecho|nikoichi|P,1
2026-08-15 16:20:55,Japanese Speed Baccarat 1,niconico|dragon|B,1
2026-08-15 16:36:02,Korean Speed Baccarat 1,telecho|telecho|B,0
2026-08-15 16:43:36,Speed Baccarat 17,telecho|nikoichi|P,0
2026-08-15 16:46:04,Speed Baccarat 9,telecho|telecho|B,1
2026-08-15 16:48:10,Korean Speed Baccarat 5,niconico|dragon|B,0
2026-08-15 16:50:31,Chinese Speed Baccarat 2,niconico|dragon|B,1
2026-08-15 16:52:20,Vietnamese Speed Baccarat 3,niconico|dragon|B,0
2026-08-15 16:53:17,Speed Baccarat 8,telecho|nikoichi|P,0
2026-08-15 16:58:28,Speed Baccarat 6,sansan|telecho|P,1
2026-08-15 16:58:33,Thai Speed Baccarat 1,niconico|dragon|B,1
2026-08-15 17:05:06,Super 8 Baccarat,telecho|telecho|B,1
2026-08-15 17:07:35,Baccarat 9,telecho|telecho|B,0
2026-08-15 17:15:05,Korean Speed Baccarat 5,telecho|nikoichi|P,0
2026-08-15 17:18:11,Korean Turbo Baccarat 1,telecho|telecho|B,1
2026-08-15 17:36:02,Speed Baccarat 3,telecho|telecho|B,0
2026-08-15 17:48:00,Korean Speed Baccarat 2,niconico|dragon|B,0
2026-08-15 17:51:41,Baccarat 2,niconico|nikoichi|P,1
2026-08-15 17:54:44,Baccarat 6,niconico|dragon|B,1
2026-08-15 17:55:57,Speed Baccarat 8,niconico|nikoichi|P,0
2026-08-15 17:59:00,Speed Baccarat 17,niconico|dragon|B,1
2026-08-15 18:00:15,Japanese Speed Baccarat 3,niconico|dragon|B,1
2026-08-15 18:04:30,Speed Baccarat 1,telecho|telecho|B,0
2026-08-15 18:15:44,Baccarat 6,niconico|dragon|B,0
2026-08-15 18:23:07,Korean Speed Baccarat 3,telecho|nikoichi|P,0
2026-08-15 18:41:31,Chinese Speed Baccarat 1,niconico|nikoichi|B,1
2026-08-15 18:41:52,Chinese Speed Baccarat 1,telecho|nikoichi|P,1
2026-08-15 18:52:23,Speed Baccarat 12,telecho|telecho|B,0
2026-08-15 18:55:15,Korean Speed Baccarat 3,telecho|telecho|B,1
2026-08-15 18:55:29,Speed Baccarat 11,telecho|telecho|B,1
2026-08-15 18:59:50,Speed Baccarat 18,niconico|nikoichi|P,0
2026-08-15 19:04:32,Speed Baccarat 11,telecho|telecho|B,0
2026-08-15 19:15:04,Turbo Baccarat,telecho|telecho|B,0
2026-08-15 19:17:34,Japanese Speed Baccarat 2,telecho|telecho|B,0
2026-08-15 19:21:55,Speed Baccarat 17,telecho|telecho|B,0
2026-08-15 19:27:34,Baccarat 9,niconico|dragon|B,1
2026-08-15 19:49:45,Vietnamese Speed Baccarat 1,telecho|telecho|B,1
2026-08-15 19:59:30,Korean Turbo Baccarat 1,niconico|nikoichi|P,1
2026-08-15 20:04:44,Speed Baccarat 11,telecho|nikoichi|P,1
2026-08-15 20:07:02,Speed Baccarat 11,telecho|telecho|B,0
2026-08-15 20:12:07,Chinese Speed Baccarat 1,telecho|telecho|B,0
2026-08-15 20:15:25,Speed Baccarat 9,niconico|nikoichi|P,1
2026-08-15 20:17:38,Korean Speed Baccarat 2,telecho|telecho|B,1
2026-08-15 20:18:18,Japanese Speed Baccarat 2,niconico|nikoichi|P,1
2026-08-15 20:18:24,Speed Baccarat 17,telecho|telecho|B,1
2026-08-15 20:24:40,Baccarat 1,telecho|nikoichi|P,0
2026-08-15 20:39:00,Turbo Baccarat,niconico|dragon|B,1
2026-08-15 20:50:31,Speed Baccarat 12,niconico|dragon|B,1
2026-08-15 20:54:33,Vietnamese Speed Baccarat 2,niconico|nikoichi|B,0
2026-08-15 21:06:52,Speed Baccarat 15,telecho|telecho|B,0
2026-08-15 21:09:11,Speed Baccarat 6,telecho|nikoichi|P,1
2026-08-15 21:14:08,Baccarat 5,telecho|telecho|B,1
2026-08-15 21:16:22,Speed Baccarat 11,telecho|telecho|B,1
2026-08-15 21:29:03,Speed Baccarat 8,niconico|dragon|B,1
2026-08-15 21:41:43,Korean Baccarat 1,niconico|dragon|B,1
2026-08-15 21:52:28,Chinese Speed Baccarat 2,niconico|nikoichi|B,1
2026-08-15 21:55:55,Thai Speed Baccarat 2,niconico|nikoichi|P,1
2026-08-15 21:56:36,Speed Baccarat 5,telecho|nikoichi|P,1
2026-08-15 22:01:39,Speed Baccarat 15,niconico|dragon|B,1
2026-08-15 22:14:19,Indonesian Speed Baccarat 1,telecho|nikoichi|P,0
2026-08-15 22:14:24,Speed Baccarat 13,telecho|telecho|B,0
2026-08-15 22:17:58,Korean Turbo Baccarat 1,niconico|nikoichi|P,0
2026-08-15 22:18:20,Baccarat 5,telecho|nikoichi|P,1
2026-08-15 22:22:29,Baccarat 6,telecho|nikoichi|P,0
2026-08-15 22:24:42,Baccarat 9,niconico|nikoichi|B,1
2026-08-15 22:36:04,Speed Baccarat 6,telecho|telecho|B,1
2026-08-15 22:38:14,Japanese Speed Baccarat 2,telecho|telecho|B,0
2026-08-15 22:43:16,Korean Speed Baccarat 1,niconico|nikoichi|P,0
2026-08-15 22:43:25,Korean Speed Baccarat 2,telecho|telecho|B,1
2026-08-15 22:44:11,Korean Speed Baccarat 1,niconico|dragon|B,0
2026-08-15 22:56:35,Thai Speed Baccarat 2,telecho|telecho|B,0
2026-08-15 22:58:47,Speed Baccarat 8,telecho|nikoichi|P,1
2026-08-15 23:19:04,Chinese Speed Baccarat 2,telecho|nikoichi|P,1
2026-08-15 23:19:14,Thai Speed Baccarat 2,niconico|nikoichi|P,0
2026-08-15 23:25:49,Speed Baccarat 12,telecho|nikoichi|P,0
2026-08-15 23:43:20,Korean Speed Baccarat 1,niconico|nikoichi|B,1
2026-08-15 23:47:59,Vietnamese Speed Baccarat 3,niconico|dragon|B,0
2026-08-15 23:49:42,Speed Baccarat 12,telecho|telecho|B,1
2026-08-15 23:59:33,Speed Baccarat 1,sansan|telecho|P,1
2026-08-16 00:02:28,Speed Baccarat 12,telecho|telecho|B,0
2026-08-16 00:08:35,Indonesian Speed Baccarat 2,telecho|nikoichi|P,1
2026-08-16 00:16:03,Baccarat 9,telecho|telecho|B,1
2026-08-16 00:30:03,Speed Baccarat 5,sansan|telecho|P,1
2026-08-16 00:37:52,Japanese Speed Baccarat 2,niconico|nikoichi|P,1
2026-08-16 00:47:50,Thai Speed Baccarat 1,telecho|telecho|B,1
2026-08-16 00:48:36,Speed Baccarat 11,niconico|nikoichi|P,0
2026-08-16 00:50:11,Thai Speed Baccarat 1,telecho|nikoichi|P,0
2026-08-16 00:59:34,Speed Baccarat 15,telecho|nikoichi|P,1
2026-08-16 01:03:07,Korean Turbo Baccarat 1,telecho|nikoichi|P,1
2026-08-16 01:11:16,Speed Baccarat 18,telecho|nikoichi|P,0
2026-08-16 01:19:55,Turbo Baccarat,niconico|dragon|B,1
2026-08-16 01:49:38,Speed Baccarat 12,telecho|telecho|B,1
2026-08-16 01:50:59,Vietnamese Speed Baccarat 3,niconico|dragon|B,0
2026-08-16 01:56:52,Speed Baccarat 15,telecho|telecho|B,1
2026-08-16 02:01:00,Speed Baccarat 15,niconico|nikoichi|P,0
2026-08-16 02:12:56,Super 8 Baccarat,sansan|telecho|P,1
2026-08-16 02:31:31,Japanese Speed Baccarat 2,telecho|telecho|B,1
2026-08-16 02:33:38,Speed Baccarat 8,telecho|nikoichi|P,1
2026-08-16 02:34:07,Japanese Speed Baccarat 1,telecho|nikoichi|P,1
2026-08-16 02:35:31,Indonesian Speed Baccarat 2,telecho|telecho|B,0
2026-08-16 02:40:47,Chinese Speed Baccarat 3,telecho|telecho|B,0
2026-08-16 02:41:03,Japanese Speed Baccarat 3,telecho|telecho|B,1
2026-08-16 02:44:05,Thai Speed Baccarat 1,niconico|dragon|B,0
2026-08-16 02:44:40,Chinese Speed Baccarat 3,telecho|telecho|B,0
2026-08-16 02:49:19,Speed Baccarat 12,telecho|nikoichi|P,1
2026-08-16 02:49:51,Chinese Speed Baccarat 1,telecho|nikoichi|P,1
2026-08-16 02:53:17,Korean Speed Baccarat 2,telecho|telecho|B,1
2026-08-16 02:55:04,Chinese Speed Baccarat 2,telecho|telecho|B,1
2026-08-16 03:04:44,Japanese Speed Baccarat 2,telecho|nikoichi|P,1
2026-08-16 03:11:34,Speed Baccarat 18,telecho|telecho|B,1
2026-08-16 03:12:43,Chinese Speed Baccarat 3,telecho|telecho|B,0
2026-08-16 03:12:58,Korean Baccarat 2,telecho|nikoichi|P,1
2026-08-16 03:20:14,Korean Speed Baccarat 5,telecho|nikoichi|P,1
2026-08-16 03:21:22,Speed Baccarat 9,telecho|nikoichi|P,0
2026-08-16 03:32:24,Japanese Speed Baccarat 2,telecho|telecho|B,1
2026-08-16 03:32:58,Baccarat 2,niconico|dragon|B,0
2026-08-16 03:35:48,Fortune 6 Baccarat,niconico|nikoichi|B,1
2026-08-16 03:36:39,Speed Baccarat 6,sansan|telecho|P,1
2026-08-16 03:49:40,Vietnamese Speed Baccarat 1,telecho|telecho|B,0
2026-08-16 03:54:50,Baccarat 1,niconico|nikoichi|B,1
2026-08-16 03:59:22,Turbo Baccarat,telecho|telecho|B,1
2026-08-16 04:04:37,Speed Baccarat 8,sansan|telecho|P,1
2026-08-16 04:15:23,Korean Turbo Baccarat 1,telecho|nikoichi|P,1
2026-08-16 04:17:12,Korean Turbo Baccarat 1,telecho|telecho|B,0
2026-08-16 04:20:30,Speed Baccarat 3,niconico|dragon|B,1
2026-08-16 04:27:19,Turbo Baccarat,telecho|telecho|B,0
2026-08-16 04:32:06,Baccarat 5,niconico|dragon|B,1
2026-08-16 04:33:44,Baccarat 1,telecho|nikoichi|P,0
2026-08-16 04:45:26,Baccarat 2,telecho|nikoichi|P,1
2026-08-16 04:53:47,Korean Speed Baccarat 5,telecho|telecho|B,0
2026-08-16 04:56:34,Indonesian Speed Baccarat 1,niconico|nikoichi|P,0
2026-08-16 05:02:48,Baccarat 1,niconico|nikoichi|B,1
2026-08-16 05:24:35,Korean Speed Baccarat 2,telecho|telecho|B,1
2026-08-16 05:30:06,Indonesian Speed Baccarat 2,telecho|telecho|B,0
2026-08-16 05:31:18,Speed Baccarat 6,telecho|telecho|B,0
2026-08-16 05:40:12,STAKE SPEED BACCARAT,telecho|telecho|B,1
2026-08-16 05:42:09,Super 8 Baccarat,telecho|telecho|B,0
2026-08-16 05:50:03,Korean Speed Baccarat 2,telecho|telecho|B,0
2026-08-16 05:50:40,Speed Baccarat 11,telecho|telecho|B,1
2026-08-16 05:54:02,Turbo Baccarat,telecho|telecho|B,0
2026-08-16 06:12:56,Japanese Speed Baccarat 3,telecho|telecho|B,0
2026-08-16 06:23:40,Chinese Speed Baccarat 1,telecho|nikoichi|P,1
2026-08-16 06:29:39,Korean Speed Baccarat 5,telecho|nikoichi|P,1
2026-08-16 06:30:30,Speed Baccarat 6,niconico|dragon|B,1
2026-08-16 06:31:35,Speed Baccarat 15,telecho|telecho|B,0
2026-08-16 06:36:52,Korean Speed Baccarat 3,telecho|nikoichi|P,0
2026-08-16 06:43:06,Speed Baccarat 12,niconico|nikoichi|B,1
2026-08-16 06:43:52,Speed Baccarat 12,telecho|nikoichi|P,0
2026-08-16 06:50:16,Speed Baccarat 3,telecho|telecho|B,0
2026-08-16 07:09:10,Baccarat 2,telecho|telecho|B,1
2026-08-16 07:12:27,Indonesian Speed Baccarat 1,telecho|nikoichi|P,0
2026-08-16 07:14:59,Baccarat 2,telecho|telecho|B,0
2026-08-16 07:18:42,Korean Baccarat 2,telecho|nikoichi|P,1
2026-08-16 07:19:39,Chinese Speed Baccarat 3,telecho|nikoichi|P,0
2026-08-16 07:40:45,Speed Baccarat 18,niconico|dragon|B,0
2026-08-16 07:42:33,Thai Speed Baccarat 2,niconico|dragon|B,1
2026-08-16 07:53:11,Korean Baccarat 1,sansan|telecho|P,1
2026-08-16 07:55:10,Speed Baccarat 15,telecho|nikoichi|P,0
2026-08-16 08:04:42,Speed Baccarat 18,niconico|nikoichi|P,0
2026-08-16 08:09:31,Turbo Baccarat,telecho|nikoichi|P,1
2026-08-16 08:29:13,Fortune 6 Baccarat,telecho|nikoichi|P,0
2026-08-16 08:32:20,Fortune 6 Baccarat,telecho|telecho|B,1
2026-08-16 08:55:20,Speed Baccarat 15,telecho|telecho|B,0
2026-08-16 09:02:53,Speed Baccarat 8,niconico|dragon|B,0
2026-08-16 09:20:38,Korean Turbo Baccarat 1,telecho|telecho|B,0
2026-08-16 09:23:22,Fortune 6 Baccarat,telecho|nikoichi|P,1
2026-08-16 09:23:38,Japanese Speed Baccarat 1,telecho|telecho|B,1
2026-08-16 09:31:28,Fortune 6 Baccarat,niconico|dragon|B,0
2026-08-16 09:36:42,Thai Baccarat 1,telecho|telecho|B,0
2026-08-16 09:39:11,Thai Speed Baccarat 1,niconico|dragon|B,0
2026-08-16 09:49:08,Speed Baccarat 1,sansan|telecho|P,0
2026-08-16 10:00:07,Japanese Speed Baccarat 3,telecho|nikoichi|P,1
2026-08-16 10:02:44,Turbo Baccarat,niconico|nikoichi|P,0
2026-08-16 10:17:14,Chinese Speed Baccarat 3,telecho|telecho|B,1
2026-08-16 10:21:00,Korean Baccarat 1,telecho|telecho|B,1
2026-08-16 10:30:08,Japanese Speed Baccarat 1,telecho|telecho|B,1
2026-08-16 11:09:07,Thai Speed Baccarat 2,niconico|dragon|B,1
2026-08-16 11:10:42,Vietnamese Speed Baccarat 2,niconico|dragon|B,0
2026-08-16 11:15:25,Speed Baccarat 15,telecho|telecho|B,1
2026-08-16 11:26:59,Speed Baccarat 13,telecho|telecho|B,0
2026-08-16 11:27:45,Speed Baccarat 9,niconico|nikoichi|B,0
2026-08-16 11:35:00,Thai Speed Baccarat 2,telecho|telecho|B,0
2026-08-16 11:42:14,Vietnamese Speed Baccarat 3,niconico|dragon|B,0
2026-08-16 11:45:52,STAKE SPEED BACCARAT,telecho|telecho|B,1
2026-08-16 11:55:49,Korean Speed Baccarat 2,telecho|telecho|B,1
2026-08-16 12:02:20,Korean Speed Baccarat 2,sansan|telecho|P,0
2026-08-16 12:12:48,STAKE SPEED BACCARAT,telecho|telecho|B,0
2026-08-16 12:14:29,Korean Baccarat 1,niconico|nikoichi|P,0
2026-08-16 12:18:28,STAKE SPEED BACCARAT,telecho|telecho|B,0
2026-08-16 12:31:41,Korean Speed Baccarat 2,niconico|nikoichi|P,1
2026-08-16 12:35:33,Baccarat 1,telecho|telecho|B,0
2026-08-16 12:36:46,Speed Baccarat 8,telecho|telecho|B,1
2026-08-16 12:56:16,Indonesian Speed Baccarat 2,sansan|telecho|P,0
2026-08-16 13:00:53,Speed Baccarat 18,niconico|nikoichi|P,0
2026-08-16 13:05:25,Indonesian Speed Baccarat 1,telecho|telecho|B,1
2026-08-16 13:12:37,Vietnamese Speed Baccarat 1,niconico|nikoichi|B,1
2026-08-16 13:23:37,Indonesian Speed Baccarat 2,niconico|dragon|B,0
2026-08-16 13:30:37,Korean Baccarat 2,telecho|nikoichi|P,1
2026-08-16 13:33:17,Indonesian Speed Baccarat 1,telecho|telecho|B,1
2026-08-16 13:39:54,Speed Baccarat 1,niconico|dragon|B,1
2026-08-16 13:44:53,Vietnamese Speed Baccarat 1,telecho|telecho|B,1
2026-08-16 14:05:53,Speed Baccarat 16,telecho|telecho|B,0
2026-08-16 14:12:54,Speed Baccarat 15,telecho|nikoichi|P,1
2026-08-16 14:31:41,Speed Baccarat 12,niconico|nikoichi|B,1
2026-08-16 14:46:14,Vietnamese Speed Baccarat 2,telecho|telecho|B,1
2026-08-16 14:51:25,Chinese Speed Baccarat 3,niconico|nikoichi|P,1
2026-08-16 15:03:59,Super 8 Baccarat,telecho|nikoichi|P,0
2026-08-16 15:06:19,Speed Baccarat 1,niconico|dragon|B,1
2026-08-16 15:09:59,Baccarat 1,telecho|telecho|B,0
2026-08-16 15:23:04,Turbo Baccarat,telecho|telecho|B,0
2026-08-16 15:33:07,Korean Turbo Baccarat 1,telecho|telecho|B,1
2026-08-16 15:39:44,Chinese Speed Baccarat 1,niconico|dragon|B,0
2026-08-16 16:21:23,Speed Baccarat 18,telecho|nikoichi|P,0
2026-08-16 16:21:30,Vietnamese Speed Baccarat 3,telecho|telecho|B,1
2026-08-16 16:21:43,Speed Baccarat 3,telecho|nikoichi|P,1
2026-08-16 16:27:31,Speed Baccarat 16,telecho|telecho|B,1
2026-08-16 16:28:15,Speed Baccarat 16,telecho|telecho|B,1
2026-08-16 16:34:59,Speed Baccarat 1,telecho|telecho|B,0
2026-08-16 16:54:12,Thai Speed Baccarat 1,telecho|nikoichi|P,0
2026-08-16 16:55:02,Speed Baccarat 12,niconico|dragon|B,1
2026-08-16 17:02:32,Super 8 Baccarat,telecho|telecho|B,1
2026-08-16 17:03:16,Super 8 Baccarat,telecho|telecho|B,1
2026-08-16 17:19:43,Japanese Speed Baccarat 1,niconico|nikoichi|B,1
2026-08-16 17:22:05,Speed Baccarat 9,telecho|nikoichi|P,1
2026-08-16 17:25:50,Speed Baccarat 16,niconico|dragon|B,1
2026-08-16 17:37:51,Fortune 6 Baccarat,telecho|telecho|B,0
2026-08-16 17:41:29,Turbo Baccarat,telecho|telecho|B,0
2026-08-16 17:46:57,Speed Baccarat 11,sansan|telecho|P,0
2026-08-16 17:50:35,Thai Baccarat 1,telecho|nikoichi|P,1
2026-08-16 17:55:05,Thai Speed Baccarat 2,niconico|dragon|B,0
2026-08-16 18:22:46,Vietnamese Speed Baccarat 3,telecho|nikoichi|P,1
2026-08-16 18:28:44,Speed Baccarat 5,telecho|telecho|B,0
2026-08-16 18:52:36,Speed Baccarat 16,telecho|telecho|B,1
2026-08-16 19:02:36,Speed Baccarat 6,telecho|telecho|B,0
2026-08-16 19:04:45,Speed Baccarat 17,telecho|telecho|B,1
2026-08-16 19:05:10,Speed Baccarat 3,niconico|nikoichi|B,0
2026-08-16 19:29:08,Speed Baccarat 13,telecho|telecho|B,1
2026-08-16 19:55:48,Korean Speed Baccarat 2,niconico|dragon|B,1
2026-08-16 19:56:54,Vietnamese Speed Baccarat 1,telecho|nikoichi|P,1
2026-08-16 19:57:43,Speed Baccarat 1,telecho|nikoichi|P,0
2026-08-16 20:14:22,Chinese Speed Baccarat 3,telecho|telecho|B,0
2026-08-16 20:21:08,Speed Baccarat 16,niconico|dragon|B,0
2026-08-16 20:26:30,Speed Baccarat 8,niconico|dragon|B,1
2026-08-16 20:39:18,Speed Baccarat 11,telecho|telecho|B,0
2026-08-16 20:40:32,Chinese Speed Baccarat 3,telecho|telecho|B,1
2026-08-16 20:43:30,Indonesian Speed Baccarat 2,telecho|telecho|B,1
2026-08-16 20:54:54,Speed Baccarat 17,telecho|nikoichi|P,1
2026-08-16 21:02:21,Thai Baccarat 1,niconico|nikoichi|B,0
2026-08-16 21:11:32,Baccarat 9,telecho|telecho|B,1
2026-08-16 21:27:37,Baccarat 7,niconico|dragon|B,1
2026-08-16 21:35:33,Japanese Speed Baccarat 3,telecho|nikoichi|P,0
2026-08-16 21:37:13,Korean Speed Baccarat 5,telecho|telecho|B,1
2026-08-16 21:43:42,Chinese Speed Baccarat 3,telecho|telecho|B,1
2026-08-16 21:51:03,STAKE SPEED BACCARAT,telecho|nikoichi|P,1
2026-08-16 21:52:58,Indonesian Speed Baccarat 1,niconico|dragon|B,0
2026-08-16 21:56:58,Speed Baccarat 3,telecho|telecho|B,0
2026-08-16 22:09:47,Baccarat 6,niconico|dragon|B,1
2026-08-16 22:09:57,Speed Baccarat 18,niconico|nikoichi|P,1
2026-08-16 22:18:46,Vietnamese Speed Baccarat 1,telecho|telecho|B,0
2026-08-16 22:46:50,Korean Speed Baccarat 1,telecho|nikoichi|P,0
2026-08-16 23:00:05,Baccarat 1,niconico|nikoichi|B,0
2026-08-16 23:18:01,Speed Baccarat 9,niconico|dragon|B,1
2026-08-16 23:18:25,Speed Baccarat 2,telecho|telecho|B,0
2026-08-16 23:31:27,Japanese Speed Baccarat 2,telecho|nikoichi|P,1
2026-08-16 23:43:57,Fortune 6 Baccarat,telecho|nikoichi|P,0
2026-08-16 23:44:12,Chinese Speed Baccarat 1,niconico|nikoichi|B,1
2026-08-16 23:44:16,Thai Speed Baccarat 1,telecho|nikoichi|P,0
2026-08-17 00:20:04,Chinese Speed Baccarat 2,telecho|telecho|B,0
2026-08-17 00:20:16,Speed Baccarat 9,telecho|telecho|B,0
2026-08-17 00:31:30,Fortune 6 Baccarat,telecho|telecho|B,1
2026-08-17 00:35:20,Fortune 6 Baccarat,telecho|nikoichi|P,0
2026-08-17 00:48:04,Chinese Speed Baccarat 3,telecho|nikoichi|P,1
2026-08-17 00:51:15,Korean Turbo Baccarat 1,telecho|telecho|B,0
2026-08-17 00:58:29,Speed Baccarat 5,niconico|dragon|B,1
2026-08-17 01:00:07,Indonesian Speed Baccarat 2,telecho|nikoichi|P,1
2026-08-17 01:23:33,STAKE SPEED BACCARAT,telecho|telecho|B,1
2026-08-17 01:41:27,Turbo Baccarat,telecho|telecho|B,1
2026-08-17 01:55:46,Korean Speed Baccarat 1,telecho|telecho|B,0
2026-08-17 02:00:01,Indonesian Speed Baccarat 2,telecho|nikoichi|P,1
2026-08-17 02:00:14,Korean Speed Baccarat 3,telecho|nikoichi|P,1
2026-08-17 02:19:14,Speed Baccarat 2,telecho|telecho|B,1
2026-08-17 02:19:37,Speed Baccarat 9,telecho|telecho|B,1
2026-08-17 02:28:04,Turbo Baccarat,niconico|dragon|B,0
2026-08-17 02:31:02,Speed Baccarat 5,telecho|telecho|B,1
2026-08-17 02:37:59,Korean Speed Baccarat 2,niconico|nikoichi|P,0
2026-08-17 02:46:38,Indonesian Speed Baccarat 1,telecho|telecho|B,1
2026-08-17 03:07:19,Speed Baccarat 13,telecho|telecho|B,1
2026-08-17 03:15:15,Speed Baccarat 15,telecho|nikoichi|P,1
2026-08-17 03:17:46,Indonesian Speed Baccarat 1,telecho|telecho|B,0
2026-08-17 03:25:48,Chinese Speed Baccarat 1,telecho|telecho|B,1
2026-08-17 04:03:27,Turbo Baccarat,sansan|telecho|P,0
2026-08-17 04:23:57,Chinese Speed Baccarat 3,niconico|nikoichi|P,1
2026-08-17 04:26:12,Speed Baccarat 3,niconico|nikoichi|P,1
2026-08-17 04:27:58,Korean Baccarat 1,telecho|telecho|B,1
2026-08-17 04:36:04,Speed Baccarat 16,niconico|nikoichi|P,0
2026-08-17 04:44:05,Speed Baccarat 11,telecho|nikoichi|P,0
2026-08-17 04:49:44,Turbo Baccarat,telecho|nikoichi|P,1
2026-08-17 05:07:21,Korean Baccarat 2,niconico|dragon|B,1
2026-08-17 05:16:12,Super 8 Baccarat,telecho|nikoichi|P,0
2026-08-17 05:22:52,Speed Baccarat 3,telecho|telecho|B,1
2026-08-17 05:26:27,Speed Baccarat 18,telecho|telecho|B,1
2026-08-17 05:36:31,Baccarat 5,niconico|nikoichi|P,0
2026-08-17 05:36:47,Korean Speed Baccarat 2,telecho|nikoichi|P,1
2026-08-17 05:40:03,Baccarat 6,telecho|nikoichi|P,0
2026-08-17 05:43:07,Speed Baccarat 11,telecho|telecho|B,1
2026-08-17 05:44:43,Vietnamese Speed Baccarat 1,niconico|dragon|B,1
2026-08-17 05:48:10,Super 8 Baccarat,telecho|telecho|B,0
2026-08-17 05:53:57,Baccarat 1,telecho|nikoichi|P,1
2026-08-17 06:00:02,Chinese Speed Baccarat 1,niconico|dragon|B,1
2026-08-17 06:09:36,Baccarat 2,niconico|dragon|B,0
2026-08-17 06:20:48,Speed Baccarat 18,telecho|nikoichi|P,1
2026-08-17 06:43:58,Speed Baccarat 1,niconico|nikoichi|B,0
2026-08-17 06:45:52,Vietnamese Speed Baccarat 1,niconico|nikoichi|B,0
2026-08-17 06:56:03,Baccarat 6,telecho|nikoichi|P,1
2026-08-17 06:56:47,Indonesian Speed Baccarat 2,telecho|nikoichi|P,0
2026-08-17 06:58:38,STAKE SPEED BACCARAT,telecho|telecho|B,1
2026-08-17 07:03:45,Fortune 6 Baccarat,telecho|telecho|B,0
2026-08-17 07:11:36,Vietnamese Speed Baccarat 1,telecho|telecho|B,1
2026-08-17 07:12:46,Vietnamese Speed Baccarat 1,telecho|telecho|B,0
2026-08-17 07:15:20,Speed Baccarat 11,niconico|dragon|B,0
2026-08-17 07:16:14,Indonesian Speed Baccarat 1,niconico|dragon|B,0
2026-08-17 07:28:11,Speed Baccarat 3,niconico|nikoichi|B,1
2026-08-17 07:33:38,Turbo Baccarat,niconico|dragon|B,0
2026-08-17 07:39:44,Baccarat 1,telecho|telecho|B,1
2026-08-17 07:42:36,Japanese Speed Baccarat 3,sansan|telecho|P,1
2026-08-17 07:44:02,Vietnamese Speed Baccarat 2,telecho|telecho|B,0
2026-08-17 07:44:57,Super 8 Baccarat,niconico|dragon|B,1
2026-08-17 07:54:35,Baccarat 2,telecho|telecho|B,1
2026-08-17 08:13:40,Super 8 Baccarat,niconico|dragon|B,0
2026-08-17 08:14:40,Vietnamese Speed Baccarat 1,telecho|telecho|B,0
2026-08-17 08:38:02,Korean Speed Baccarat 3,telecho|telecho|B,1
2026-08-17 08:40:43,Super 8 Baccarat,telecho|telecho|B,1
2026-08-17 08:47:18,Speed Baccarat 12,telecho|nikoichi|P,0
2026-08-17 08:53:09,Speed Baccarat 3,telecho|telecho|B,1
2026-08-17 09:11:30,Speed Baccarat 11,niconico|dragon|B,1
2026-08-17 09:15:53,Korean Turbo Baccarat 1,telecho|telecho|B,0
2026-08-17 09:17:57,Turbo Baccarat,niconico|dragon|B,1
2026-08-17 09:43:38,Korean Speed Baccarat 2,niconico|nikoichi|B,1
2026-08-17 09:54:31,Chinese Speed Baccarat 2,niconico|dragon|B,0
2026-08-17 09:55:36,Speed Baccarat 3,telecho|telecho|B,1
2026-08-17 10:15:08,Speed Baccarat 12,telecho|telecho|B,0
2026-08-17 10:15:13,Korean Speed Baccarat 5,niconico|dragon|B,1
2026-08-17 10:17:52,Vietnamese Speed Baccarat 3,telecho|nikoichi|P,1
2026-08-17 10:18:02,Speed Baccarat 12,niconico|dragon|B,0
2026-08-17 10:20:11,Vietnamese Speed Baccarat 3,telecho|telecho|B,1
2026-08-17 10:25:20,Turbo Baccarat,telecho|telecho|B,0
2026-08-17 10:51:04,Vietnamese Speed Baccarat 3,telecho|nikoichi|P,0
2026-08-17 11:13:09,Korean Speed Baccarat 5,telecho|nikoichi|P,1
2026-08-17 11:16:39,Speed Baccarat 13,niconico|dragon|B,1
2026-08-17 11:31:15,Japanese Speed Baccarat 1,telecho|telecho|B,1
2026-08-17 11:53:53,Vietnamese Speed Baccarat 2,telecho|nikoichi|P,0
2026-08-17 11:55:59,Korean Speed Baccarat 5,niconico|dragon|B,1
2026-08-17 12:28:15,Chinese Speed Baccarat 3,telecho|nikoichi|P,1
2026-08-17 12:45:31,Baccarat 2,telecho|nikoichi|P,0
2026-08-17 12:55:00,Speed Baccarat 5,telecho|nikoichi|P,1
2026-08-17 13:09:02,Speed Baccarat 6,telecho|telecho|B,0
2026-08-17 13:13:51,Japanese Speed Baccarat 2,telecho|nikoichi|P,1
2026-08-17 13:27:26,Speed Baccarat 3,telecho|nikoichi|P,1
2026-08-17 13:27:36,Speed Baccarat 8,telecho|telecho|B,1
2026-08-17 13:27:45,Turbo Baccarat,niconico|dragon|B,1
2026-08-17 13:33:09,Korean Speed Baccarat 1,telecho|telecho|B,0
2026-08-17 13:37:56,Baccarat 7,telecho|telecho|B,1
2026-08-17 13:42:13,Korean Speed Baccarat 3,niconico|dragon|B,1
2026-08-17 13:59:25,Korean Turbo Baccarat 1,telecho|telecho|B,1
2026-08-17 14:13:41,Vietnamese Speed Baccarat 2,telecho|nikoichi|P,1
2026-08-17 14:18:36,Chinese Speed Baccarat 3,telecho|telecho|B,0
2026-08-17 14:19:27,Super 8 Baccarat,telecho|nikoichi|P,0
2026-08-17 14:23:06,Japanese Speed Baccarat 3,telecho|telecho|B,1
2026-08-17 14:24:46,Baccarat 5,niconico|dragon|B,1
2026-08-17 14:30:00,Baccarat 7,niconico|nikoichi|B,1
2026-08-17 14:35:27,Speed Baccarat 11,telecho|telecho|B,1
2026-08-17 14:42:24,Speed Baccarat 11,telecho|nikoichi|P,0
2026-08-17 14:49:49,Japanese Speed Baccarat 3,telecho|telecho|B,0
2026-08-17 14:58:05,STAKE SPEED BACCARAT,telecho|telecho|B,1
2026-08-17 15:04:14,Baccarat 5,telecho|telecho|B,0
2026-08-17 15:23:18,Speed Baccarat 5,niconico|nikoichi|B,1
2026-08-17 15:28:59,Speed Baccarat 18,niconico|dragon|B,0
2026-08-17 15:35:33,Vietnamese Speed Baccarat 2,telecho|telecho|B,1
2026-08-17 15:35:46,Korean Speed Baccarat 2,niconico|nikoichi|B,1
2026-08-17 16:03:53,Speed Baccarat 16,niconico|dragon|B,0
2026-08-17 16:09:10,Speed Baccarat 6,telecho|nikoichi|P,1
2026-08-17 16:12:27,Speed Baccarat 2,telecho|nikoichi|P,1
2026-08-17 16:14:46,Turbo Baccarat,niconico|nikoichi|B,0
2026-08-17 16:23:49,STAKE SPEED BACCARAT,telecho|telecho|B,0
2026-08-17 16:43:58,Korean Turbo Baccarat 1,telecho|telecho|B,1
2026-08-17 16:52:04,Korean Speed Baccarat 1,niconico|nikoichi|P,0
2026-08-17 17:03:22,Speed Baccarat 11,niconico|dragon|B,0
2026-08-17 17:21:11,Speed Baccarat 1,niconico|dragon|B,1
2026-08-17 17:26:51,Vietnamese Speed Baccarat 3,telecho|nikoichi|P,0
2026-08-17 17:49:16,Thai Speed Baccarat 1,telecho|nikoichi|P,1
2026-08-17 17:51:13,Korean Speed Baccarat 5,niconico|dragon|B,1
2026-08-17 17:52:37,STAKE SPEED BACCARAT,telecho|telecho|B,1
2026-08-17 17:54:16,Japanese Speed Baccarat 3,telecho|nikoichi|P,1
2026-08-17 17:59:06,Speed Baccarat 17,telecho|nikoichi|P,0
2026-08-17 18:05:20,Turbo Baccarat,telecho|telecho|B,1
2026-08-17 18:07:06,Indonesian Speed Baccarat 1,telecho|telecho|B,0
2026-08-17 18:11:53,Speed Baccarat 18,telecho|telecho|B,1
2026-08-17 18:30:37,Thai Baccarat 1,telecho|nikoichi|P,0
2026-08-17 18:48:07,Speed Baccarat 1,telecho|telecho|B,1
2026-08-17 19:15:52,Chinese Speed Baccarat 1,telecho|telecho|B,0
2026-08-17 19:40:32,Speed Baccarat 18,telecho|telecho|B,1
2026-08-17 19:42:19,Japanese Speed Baccarat 2,telecho|telecho|B,0
2026-08-17 19:54:53,Speed Baccarat 3,niconico|dragon|B,1
2026-08-17 19:59:09,Korean Speed Baccarat 1,telecho|telecho|B,0
2026-08-17 20:22:15,Speed Baccarat 16,telecho|telecho|B,0
2026-08-17 20:26:02,Chinese Speed Baccarat 2,telecho|telecho|B,0
2026-08-17 20:40:09,Korean Speed Baccarat 3,telecho|telecho|B,1
2026-08-17 20:41:03,Japanese Speed Baccarat 2,telecho|nikoichi|P,1
2026-08-17 21:05:11,Thai Speed Baccarat 1,telecho|telecho|B,0
2026-08-17 21:13:50,Korean Speed Baccarat 3,niconico|nikoichi|B,1
2026-08-17 21:24:01,Speed Baccarat 3,niconico|dragon|B,1
2026-08-17 21:31:27,Vietnamese Speed Baccarat 3,telecho|nikoichi|P,0
2026-08-17 21:35:47,Indonesian Speed Baccarat 1,telecho|telecho|B,0
2026-08-17 21:36:25,Chinese Speed Baccarat 1,telecho|nikoichi|P,1
2026-08-17 21:47:28,Baccarat 9,telecho|nikoichi|P,0
2026-08-17 21:51:51,Baccarat 5,telecho|telecho|B,0
2026-08-17 21:56:31,Baccarat 5,telecho|nikoichi|P,0
2026-08-17 22:14:11,Vietnamese Speed Baccarat 2,niconico|dragon|B,0
2026-08-17 22:16:55,Korean Baccarat 2,telecho|telecho|B,0
2026-08-17 22:20:59,Japanese Speed Baccarat 3,telecho|telecho|B,0
2026-08-17 22:23:30,Speed Baccarat 6,telecho|nikoichi|P,0
2026-08-17 22:32:27,Vietnamese Speed Baccarat 3,sansan|telecho|P,1
2026-08-17 22:42:28,Japanese Speed Baccarat 2,telecho|telecho|B,1
2026-08-17 22:44:57,Chinese Speed Baccarat 3,telecho|telecho|B,0
2026-08-17 22:47:29,Korean Speed Baccarat 2,telecho|nikoichi|P,1
2026-08-17 22:50:54,Japanese Speed Baccarat 2,telecho|telecho|B,1
2026-08-17 22:54:37,Korean Speed Baccarat 2,telecho|telecho|B,1
2026-08-17 23:09:33,Korean Turbo Baccarat 1,niconico|dragon|B,0
2026-08-17 23:10:10,Baccarat 2,niconico|nikoichi|P,1
2026-08-17 23:11:25,Turbo Baccarat,niconico|dragon|B,1
2026-08-17 23:18:44,Speed Baccarat 18,telecho|nikoichi|P,1
2026-08-17 23:20:37,Speed Baccarat 3,telecho|nikoichi|P,0
2026-08-17 23:26:33,Korean Turbo Baccarat 1,niconico|dragon|B,1
2026-08-17 23:37:08,Speed Baccarat 15,niconico|nikoichi|B,1
2026-08-17 23:42:31,Speed Baccarat 18,telecho|telecho|B,0
2026-08-17 23:46:16,Baccarat 5,telecho|nikoichi|P,0
2026-08-17 23:49:23,Speed Baccarat 5,telecho|telecho|B,1
2026-08-17 23:49:59,STAKE SPEED BACCARAT,niconico|dragon|B,0
2026-08-18 00:17:39,Korean Speed Baccarat 2,telecho|telecho|B,0
2026-08-18 00:17:53,Korean Speed Baccarat 3,niconico|nikoichi|B,0
2026-08-18 00:39:45,Thai Speed Baccarat 2,telecho|telecho|B,0
2026-08-18 00:47:10,Thai Baccarat 1,niconico|dragon|B,1
2026-08-18 00:47:55,Speed Baccarat 12,telecho|telecho|B,0
2026-08-18 00:48:05,Vietnamese Speed Baccarat 1,niconico|dragon|B,1
2026-08-18 00:54:23,Speed Baccarat 3,telecho|telecho|B,1
2026-08-18 00:57:11,STAKE SPEED BACCARAT,telecho|nikoichi|P,0
2026-08-18 01:01:55,Speed Baccarat 11,niconico|dragon|B,1
2026-08-18 01:42:02,Speed Baccarat 11,telecho|telecho|B,1
2026-08-18 01:50:06,Korean Speed Baccarat 3,telecho|telecho|B,1
2026-08-18 02:02:34,Super 8 Baccarat,telecho|telecho|B,0
2026-08-18 02:13:42,Japanese Speed Baccarat 2,niconico|nikoichi|P,0
2026-08-18 02:36:31,Thai Speed Baccarat 2,telecho|nikoichi|P,0
2026-08-18 02:54:59,Korean Speed Baccarat 2,sansan|telecho|P,1
2026-08-18 02:55:22,Korean Turbo Baccarat 1,telecho|telecho|B,0
2026-08-18 03:04:32,Speed Baccarat 13,telecho|telecho|B,1
2026-08-18 03:05:22,Speed Baccarat 13,telecho|telecho|B,1
2026-08-18 03:11:24,Japanese Speed Baccarat 2,telecho|telecho|B,1
2026-08-18 03:15:48,Japanese Speed Baccarat 2,telecho|telecho|B,1
2026-08-18 03:24:51,Korean Speed Baccarat 2,telecho|telecho|B,0
2026-08-18 03:41:26,Baccarat 1,telecho|telecho|B,1
2026-08-18 03:41:34,Korean Speed Baccarat 5,niconico|nikoichi|P,1
2026-08-18 03:53:01,Speed Baccarat 6,telecho|telecho|B,0
2026-08-18 04:04:20,Thai Speed Baccarat 2,niconico|nikoichi|B,1
2026-08-18 04:14:18,Baccarat 9,telecho|telecho|B,0
2026-08-18 04:18:04,Vietnamese Speed Baccarat 1,telecho|telecho|B,1
2026-08-18 04:26:30,Speed Baccarat 8,telecho|nikoichi|P,1
2026-08-18 04:29:08,Speed Baccarat 18,telecho|nikoichi|P,0
2026-08-18 04:33:53,Indonesian Speed Baccarat 2,telecho|telecho|B,1
2026-08-18 04:38:43,Japanese Speed Baccarat 2,telecho|telecho|B,1
2026-08-18 04:52:14,Turbo Baccarat,telecho|telecho|B,1
2026-08-18 05:17:09,Speed Baccarat 5,telecho|telecho|B,0
2026-08-18 05:22:40,Speed Baccarat 9,telecho|telecho|B,1
2026-08-18 05:25:56,Speed Baccarat 15,telecho|nikoichi|P,1
2026-08-18 05:26:23,Indonesian Speed Baccarat 1,niconico|dragon|B,1
2026-08-18 05:59:18,Speed Baccarat 2,telecho|nikoichi|P,0
2026-08-18 06:11:23,Vietnamese Speed Baccarat 2,niconico|nikoichi|B,1
2026-08-18 06:18:48,Speed Baccarat 6,niconico|dragon|B,0
2026-08-18 06:21:53,Speed Baccarat 6,telecho|telecho|B,1
2026-08-18 06:40:41,STAKE SPEED BACCARAT,telecho|telecho|B,1
2026-08-18 06:53:14,Speed Baccarat 3,telecho|nikoichi|P,0
2026-08-18 07:06:20,Speed Baccarat 12,niconico|dragon|B,0
2026-08-18 07:13:33,Korean Speed Baccarat 5,telecho|nikoichi|P,1
2026-08-18 07:16:00,Korean Speed Baccarat 1,telecho|nikoichi|P,1
2026-08-18 07:18:15,Korean Speed Baccarat 3,telecho|nikoichi|P,1
2026-08-18 07:19:09,Baccarat 2,telecho|nikoichi|P,0
2026-08-18 07:28:35,Super 8 Baccarat,telecho|telecho|B,0
2026-08-18 07:35:50,Speed Baccarat 11,telecho|telecho|B,0
2026-08-18 07:42:57,Speed Baccarat 5,telecho|telecho|B,0
2026-08-18 07:50:42,Speed Baccarat 18,telecho|telecho|B,1
2026-08-18 07:51:53,Speed Baccarat 13,telecho|telecho|B,0
2026-08-18 07:53:23,Indonesian Speed Baccarat 2,telecho|nikoichi|P,1
2026-08-18 07:54:32,Speed Baccarat 15,telecho|nikoichi|P,1
2026-08-18 07:58:40,Vietnamese Speed Baccarat 3,niconico|dragon|B,0
2026-08-18 08:15:59,Japanese Speed Baccarat 2,niconico|dragon|B,0
2026-08-18 08:17:07,Indonesian Speed Baccarat 2,telecho|telecho|B,1
2026-08-18 08:18:35,Vietnamese Speed Baccarat 1,telecho|nikoichi|P,0
2026-08-18 08:34:10,Turbo Baccarat,telecho|telecho|B,1
2026-08-18 08:37:11,Speed Baccarat 12,telecho|nikoichi|P,1
2026-08-18 09:18:47,Korean Speed Baccarat 1,niconico|nikoichi|B,0
2026-08-18 09:20:50,Speed Baccarat 11,telecho|nikoichi|P,1
2026-08-18 09:28:23,Korean Speed Baccarat 3,sansan|telecho|P,1
2026-08-18 09:45:00,Baccarat 5,telecho|telecho|B,1
2026-08-18 10:03:43,Korean Baccarat 1,sansan|telecho|P,0
2026-08-18 10:03:53,Thai Speed Baccarat 2,niconico|dragon|B,1
2026-08-18 10:23:00,Speed Baccarat 8,telecho|telecho|B,1
2026-08-18 10:26:06,Speed Baccarat 8,telecho|nikoichi|P,1
2026-08-18 10:31:29,Korean Speed Baccarat 5,telecho|nikoichi|P,0
2026-08-18 10:31:51,Thai Speed Baccarat 2,telecho|nikoichi|P,1
2026-08-18 10:50:08,Speed Baccarat 11,telecho|telecho|B,1
2026-08-18 10:51:04,Speed Baccarat 9,telecho|telecho|B,1
2026-08-18 10:53:38,Thai Speed Baccarat 1,telecho|telecho|B,0
2026-08-18 11:00:19,Thai Speed Baccarat 2,telecho|nikoichi|P,1
2026-08-18 11:13:37,Indonesian Speed Baccarat 2,telecho|telecho|B,1
2026-08-18 11:14:49,Speed Baccarat 13,niconico|dragon|B,0
2026-08-18 11:15:15,Japanese Speed Baccarat 1,niconico|dragon|B,0
2026-08-18 11:49:32,Speed Baccarat 9,telecho|telecho|B,0
2026-08-18 11:59:16,Korean Turbo Baccarat 1,telecho|telecho|B,0
2026-08-18 12:26:06,Speed Baccarat 12,telecho|nikoichi|P,1
2026-08-18 12:28:20,Turbo Baccarat,telecho|telecho|B,0
2026-08-18 12:42:00,Speed Baccarat 15,niconico|nikoichi|B,0
2026-08-18 12:56:06,Korean Speed Baccarat 3,telecho|telecho|B,0
2026-08-18 12:59:04,Thai Baccarat 1,niconico|dragon|B,1
2026-08-18 13:00:05,Thai Speed Baccarat 2,telecho|telecho|B,0
2026-08-18 13:12:52,Speed Baccarat 18,telecho|telecho|B,1
2026-08-18 13:18:30,Chinese Speed Baccarat 3,niconico|nikoichi|P,1
2026-08-18 13:31:22,Korean Speed Baccarat 1,niconico|dragon|B,1
2026-08-18 13:36:58,Speed Baccarat 6,niconico|nikoichi|P,0
2026-08-18 13:37:13,Speed Baccarat 16,niconico|nikoichi|P,0
2026-08-18 13:43:29,Chinese Speed Baccarat 3,niconico|dragon|B,1
2026-08-18 13:43:51,Chinese Speed Baccarat 3,niconico|dragon|B,1
2026-08-18 13:45:40,Speed Baccarat 5,telecho|nikoichi|P,0
2026-08-18 13:51:55,Thai Speed Baccarat 1,telecho|nikoichi|P,0
2026-08-18 13:53:18,Korean Turbo Baccarat 1,niconico|dragon|B,0
2026-08-18 14:12:31,Chinese Speed Baccarat 3,niconico|dragon|B,0
2026-08-18 14:17:00,Baccarat 9,telecho|nikoichi|P,0
2026-08-18 14:19:55,Korean Speed Baccarat 2,telecho|telecho|B,0
2026-08-18 14:28:48,Baccarat 1,telecho|nikoichi|P,1
2026-08-18 14:38:20,Speed Baccarat 13,niconico|nikoichi|P,1
2026-08-18 14:48:11,Korean Turbo Baccarat 1,niconico|dragon|B,1
2026-08-18 14:54:28,Korean Speed Baccarat 3,telecho|nikoichi|P,0
2026-08-18 14:55:15,Korean Speed Baccarat 3,telecho|telecho|B,0
2026-08-18 15:03:52,Speed Baccarat 17,telecho|nikoichi|P,1
2026-08-18 15:05:09,Speed Baccarat 13,telecho|nikoichi|P,0
2026-08-18 15:08:26,Speed Baccarat 17,telecho|nikoichi|P,1
2026-08-18 15:10:39,Korean Turbo Baccarat 1,telecho|nikoichi|P,1
2026-08-18 15:21:39,Japanese Speed Baccarat 1,niconico|dragon|B,0
2026-08-18 15:24:49,Super 8 Baccarat,telecho|telecho|B,0
2026-08-18 15:25:03,Japanese Speed Baccarat 1,telecho|telecho|B,0
2026-08-18 15:27:24,Indonesian Speed Baccarat 1,telecho|telecho|B,1
2026-08-18 15:28:32,Speed Baccarat 12,telecho|telecho|B,0
2026-08-18 15:53:36,Super 8 Baccarat,telecho|nikoichi|P,0
2026-08-18 15:59:20,Speed Baccarat 8,telecho|nikoichi|P,1
2026-08-18 16:11:29,Korean Speed Baccarat 2,telecho|telecho|B,1
2026-08-18 16:14:02,Vietnamese Speed Baccarat 3,niconico|nikoichi|P,0
2026-08-18 16:21:26,Baccarat 1,niconico|nikoichi|B,1
2026-08-18 16:21:51,Korean Speed Baccarat 3,niconico|nikoichi|P,1
2026-08-18 16:40:12,Speed Baccarat 8,telecho|nikoichi|P,0
2026-08-18 16:41:17,Japanese Speed Baccarat 3,telecho|telecho|B,1
2026-08-18 16:43:59,Vietnamese Speed Baccarat 3,telecho|nikoichi|P,0
2026-08-18 16:51:45,Speed Baccarat 2,telecho|telecho|B,1
2026-08-18 17:03:13,Speed Baccarat 8,niconico|nikoichi|P,0
2026-08-18 17:08:00,Korean Turbo Baccarat 1,telecho|telecho|B,1
2026-08-18 17:08:40,Speed Baccarat 11,niconico|dragon|B,1
2026-08-18 17:20:13,Vietnamese Speed Baccarat 3,niconico|dragon|B,0
2026-08-18 17:23:59,Korean Speed Baccarat 1,telecho|nikoichi|P,1
2026-08-18 17:25:45,Speed Baccarat 15,telecho|telecho|B,1
2026-08-18 17:28:09,Speed Baccarat 2,telecho|nikoichi|P,1
2026-08-18 17:35:38,Speed Baccarat 13,sansan|telecho|P,0
2026-08-18 17:42:13,Chinese Speed Baccarat 3,telecho|nikoichi|P,1
2026-08-18 17:55:19,Baccarat 7,telecho|telecho|B,1
2026-08-18 18:14:59,Speed Baccarat 3,niconico|dragon|B,1
2026-08-18 18:23:45,Korean Speed Baccarat 5,telecho|nikoichi|P,0
2026-08-18 18:25:40,Korean Speed Baccarat 5,telecho|telecho|B,0
2026-08-18 18:35:27,Baccarat 7,telecho|nikoichi|P,0
2026-08-18 18:45:23,Speed Baccarat 1,telecho|telecho|B,0
2026-08-18 18:58:54,Baccarat 1,niconico|dragon|B,0
2026-08-18 19:10:09,Indonesian Speed Baccarat 2,niconico|dragon|B,0
2026-08-18 19:11:52,Korean Speed Baccarat 2,telecho|nikoichi|P,1
2026-08-18 19:20:18,Super 8 Baccarat,telecho|telecho|B,0
2026-08-18 19:22:29,Japanese Speed Baccarat 1,telecho|telecho|B,1
2026-08-18 19:28:46,Baccarat 9,telecho|nikoichi|P,1
2026-08-18 19:29:26,Speed Baccarat 16,niconico|dragon|B,0
2026-08-18 19:31:53,Baccarat 9,telecho|telecho|B,1
2026-08-18 19:42:14,Speed Baccarat 3,telecho|telecho|B,1
2026-08-18 19:44:39,Speed Baccarat 3,telecho|nikoichi|P,1
2026-08-18 19:44:55,Speed Baccarat 9,niconico|dragon|B,1
2026-08-18 19:45:07,Speed Baccarat 3,niconico|nikoichi|B,1
2026-08-18 20:11:30,Indonesian Speed Baccarat 1,telecho|telecho|B,0
2026-08-18 20:28:34,Speed Baccarat 16,niconico|dragon|B,1
2026-08-18 20:37:31,Thai Speed Baccarat 2,niconico|dragon|B,0
2026-08-18 21:09:13,Korean Speed Baccarat 1,telecho|telecho|B,0
2026-08-18 21:27:18,Speed Baccarat 12,telecho|nikoichi|P,0
2026-08-18 21:27:29,Japanese Speed Baccarat 2,sansan|telecho|P,1
2026-08-18 21:29:05,Speed Baccarat 13,niconico|nikoichi|B,1
2026-08-18 21:44:35,Speed Baccarat 3,telecho|telecho|B,0
2026-08-18 21:46:00,Speed Baccarat 15,telecho|telecho|B,1
2026-08-18 21:46:48,Speed Baccarat 15,telecho|telecho|B,1
2026-08-18 21:48:08,Vietnamese Speed Baccarat 2,niconico|nikoichi|P,0
2026-08-18 21:52:03,Super 8 Baccarat,telecho|nikoichi|P,1
2026-08-18 21:55:14,Korean Turbo Baccarat 1,telecho|nikoichi|P,1
2026-08-18 21:59:20,Speed Baccarat 6,telecho|telecho|B,0
2026-08-18 22:00:25,Indonesian Speed Baccarat 2,telecho|telecho|B,1
2026-08-18 22:13:33,Thai Baccarat 1,niconico|nikoichi|P,1
2026-08-18 22:16:51,Vietnamese Speed Baccarat 2,niconico|dragon|B,1
2026-08-18 22:19:55,Korean Baccarat 2,niconico|nikoichi|B,0
2026-08-18 22:26:47,Baccarat 9,telecho|telecho|B,0
2026-08-18 22:47:41,Baccarat 6,niconico|nikoichi|P,1
2026-08-18 22:56:15,Speed Baccarat 2,niconico|dragon|B,0
2026-08-18 23:01:27,Korean Speed Baccarat 5,sansan|telecho|P,0
2026-08-18 23:21:08,Fortune 6 Baccarat,niconico|nikoichi|B,1
2026-08-18 23:23:53,Japanese Speed Baccarat 1,niconico|nikoichi|B,0
2026-08-18 23:24:42,Japanese Speed Baccarat 2,telecho|telecho|B,0
2026-08-18 23:28:43,Korean Turbo Baccarat 1,telecho|nikoichi|P,1
2026-08-18 23:32:44,Baccarat 9,telecho|telecho|B,1
2026-08-18 23:47:42,Thai Speed Baccarat 1,telecho|telecho|B,1
2026-08-18 23:59:24,Speed Baccarat 18,niconico|nikoichi|P,0
2026-08-19 00:18:42,Fortune 6 Baccarat,niconico|nikoichi|B,1
2026-08-19 00:19:01,Korean Turbo Baccarat 1,telecho|telecho|B,0
2026-08-19 00:25:17,Speed Baccarat 5,telecho|nikoichi|P,1
2026-08-19 00:28:04,Speed Baccarat 2,telecho|telecho|B,1
2026-08-19 00:42:13,Chinese Speed Baccarat 2,niconico|dragon|B,0
2026-08-19 01:27:39,Thai Speed Baccarat 2,niconico|nikoichi|P,1
2026-08-19 01:56:01,Super 8 Baccarat,telecho|nikoichi|P,0
2026-08-19 01:56:39,Speed Baccarat 12,niconico|dragon|B,1
2026-08-19 02:04:43,Speed Baccarat 1,telecho|nikoichi|P,0
2026-08-19 02:06:19,Speed Baccarat 2,niconico|dragon|B,0
2026-08-19 02:24:38,Vietnamese Speed Baccarat 1,telecho|nikoichi|P,1
2026-08-19 02:29:48,Speed Baccarat 11,niconico|dragon|B,0
2026-08-19 02:32:23,Speed Baccarat 18,niconico|dragon|B,1
2026-08-19 02:35:24,Indonesian Speed Baccarat 1,niconico|dragon|B,0
2026-08-19 02:35:49,Baccarat 5,niconico|dragon|B,1
2026-08-19 02:38:26,Korean Speed Baccarat 2,telecho|telecho|B,0
2026-08-19 02:47:09,Speed Baccarat 5,niconico|dragon|B,1
2026-08-19 02:49:05,Speed Baccarat 6,telecho|telecho|B,0
2026-08-19 02:59:20,Vietnamese Speed Baccarat 1,niconico|nikoichi|P,1
2026-08-19 03:05:26,Speed Baccarat 9,telecho|telecho|B,0
2026-08-19 03:05:52,Korean Turbo Baccarat 1,telecho|telecho|B,1
2026-08-19 03:09:42,Japanese Speed Baccarat 3,telecho|telecho|B,0
2026-08-19 03:20:32,Speed Baccarat 18,telecho|nikoichi|P,1
2026-08-19 03:26:56,Super 8 Baccarat,telecho|nikoichi|P,1
2026-08-19 03:32:30,Baccarat 9,telecho|nikoichi|P,0
2026-08-19 03:56:58,Baccarat 1,telecho|nikoichi|P,1
2026-08-19 04:26:12,STAKE SPEED BACCARAT,niconico|dragon|B,0
2026-08-19 04:32:29,Chinese Speed Baccarat 3,niconico|dragon|B,0
2026-08-19 04:47:04,Japanese Speed Baccarat 3,telecho|telecho|B,0
2026-08-19 04:47:49,Japanese Speed Baccarat 2,telecho|nikoichi|P,1
2026-08-19 05:23:13,Japanese Speed Baccarat 2,telecho|nikoichi|P,1
2026-08-19 05:51:21,Thai Baccarat 1,niconico|dragon|B,0
2026-08-19 05:52:38,Baccarat 1,niconico|dragon|B,1
2026-08-19 05:59:20,Korean Speed Baccarat 3,telecho|telecho|B,1
2026-08-19 06:18:44,Speed Baccarat 11,telecho|nikoichi|P,0
2026-08-19 06:27:02,Speed Baccarat 2,niconico|nikoichi|B,0
2026-08-19 06:29:00,Speed Baccarat 6,niconico|nikoichi|B,1
2026-08-19 06:37:46,Indonesian Speed Baccarat 2,telecho|telecho|B,1
2026-08-19 06:44:58,Speed Baccarat 12,telecho|telecho|B,0
2026-08-19 07:10:19,Super 8 Baccarat,niconico|dragon|B,1
2026-08-19 07:15:01,Fortune 6 Baccarat,telecho|nikoichi|P,0
2026-08-19 07:16:09,Korean Speed Baccarat 1,telecho|nikoichi|P,0
2026-08-19 07:16:21,Speed Baccarat 6,telecho|telecho|B,0
2026-08-19 07:19:08,Speed Baccarat 5,telecho|telecho|B,1
2026-08-19 07:20:00,STAKE SPEED BACCARAT,telecho|nikoichi|P,1
2026-08-19 07:21:11,Thai Speed Baccarat 1,telecho|nikoichi|P,1
2026-08-19 07:25:54,Speed Baccarat 2,niconico|nikoichi|P,0
2026-08-19 07:28:38,Speed Baccarat 8,telecho|nikoichi|P,1
2026-08-19 07:43:48,Baccarat 5,niconico|dragon|B,0
2026-08-19 07:47:05,STAKE SPEED BACCARAT,niconico|nikoichi|P,1
2026-08-19 07:47:50,STAKE SPEED BACCARAT,niconico|nikoichi|B,1
2026-08-19 07:49:26,Speed Baccarat 18,sansan|telecho|P,0
2026-08-19 07:53:04,Super 8 Baccarat,telecho|nikoichi|P,0
2026-08-19 07:59:28,Speed Baccarat 8,telecho|nikoichi|P,1
2026-08-19 08:09:02,Super 8 Baccarat,telecho|telecho|B,1
2026-08-19 08:12:46,Chinese Speed Baccarat 1,telecho|nikoichi|P,1
2026-08-19 08:14:37,Indonesian Speed Baccarat 1,niconico|dragon|B,1
2026-08-19 08:15:40,Speed Baccarat 12,telecho|telecho|B,0
2026-08-19 08:17:06,Speed Baccarat 18,telecho|telecho|B,1
2026-08-19 09:01:06,Baccarat 5,niconico|nikoichi|P,1
2026-08-19 09:01:17,Korean Speed Baccarat 3,telecho|telecho|B,0
2026-08-19 09:10:09,Speed Baccarat 12,telecho|telecho|B,0
2026-08-19 09:12:00,Super 8 Baccarat,niconico|dragon|B,0
2026-08-19 09:16:06,STAKE SPEED BACCARAT,telecho|telecho|B,1
2026-08-19 09:22:51,Thai Baccarat 1,telecho|telecho|B,1
2026-08-19 09:25:30,Indonesian Speed Baccarat 2,niconico|dragon|B,1
2026-08-19 09:27:10,Chinese Speed Baccarat 3,telecho|nikoichi|P,0
2026-08-19 10:01:46,Speed Baccarat 9,telecho|telecho|B,0
2026-08-19 10:06:19,Fortune 6 Baccarat,niconico|nikoichi|P,0
2026-08-19 10:10:46,Baccarat 1,sansan|telecho|P,1
2026-08-19 10:14:22,Speed Baccarat 8,niconico|nikoichi|B,0
2026-08-19 10:30:07,Baccarat 5,niconico|dragon|B,0
2026-08-19 10:43:06,Baccarat 1,niconico|nikoichi|B,0
2026-08-19 10:49:19,Indonesian Speed Baccarat 1,niconico|dragon|B,0
2026-08-19 10:57:18,Korean Turbo Baccarat 1,telecho|nikoichi|P,0
2026-08-19 10:57:54,Speed Baccarat 15,niconico|nikoichi|P,1
2026-08-19 10:58:04,Korean Speed Baccarat 3,niconico|dragon|B,1
2026-08-19 11:02:16,Speed Baccarat 15,niconico|dragon|B,1
2026-08-19 11:04:54,Speed Baccarat 12,niconico|dragon|B,0
2026-08-19 11:06:35,Turbo Baccarat,niconico|nikoichi|B,0
2026-08-19 11:13:01,Speed Baccarat 6,niconico|dragon|B,1
2026-08-19 11:34:23,Korean Speed Baccarat 5,niconico|nikoichi|B,0
2026-08-19 11:41:03,Chinese Speed Baccarat 1,telecho|nikoichi|P,0
2026-08-19 12:02:29,Thai Speed Baccarat 2,telecho|nikoichi|P,1
2026-08-19 12:16:45,Speed Baccarat 2,telecho|telecho|B,0
2026-08-19 12:26:07,Chinese Speed Baccarat 3,telecho|nikoichi|P,0
2026-08-19 12:54:00,Turbo Baccarat,niconico|nikoichi|B,1
2026-08-19 12:54:11,Baccarat 6,telecho|telecho|B,1
2026-08-19 12:58:46,Thai Speed Baccarat 2,niconico|dragon|B,0
2026-08-19 13:13:27,Speed Baccarat 11,telecho|nikoichi|P,0
2026-08-19 13:19:50,Japanese Speed Baccarat 1,telecho|nikoichi|P,0
2026-08-19 13:30:50,Korean Speed Baccarat 5,niconico|dragon|B,1
2026-08-19 13:32:11,Korean Speed Baccarat 1,telecho|nikoichi|P,0
2026-08-19 13:57:46,Vietnamese Speed Baccarat 1,niconico|nikoichi|P,0
2026-08-19 14:16:54,Indonesian Speed Baccarat 2,telecho|telecho|B,0
2026-08-19 14:21:58,Korean Speed Baccarat 3,telecho|telecho|B,1
2026-08-19 14:29:59,Indonesian Speed Baccarat 1,niconico|dragon|B,0
2026-08-19 14:36:46,Speed Baccarat 13,telecho|nikoichi|P,0
2026-08-19 14:38:38,Speed Baccarat 8,telecho|nikoichi|P,1
2026-08-19 14:41:43,Korean Speed Baccarat 2,telecho|telecho|B,1
2026-08-19 14:58:59,Vietnamese Speed Baccarat 1,niconico|nikoichi|P,1
2026-08-19 15:08:30,Chinese Speed Baccarat 1,telecho|telecho|B,0
2026-08-19 15:14:27,Korean Baccarat 1,niconico|nikoichi|P,0
2026-08-19 15:24:01,Baccarat 7,telecho|nikoichi|P,0
2026-08-19 15:41:55,Speed Baccarat 6,telecho|nikoichi|P,1
2026-08-19 15:47:12,Vietnamese Speed Baccarat 3,telecho|telecho|B,0
2026-08-19 15:47:26,Super 8 Baccarat,niconico|nikoichi|P,0
2026-08-19 15:49:43,Baccarat 2,niconico|nikoichi|B,1
2026-08-19 15:54:28,Japanese Speed Baccarat 1,telecho|telecho|B,0
2026-08-19 16:12:45,Baccarat 7,telecho|telecho|B,1
2026-08-19 16:20:20,Indonesian Speed Baccarat 2,telecho|telecho|B,0
2026-08-19 16:21:53,Chinese Speed Baccarat 3,telecho|telecho|B,1
2026-08-19 16:33:32,Speed Baccarat 9,telecho|telecho|B,1
2026-08-19 16:34:37,Speed Baccarat 1,telecho|nikoichi|P,1
2026-08-19 16:44:24,Super 8 Baccarat,telecho|telecho|B,0
2026-08-19 16:47:41,Speed Baccarat 5,niconico|dragon|B,1
2026-08-19 16:54:43,Fortune 6 Baccarat,telecho|telecho|B,1
2026-08-19 17:01:07,Speed Baccarat 1,telecho|telecho|B,1
2026-08-19 17:19:54,Thai Speed Baccarat 1,telecho|telecho|B,1
2026-08-19 18:09:50,Thai Speed Baccarat 2,telecho|telecho|B,1
2026-08-19 18:17:06,Chinese Speed Baccarat 2,telecho|nikoichi|P,1
2026-08-19 18:19:12,Vietnamese Speed Baccarat 3,niconico|nikoichi|B,0
2026-08-19 18:19:25,Speed Baccarat 3,niconico|dragon|B,0
2026-08-19 18:20:14,Baccarat 1,telecho|nikoichi|P,1
2026-08-19 18:42:29,Chinese Speed Baccarat 2,telecho|telecho|B,1
2026-08-19 19:06:13,Speed Baccarat 9,niconico|nikoichi|P,1
2026-08-19 19:14:35,Baccarat 5,niconico|nikoichi|B,0
2026-08-19 19:23:58,Korean Speed Baccarat 2,niconico|dragon|B,0
2026-08-19 19:24:16,Speed Baccarat 13,telecho|nikoichi|P,0
2026-08-19 19:32:33,STAKE SPEED BACCARAT,telecho|telecho|B,1
2026-08-19 19:37:22,Baccarat 2,niconico|nikoichi|B,0
2026-08-19 19:49:42,Turbo Baccarat,niconico|nikoichi|B,0
2026-08-19 19:53:38,Speed Baccarat 13,telecho|telecho|B,1
2026-08-19 20:07:07,Chinese Speed Baccarat 1,telecho|telecho|B,0
2026-08-19 20:08:08,Japanese Speed Baccarat 2,telecho|telecho|B,0
2026-08-19 20:08:33,Baccarat 2,niconico|nikoichi|B,1
2026-08-19 20:11:44,Korean Turbo Baccarat 1,telecho|nikoichi|P,0
2026-08-19 20:21:36,Fortune 6 Baccarat,niconico|dragon|B,1
2026-08-19 20:49:14,Chinese Speed Baccarat 3,niconico|nikoichi|P,1
2026-08-19 21:12:19,Thai Speed Baccarat 1,sansan|telecho|P,0
2026-08-19 21:12:42,Japanese Speed Baccarat 3,telecho|nikoichi|P,0
2026-08-19 21:18:22,Speed Baccarat 12,niconico|dragon|B,0
2026-08-19 21:20:07,Super 8 Baccarat,niconico|dragon|B,0
2026-08-19 21:39:29,Chinese Speed Baccarat 1,niconico|dragon|B,1
2026-08-19 22:12:31,Chinese Speed Baccarat 2,niconico|dragon|B,0
2026-08-19 22:34:53,Indonesian Speed Baccarat 2,niconico|nikoichi|B,1
2026-08-19 22:48:34,Speed Baccarat 13,telecho|telecho|B,0
2026-08-19 22:48:48,Korean Speed Baccarat 1,telecho|nikoichi|P,1
2026-08-19 22:53:15,Korean Speed Baccarat 2,niconico|nikoichi|B,0
2026-08-19 22:53:46,Speed Baccarat 16,niconico|nikoichi|P,0
2026-08-19 22:55:40,Thai Baccarat 1,niconico|nikoichi|B,1
2026-08-19 23:12:17,Turbo Baccarat,telecho|telecho|B,1
2026-08-19 23:34:25,Speed Baccarat 9,telecho|telecho|B,1
2026-08-19 23:35:16,Speed Baccarat 9,telecho|telecho|B,1
2026-08-19 23:36:53,Speed Baccarat 8,niconico|nikoichi|P,1
2026-08-19 23:51:13,Thai Speed Baccarat 2,telecho|telecho|B,1
2026-08-19 23:52:48,Vietnamese Speed Baccarat 3,telecho|telecho|B,0
2026-08-20 00:01:13,Korean Turbo Baccarat 1,telecho|telecho|B,0
2026-08-20 00:15:51,Speed Baccarat 13,niconico|dragon|B,1
2026-08-20 00:20:26,Vietnamese Speed Baccarat 1,telecho|telecho|B,0
2026-08-20 00:36:47,Chinese Speed Baccarat 1,telecho|nikoichi|P,0
2026-08-20 00:53:53,Baccarat 6,niconico|dragon|B,0
2026-08-20 01:07:14,Speed Baccarat 1,niconico|dragon|B,1
2026-08-20 01:11:50,Speed Baccarat 1,niconico|nikoichi|P,0
2026-08-20 01:11:58,Speed Baccarat 15,telecho|telecho|B,1
2026-08-20 01:18:26,Thai Baccarat 1,telecho|nikoichi|P,1
2026-08-20 01:33:08,Speed Baccarat 18,telecho|telecho|B,0
2026-08-20 01:41:07,Baccarat 6,niconico|dragon|B,0
2026-08-20 01:44:51,Fortune 6 Baccarat,telecho|nikoichi|P,0
2026-08-20 01:47:05,Thai Speed Baccarat 2,niconico|nikoichi|B,0
2026-08-20 01:49:50,Baccarat 9,telecho|nikoichi|P,1
2026-08-20 02:09:36,Korean Speed Baccarat 5,telecho|nikoichi|P,1
2026-08-20 02:31:41,Speed Baccarat 15,niconico|nikoichi|B,1
2026-08-20 02:33:54,Speed Baccarat 6,telecho|telecho|B,1
2026-08-20 02:37:13,Korean Baccarat 1,telecho|telecho|B,0
2026-08-20 02:41:30,Thai Speed Baccarat 2,telecho|nikoichi|P,1
2026-08-20 02:45:28,Super 8 Baccarat,niconico|dragon|B,1
2026-08-20 02:57:45,Speed Baccarat 15,telecho|telecho|B,1
2026-08-20 03:14:12,Indonesian Speed Baccarat 1,niconico|nikoichi|P,1
2026-08-20 03:18:53,Indonesian Speed Baccarat 1,niconico|nikoichi|B,1
2026-08-20 03:29:50,Speed Baccarat 9,telecho|telecho|B,1
2026-08-20 03:38:22,Korean Turbo Baccarat 1,niconico|nikoichi|B,0
2026-08-20 04:05:13,Speed Baccarat 8,niconico|nikoichi|B,1
2026-08-20 04:08:04,Korean Speed Baccarat 2,telecho|nikoichi|P,0
2026-08-20 04:08:13,Thai Speed Baccarat 2,telecho|nikoichi|P,1
2026-08-20 04:08:47,Speed Baccarat 5,telecho|telecho|B,0
2026-08-20 04:16:08,Chinese Speed Baccarat 3,telecho|telecho|B,0
2026-08-20 04:17:57,Korean Speed Baccarat 3,telecho|telecho|B,1
2026-08-20 04:41:53,Speed Baccarat 11,telecho|telecho|B,0
2026-08-20 04:54:49,Thai Baccarat 1,telecho|nikoichi|P,0
2026-08-20 04:59:35,Speed Baccarat 8,niconico|nikoichi|P,0
2026-08-20 05:06:26,Speed Baccarat 3,telecho|nikoichi|P,1
2026-08-20 05:09:25,Chinese Speed Baccarat 1,niconico|nikoichi|P,1
2026-08-20 05:10:23,Vietnamese Speed Baccarat 1,niconico|nikoichi|B,1
2026-08-20 05:17:01,Vietnamese Speed Baccarat 3,telecho|telecho|B,1
2026-08-20 05:18:42,Super 8 Baccarat,sansan|telecho|P,0
2026-08-20 05:18:52,Japanese Speed Baccarat 1,sansan|telecho|P,1
2026-08-20 05:30:20,Speed Baccarat 13,telecho|nikoichi|P,1
2026-08-20 05:38:27,Speed Baccarat 11,telecho|telecho|B,0
2026-08-20 05:39:38,Japanese Speed Baccarat 3,telecho|telecho|B,1
2026-08-20 05:41:45,Japanese Speed Baccarat 3,sansan|telecho|P,0
2026-08-20 05:43:03,Fortune 6 Baccarat,niconico|nikoichi|B,0
2026-08-20 05:48:45,Baccarat 5,niconico|nikoichi|P,1
2026-08-20 06:18:36,Korean Turbo Baccarat 1,niconico|nikoichi|P,0
2026-08-20 06:31:47,Korean Speed Baccarat 5,telecho|telecho|B,1
2026-08-20 06:32:42,Korean Speed Baccarat 5,telecho|telecho|B,1
2026-08-20 06:46:57,Super 8 Baccarat,niconico|nikoichi|B,0
2026-08-20 07:08:55,Korean Speed Baccarat 5,telecho|nikoichi|P,0
2026-08-20 07:30:26,Korean Baccarat 2,telecho|telecho|B,0
2026-08-20 07:32:23,Fortune 6 Baccarat,telecho|telecho|B,0
2026-08-20 07:39:31,Speed Baccarat 12,telecho|nikoichi|P,0
2026-08-20 08:20:41,Korean Baccarat 1,telecho|nikoichi|P,1
2026-08-20 08:30:13,STAKE SPEED BACCARAT,telecho|telecho|B,0
2026-08-20 08:30:51,Speed Baccarat 18,telecho|telecho|B,1
2026-08-20 08:33:13,Speed Baccarat 18,telecho|nikoichi|P,1
2026-08-20 08:37:47,Speed Baccarat 18,telecho|nikoichi|P,0
2026-08-20 08:48:10,Turbo Baccarat,telecho|telecho|B,0
2026-08-20 08:59:13,Indonesian Speed Baccarat 1,telecho|telecho|B,0
2026-08-20 08:59:27,Speed Baccarat 1,niconico|nikoichi|B,1
2026-08-20 09:34:24,Korean Turbo Baccarat 1,telecho|telecho|B,1
2026-08-20 09:48:58,Speed Baccarat 13,telecho|telecho|B,0
2026-08-20 10:01:16,Speed Baccarat 5,niconico|nikoichi|B,1
2026-08-20 10:36:38,Vietnamese Speed Baccarat 3,telecho|telecho|B,0
2026-08-20 10:43:27,Chinese Speed Baccarat 1,niconico|nikoichi|P,1
2026-08-20 10:44:21,Thai Baccarat 1,niconico|nikoichi|P,0
2026-08-20 10:48:51,Chinese Speed Baccarat 3,telecho|nikoichi|P,1
2026-08-20 10:53:30,Speed Baccarat 6,telecho|nikoichi|P,0
2026-08-20 11:14:04,Chinese Speed Baccarat 3,telecho|nikoichi|P,0
2026-08-20 11:26:23,Speed Baccarat 6,niconico|nikoichi|B,0
2026-08-20 11:29:45,Baccarat 6,niconico|nikoichi|P,1
2026-08-20 11:36:33,Turbo Baccarat,telecho|nikoichi|P,0
2026-08-20 11:53:46,Japanese Speed Baccarat 3,telecho|telecho|B,1
2026-08-20 12:04:45,Speed Baccarat 15,niconico|dragon|B,1
2026-08-20 12:13:05,Baccarat 1,telecho|nikoichi|P,0
2026-08-20 12:24:33,Speed Baccarat 6,niconico|nikoichi|P,1
2026-08-20 12:38:56,Speed Baccarat 13,niconico|dragon|B,0
2026-08-20 12:41:35,Korean Speed Baccarat 5,telecho|telecho|B,0
2026-08-20 12:50:47,Korean Speed Baccarat 1,telecho|nikoichi|P,1
2026-08-20 12:56:00,STAKE SPEED BACCARAT,niconico|dragon|B,1
2026-08-20 13:05:50,Japanese Speed Baccarat 1,sansan|telecho|P,1
2026-08-20 13:10:37,Korean Speed Baccarat 5,telecho|nikoichi|P,1
2026-08-20 13:16:09,Japanese Speed Baccarat 2,telecho|nikoichi|P,0
2026-08-20 13:17:47,Thai Baccarat 1,telecho|nikoichi|P,0
2026-08-20 13:19:46,Fortune 6 Baccarat,telecho|telecho|B,1
2026-08-20 13:20:56,Korean Speed Baccarat 3,niconico|nikoichi|B,0
2026-08-20 13:24:20,Fortune 6 Baccarat,telecho|telecho|B,1
2026-08-20 13:27:23,Fortune 6 Baccarat,telecho|nikoichi|P,1
2026-08-20 13:48:22,Korean Speed Baccarat 2,telecho|telecho|B,1
2026-08-20 13:52:28,Korean Speed Baccarat 1,niconico|nikoichi|B,0
2026-08-20 13:52:51,Indonesian Speed Baccarat 2,niconico|dragon|B,1
2026-08-20 13:53:02,Speed Baccarat 15,niconico|dragon|B,1
2026-08-20 14:02:34,Korean Baccarat 2,niconico|nikoichi|B,1
2026-08-20 14:06:03,Speed Baccarat 17,telecho|nikoichi|P,0
2026-08-20 14:14:08,Japanese Speed Baccarat 2,telecho|telecho|B,0
2026-08-20 14:18:09,Japanese Speed Baccarat 3,telecho|telecho|B,1
2026-08-20 14:18:37,Indonesian Speed Baccarat 1,niconico|nikoichi|P,0
2026-08-20 14:27:52,Speed Baccarat 18,telecho|telecho|B,0
2026-08-20 14:39:13,Speed Baccarat 16,telecho|nikoichi|P,1
2026-08-20 14:40:13,Korean Speed Baccarat 5,telecho|nikoichi|P,0
2026-08-20 14:43:57,Chinese Speed Baccarat 3,niconico|dragon|B,1
2026-08-20 14:51:35,Baccarat 7,telecho|nikoichi|P,1
2026-08-20 14:56:09,Speed Baccarat 2,telecho|telecho|B,1
2026-08-20 15:10:02,Baccarat 6,niconico|dragon|B,1
2026-08-20 15:25:51,Japanese Speed Baccarat 2,telecho|telecho|B,1
2026-08-20 15:27:34,Speed Baccarat 9,telecho|nikoichi|P,0
2026-08-20 15:29:36,Vietnamese Speed Baccarat 2,telecho|telecho|B,1
2026-08-20 15:30:57,Korean Baccarat 1,telecho|nikoichi|P,0
2026-08-20 16:10:41,Chinese Speed Baccarat 2,niconico|dragon|B,0
2026-08-20 16:21:04,Speed Baccarat 6,niconico|dragon|B,1
2026-08-20 16:21:33,Korean Turbo Baccarat 1,niconico|dragon|B,1
2026-08-20 16:22:17,Vietnamese Speed Baccarat 3,telecho|telecho|B,1
2026-08-20 16:24:06,Speed Baccarat 5,telecho|nikoichi|P,1
2026-08-20 16:24:18,Vietnamese Speed Baccarat 3,telecho|telecho|B,1
2026-08-20 16:28:16,Super 8 Baccarat,telecho|nikoichi|P,1
2026-08-20 16:38:04,Chinese Speed Baccarat 2,telecho|nikoichi|P,0
2026-08-20 16:38:52,Chinese Speed Baccarat 3,telecho|telecho|B,0
2026-08-20 16:43:49,Thai Speed Baccarat 1,niconico|nikoichi|B,1
2026-08-20 16:48:08,Speed Baccarat 11,telecho|telecho|B,0
2026-08-20 16:56:52,Super 8 Baccarat,telecho|telecho|B,1
2026-08-20 17:00:32,Speed Baccarat 12,niconico|dragon|B,0
2026-08-20 17:08:11,Baccarat 6,niconico|dragon|B,1
2026-08-20 17:37:31,STAKE SPEED BACCARAT,telecho|nikoichi|P,0
2026-08-20 17:48:59,Baccarat 9,telecho|telecho|B,1
2026-08-20 18:00:17,Speed Baccarat 1,telecho|telecho|B,1
2026-08-20 18:08:34,Speed Baccarat 16,niconico|dragon|B,0
2026-08-20 18:10:58,Speed Baccarat 5,niconico|dragon|B,1
2026-08-20 18:13:23,Japanese Speed Baccarat 1,telecho|telecho|B,0
2026-08-20 18:13:35,Speed Baccarat 13,niconico|dragon|B,1
2026-08-20 18:19:33,Korean Turbo Baccarat 1,niconico|dragon|B,1
2026-08-20 18:20:24,Fortune 6 Baccarat,telecho|nikoichi|P,0
2026-08-20 18:21:11,Fortune 6 Baccarat,telecho|telecho|B,1
2026-08-20 18:37:46,Thai Speed Baccarat 2,telecho|nikoichi|P,0
2026-08-20 18:40:04,Speed Baccarat 17,telecho|telecho|B,1
2026-08-20 18:41:37,Baccarat 7,niconico|dragon|B,0
2026-08-20 18:53:25,Korean Speed Baccarat 1,telecho|telecho|B,1
2026-08-20 19:04:15,Baccarat 6,telecho|telecho|B,1
2026-08-20 19:06:18,Baccarat 1,telecho|nikoichi|P,0
2026-08-20 19:40:31,Speed Baccarat 9,telecho|telecho|B,0
2026-08-20 19:42:33,Japanese Speed Baccarat 2,telecho|telecho|B,1
2026-08-20 19:56:25,Baccarat 7,telecho|telecho|B,1
2026-08-20 20:43:46,Vietnamese Speed Baccarat 3,telecho|telecho|B,1
2026-08-20 20:46:06,Speed Baccarat 3,telecho|telecho|B,1
2026-08-20 21:01:39,Indonesian Speed Baccarat 2,telecho|nikoichi|P,1
2026-08-20 21:14:50,Speed Baccarat 11,telecho|nikoichi|P,0
2026-08-20 21:28:45,Vietnamese Speed Baccarat 1,niconico|dragon|B,1
2026-08-20 21:54:01,Baccarat 5,niconico|nikoichi|B,1
2026-08-20 22:22:04,Thai Speed Baccarat 1,telecho|telecho|B,1
2026-08-20 22:24:22,Thai Speed Baccarat 1,telecho|nikoichi|P,0
2026-08-20 22:42:08,Vietnamese Speed Baccarat 3,telecho|telecho|B,0
2026-08-20 22:47:02,Japanese Speed Baccarat 3,niconico|nikoichi|P,0
2026-08-20 22:57:12,Fortune 6 Baccarat,niconico|dragon|B,1
2026-08-20 22:59:35,Baccarat 9,niconico|dragon|B,1
2026-08-20 23:01:11,Korean Turbo Baccarat 1,niconico|dragon|B,1
2026-08-20 23:06:04,Japanese Speed Baccarat 3,telecho|nikoichi|P,1
2026-08-20 23:09:22,Korean Turbo Baccarat 1,niconico|dragon|B,0
2026-08-20 23:18:42,Speed Baccarat 8,niconico|nikoichi|P,1
2026-08-20 23:21:45,Speed Baccarat 9,telecho|nikoichi|P,1
2026-08-20 23:24:21,Baccarat 6,niconico|nikoichi|P,1
2026-08-20 23:59:31,Thai Baccarat 1,telecho|nikoichi|P,1
2026-08-21 00:01:24,Speed Baccarat 13,telecho|telecho|B,1
2026-08-21 00:13:23,Korean Turbo Baccarat 1,niconico|nikoichi|P,1
2026-08-21 00:25:54,Korean Speed Baccarat 1,telecho|telecho|B,1
2026-08-21 00:31:38,STAKE SPEED BACCARAT,telecho|telecho|B,0
2026-08-21 00:35:46,Korean Speed Baccarat 1,telecho|telecho|B,1
2026-08-21 00:52:46,Vietnamese Speed Baccarat 1,telecho|telecho|B,1
2026-08-21 00:54:52,Super 8 Baccarat,niconico|dragon|B,1
2026-08-21 00:56:59,Speed Baccarat 8,telecho|telecho|B,1
2026-08-21 00:59:19,Vietnamese Speed Baccarat 2,telecho|nikoichi|P,1
2026-08-21 01:12:20,Chinese Speed Baccarat 2,telecho|telecho|B,0
2026-08-21 01:24:10,Indonesian Speed Baccarat 2,telecho|nikoichi|P,0
2026-08-21 01:26:50,Vietnamese Speed Baccarat 2,telecho|telecho|B,0
2026-08-21 01:44:39,Korean Baccarat 1,niconico|nikoichi|B,0
2026-08-21 01:51:58,Indonesian Speed Baccarat 1,telecho|telecho|B,0
2026-08-21 01:53:03,Vietnamese Speed Baccarat 1,niconico|nikoichi|P,1
2026-08-21 01:57:42,Vietnamese Speed Baccarat 1,niconico|nikoichi|B,0
2026-08-21 02:00:16,Speed Baccarat 18,telecho|telecho|B,1
2026-08-21 02:03:36,Japanese Speed Baccarat 3,niconico|nikoichi|B,1
2026-08-21 02:04:37,Baccarat 5,telecho|telecho|B,1
2026-08-21 02:06:38,Chinese Speed Baccarat 2,telecho|telecho|B,0
2026-08-21 02:07:51,Korean Baccarat 2,niconico|dragon|B,0
2026-08-21 02:18:25,Korean Baccarat 1,telecho|nikoichi|P,0
2026-08-21 03:17:16,Korean Baccarat 2,niconico|nikoichi|B,0
2026-08-21 03:24:43,Speed Baccarat 13,telecho|telecho|B,1
2026-08-21 03:29:23,Vietnamese Speed Baccarat 2,telecho|telecho|B,0
2026-08-21 03:41:11,Korean Baccarat 1,sansan|telecho|P,1
2026-08-21 03:41:26,Chinese Speed Baccarat 1,telecho|nikoichi|P,1
2026-08-21 03:50:52,Chinese Speed Baccarat 3,telecho|telecho|B,0
2026-08-21 03:51:03,Indonesian Speed Baccarat 2,niconico|dragon|B,0
2026-08-21 04:24:02,Baccarat 6,niconico|nikoichi|B,1
2026-08-21 04:43:57,Chinese Speed Baccarat 2,niconico|nikoichi|P,0
2026-08-21 04:57:23,Baccarat 6,niconico|dragon|B,0
2026-08-21 05:02:30,Thai Baccarat 1,telecho|telecho|B,0
2026-08-21 05:07:41,Chinese Speed Baccarat 1,telecho|nikoichi|P,1
2026-08-21 05:10:20,Speed Baccarat 3,telecho|nikoichi|P,1
2026-08-21 05:18:03,Super 8 Baccarat,niconico|dragon|B,1
2026-08-21 05:19:02,Speed Baccarat 1,niconico|dragon|B,0
2026-08-21 05:19:56,Speed Baccarat 2,niconico|dragon|B,0
2026-08-21 05:34:25,Speed Baccarat 6,telecho|nikoichi|P,0
2026-08-21 05:39:31,Speed Baccarat 1,telecho|telecho|B,1
2026-08-21 05:50:38,Speed Baccarat 2,niconico|dragon|B,0
2026-08-21 06:18:55,Speed Baccarat 9,niconico|nikoichi|B,1
2026-08-21 06:23:06,Korean Speed Baccarat 5,telecho|telecho|B,0
2026-08-21 06:26:20,Speed Baccarat 18,telecho|telecho|B,0
2026-08-21 06:26:45,Super 8 Baccarat,telecho|telecho|B,1
2026-08-21 06:35:51,Speed Baccarat 1,telecho|telecho|B,0
2026-08-21 06:38:44,Korean Turbo Baccarat 1,telecho|telecho|B,0
2026-08-21 06:38:59,Fortune 6 Baccarat,niconico|nikoichi|B,0
2026-08-21 06:53:31,Speed Baccarat 9,telecho|nikoichi|P,1
2026-08-21 06:55:30,Speed Baccarat 9,niconico|nikoichi|B,1
2026-08-21 07:01:39,Baccarat 5,telecho|telecho|B,0
2026-08-21 07:21:07,Speed Baccarat 2,telecho|telecho|B,0
2026-08-21 07:24:03,Speed Baccarat 18,niconico|nikoichi|B,0
2026-08-21 07:27:33,Baccarat 6,telecho|nikoichi|P,1
2026-08-21 07:37:10,Speed Baccarat 15,telecho|nikoichi|P,0
2026-08-21 07:38:06,Speed Baccarat 15,telecho|telecho|B,0
2026-08-21 07:41:17,Speed Baccarat 12,telecho|telecho|B,1
2026-08-21 07:57:39,Chinese Speed Baccarat 3,niconico|dragon|B,1
2026-08-21 08:02:49,Fortune 6 Baccarat,telecho|telecho|B,0
2026-08-21 08:06:18,Speed Baccarat 6,telecho|telecho|B,0
2026-08-21 08:19:24,Thai Speed Baccarat 1,telecho|telecho|B,1
2026-08-21 08:22:59,Japanese Speed Baccarat 1,niconico|nikoichi|P,0
2026-08-21 08:23:07,Korean Baccarat 2,telecho|nikoichi|P,1
2026-08-21 08:40:36,Baccarat 2,sansan|telecho|P,0
2026-08-21 08:41:55,Chinese Speed Baccarat 1,telecho|telecho|B,1
2026-08-21 08:42:04,Speed Baccarat 12,telecho|telecho|B,1
2026-08-21 08:43:37,Speed Baccarat 9,telecho|nikoichi|P,0
2026-08-21 08:52:25,Korean Speed Baccarat 5,niconico|nikoichi|B,1
2026-08-21 08:52:47,Korean Speed Baccarat 5,niconico|nikoichi|P,1
2026-08-21 08:55:03,Thai Speed Baccarat 1,telecho|nikoichi|P,0
2026-08-21 09:02:38,Japanese Speed Baccarat 1,telecho|telecho|B,0
2026-08-21 09:06:57,Indonesian Speed Baccarat 1,telecho|telecho|B,1
2026-08-21 09:09:44,Speed Baccarat 9,telecho|nikoichi|P,1
2026-08-21 09:20:55,Vietnamese Speed Baccarat 2,telecho|telecho|B,1
2026-08-21 09:22:45,Speed Baccarat 13,niconico|dragon|B,1
2026-08-21 09:24:23,Vietnamese Speed Baccarat 1,telecho|telecho|B,1
2026-08-21 09:28:56,Turbo Baccarat,sansan|telecho|P,0
2026-08-21 09:31:55,STAKE SPEED BACCARAT,telecho|telecho|B,1
2026-08-21 09:52:57,Speed Baccarat 18,telecho|nikoichi|P,1
2026-08-21 10:00:54,Speed Baccarat 5,sansan|telecho|P,0
2026-08-21 10:01:11,Speed Baccarat 11,telecho|telecho|B,1
2026-08-21 10:05:07,Korean Speed Baccarat 2,telecho|telecho|B,1
2026-08-21 10:05:20,Korean Speed Baccarat 1,telecho|telecho|B,0
2026-08-21 10:08:13,Turbo Baccarat,telecho|nikoichi|P,0
2026-08-21 10:23:17,Speed Baccarat 13,niconico|nikoichi|B,1
2026-08-21 10:27:19,Chinese Speed Baccarat 3,telecho|nikoichi|P,0
2026-08-21 10:38:04,Korean Turbo Baccarat 1,niconico|nikoichi|B,0
2026-08-21 10:40:56,Baccarat 1,telecho|telecho|B,0
2026-08-21 10:59:29,Chinese Speed Baccarat 3,niconico|nikoichi|B,1
2026-08-21 11:00:25,Thai Speed Baccarat 2,telecho|telecho|B,0
2026-08-21 11:10:51,Speed Baccarat 3,telecho|nikoichi|P,1
2026-08-21 11:14:38,Speed Baccarat 2,niconico|nikoichi|P,0
2026-08-21 11:19:36,Speed Baccarat 18,telecho|nikoichi|P,1
2026-08-21 11:26:04,Korean Speed Baccarat 3,telecho|telecho|B,1
2026-08-21 11:30:13,Korean Baccarat 2,telecho|telecho|B,1
2026-08-21 11:39:48,Turbo Baccarat,niconico|nikoichi|P,0
2026-08-21 11:46:54,Speed Baccarat 13,telecho|nikoichi|P,1
2026-08-21 11:57:24,Thai Speed Baccarat 2,telecho|nikoichi|P,0
2026-08-21 12:19:23,Speed Baccarat 13,telecho|telecho|B,0
2026-08-21 12:33:12,Super 8 Baccarat,niconico|dragon|B,0
2026-08-21 12:34:49,Indonesian Speed Baccarat 2,telecho|nikoichi|P,1
2026-08-21 12:40:37,Japanese Speed Baccarat 1,sansan|telecho|P,1
2026-08-21 12:43:20,Turbo Baccarat,telecho|telecho|B,0
2026-08-21 12:53:12,Speed Baccarat 8,telecho|telecho|B,1
2026-08-21 13:22:44,Vietnamese Speed Baccarat 1,telecho|nikoichi|P,1
2026-08-21 13:22:59,Japanese Speed Baccarat 3,niconico|nikoichi|P,0
2026-08-21 13:31:42,Speed Baccarat 15,telecho|nikoichi|P,0
2026-08-21 13:35:24,Baccarat 2,telecho|telecho|B,1
2026-08-21 13:39:16,Speed Baccarat 8,telecho|telecho|B,1
2026-08-21 13:45:11,Thai Speed Baccarat 1,niconico|nikoichi|P,1
2026-08-21 14:00:47,Korean Baccarat 1,telecho|nikoichi|P,1
2026-08-21 14:02:37,Korean Speed Baccarat 5,telecho|telecho|B,1
2026-08-21 14:08:24,Speed Baccarat 3,sansan|telecho|P,0
2026-08-21 14:15:01,Vietnamese Speed Baccarat 1,niconico|nikoichi|P,0
2026-08-21 14:20:42,Baccarat 7,telecho|telecho|B,0
2026-08-21 14:27:36,Speed Baccarat 15,niconico|dragon|B,0
2026-08-21 14:29:15,Indonesian Speed Baccarat 1,niconico|dragon|B,0
2026-08-21 14:37:05,Thai Speed Baccarat 1,telecho|telecho|B,0
2026-08-21 14:47:31,Speed Baccarat 6,telecho|nikoichi|P,1
2026-08-21 14:54:00,Vietnamese Speed Baccarat 2,niconico|nikoichi|P,1
2026-08-21 14:54:30,Fortune 6 Baccarat,niconico|nikoichi|P,1
2026-08-21 14:59:46,Fortune 6 Baccarat,niconico|dragon|B,0
2026-08-21 15:00:47,Indonesian Speed Baccarat 2,telecho|telecho|B,0
2026-08-21 15:06:09,Japanese Speed Baccarat 1,telecho|telecho|B,0
2026-08-21 15:10:37,Thai Speed Baccarat 1,niconico|dragon|B,1
2026-08-21 15:15:31,Vietnamese Speed Baccarat 3,sansan|telecho|P,1
2026-08-21 15:20:57,Baccarat 2,telecho|nikoichi|P,1
2026-08-21 15:25:08,Speed Baccarat 5,telecho|nikoichi|P,0
2026-08-21 15:47:37,Vietnamese Speed Baccarat 1,niconico|nikoichi|P,0
2026-08-21 15:51:56,Japanese Speed Baccarat 3,telecho|nikoichi|P,0
2026-08-21 16:07:32,Korean Speed Baccarat 2,telecho|nikoichi|P,0
2026-08-21 16:08:15,Korean Speed Baccarat 2,telecho|telecho|B,0
2026-08-21 16:28:19,Super 8 Baccarat,telecho|telecho|B,0
2026-08-21 16:29:09,Korean Turbo Baccarat 1,niconico|dragon|B,1
2026-08-21 16:29:32,Baccarat 5,telecho|telecho|B,1
2026-08-21 16:29:55,Speed Baccarat 9,telecho|telecho|B,1
2026-08-21 16:41:33,Vietnamese Speed Baccarat 3,telecho|telecho|B,1
2026-08-21 16:45:07,Baccarat 7,telecho|telecho|B,0
2026-08-21 16:49:43,Vietnamese Speed Baccarat 2,niconico|dragon|B,1
2026-08-21 16:59:46,Super 8 Baccarat,telecho|telecho|B,1
2026-08-21 17:09:58,Korean Turbo Baccarat 1,niconico|dragon|B,0
2026-08-21 17:15:44,Baccarat 2,telecho|telecho|B,1
2026-08-21 17:16:43,Baccarat 2,telecho|telecho|B,1
2026-08-21 17:20:10,Speed Baccarat 12,telecho|nikoichi|P,1
2026-08-21 17:20:33,Speed Baccarat 12,niconico|nikoichi|B,1
2026-08-21 17:23:43,Speed Baccarat 5,telecho|nikoichi|P,1
2026-08-21 17:25:05,Chinese Speed Baccarat 3,telecho|nikoichi|P,0
2026-08-21 17:25:37,Thai Speed Baccarat 1,telecho|nikoichi|P,0
2026-08-21 17:28:46,Indonesian Speed Baccarat 2,telecho|telecho|B,0
2026-08-21 17:33:27,Korean Speed Baccarat 5,telecho|telecho|B,1
2026-08-21 17:34:08,Korean Turbo Baccarat 1,telecho|telecho|B,0
2026-08-21 17:36:28,Speed Baccarat 16,niconico|dragon|B,1
2026-08-21 17:40:12,Baccarat 5,niconico|dragon|B,1
2026-08-21 17:41:41,Japanese Speed Baccarat 1,telecho|telecho|B,1
2026-08-21 17:46:33,Turbo Baccarat,telecho|telecho|B,0
2026-08-21 17:47:23,Korean Speed Baccarat 1,niconico|dragon|B,0
2026-08-21 17:50:25,Fortune 6 Baccarat,niconico|nikoichi|P,0
2026-08-21 17:51:58,Chinese Speed Baccarat 2,telecho|nikoichi|P,0
2026-08-21 17:57:08,Speed Baccarat 11,telecho|nikoichi|P,0
2026-08-21 17:58:10,Baccarat 9,telecho|telecho|B,1
2026-08-21 18:00:02,Indonesian Speed Baccarat 2,telecho|telecho|B,0
2026-08-21 18:07:07,Speed Baccarat 17,telecho|telecho|B,0
2026-08-21 18:25:00,Chinese Speed Baccarat 3,niconico|nikoichi|B,0
2026-08-21 18:33:32,Speed Baccarat 8,telecho|telecho|B,1
2026-08-21 18:34:44,Baccarat 9,telecho|telecho|B,1
2026-08-21 18:37:35,Baccarat 9,telecho|nikoichi|P,0
2026-08-21 18:48:07,Japanese Speed Baccarat 2,telecho|telecho|B,1
2026-08-21 18:49:27,Indonesian Speed Baccarat 1,niconico|nikoichi|P,0
2026-08-21 18:52:30,Speed Baccarat 1,telecho|nikoichi|P,0
2026-08-21 19:09:11,Baccarat 9,telecho|telecho|B,1
2026-08-21 19:10:02,Thai Baccarat 1,telecho|nikoichi|P,1
2026-08-21 19:10:33,Vietnamese Speed Baccarat 1,telecho|nikoichi|P,1
2026-08-21 19:12:47,Vietnamese Speed Baccarat 1,telecho|telecho|B,0
2026-08-21 19:17:54,Korean Baccarat 2,telecho|telecho|B,0
2026-08-21 19:19:34,Korean Baccarat 2,telecho|nikoichi|P,1
2026-08-21 19:22:13,Indonesian Speed Baccarat 1,niconico|nikoichi|P,1
2026-08-21 19:43:00,Speed Baccarat 6,telecho|nikoichi|P,0
2026-08-21 19:45:54,Baccarat 9,telecho|telecho|B,0
2026-08-21 19:51:42,STAKE SPEED BACCARAT,telecho|telecho|B,1
2026-08-21 20:25:07,Speed Baccarat 1,telecho|telecho|B,1
2026-08-21 20:35:32,Korean Baccarat 2,telecho|telecho|B,0
2026-08-21 20:36:09,Speed Baccarat 2,niconico|dragon|B,0
2026-08-21 20:42:17,Speed Baccarat 12,niconico|dragon|B,0
2026-08-21 20:46:20,Japanese Speed Baccarat 1,niconico|nikoichi|P,1
2026-08-21 21:22:27,Japanese Speed Baccarat 3,telecho|nikoichi|P,0
2026-08-21 21:22:35,Thai Speed Baccarat 2,telecho|telecho|B,0
2026-08-21 21:22:45,Fortune 6 Baccarat,telecho|telecho|B,1
2026-08-21 21:41:36,Speed Baccarat 6,telecho|telecho|B,0
2026-08-21 22:13:14,Vietnamese Speed Baccarat 3,telecho|telecho|B,1
2026-08-21 22:20:50,Japanese Speed Baccarat 3,telecho|nikoichi|P,1
2026-08-21 22:23:44,Speed Baccarat 11,telecho|nikoichi|P,1
2026-08-21 22:24:45,Korean Baccarat 2,telecho|telecho|B,1
2026-08-21 22:28:00,Korean Speed Baccarat 3,telecho|nikoichi|P,1
2026-08-21 22:33:59,Speed Baccarat 8,telecho|telecho|B,0
2026-08-21 22:47:39,Indonesian Speed Baccarat 2,telecho|telecho|B,1
2026-08-21 22:48:20,Thai Speed Baccarat 2,telecho|nikoichi|P,0
2026-08-21 22:50:38,Turbo Baccarat,telecho|telecho|B,1
2026-08-21 23:06:20,Speed Baccarat 18,telecho|telecho|B,1
2026-08-21 23:15:14,Speed Baccarat 6,telecho|telecho|B,0
2026-08-21 23:26:48,Korean Speed Baccarat 1,telecho|telecho|B,0
2026-08-21 23:47:47,Korean Speed Baccarat 1,niconico|nikoichi|B,0
2026-08-21 23:49:59,Thai Speed Baccarat 2,niconico|nikoichi|B,1
2026-08-21 23:50:41,Thai Speed Baccarat 2,niconico|nikoichi|P,1
2026-08-21 23:58:46,Baccarat 6,niconico|nikoichi|P,1
2026-08-22 00:10:12,Thai Baccarat 1,telecho|telecho|B,1
2026-08-22 00:22:25,Turbo Baccarat,sansan|telecho|P,1
2026-08-22 00:27:51,Speed Baccarat 12,telecho|telecho|B,1
2026-08-22 00:49:50,Baccarat 2,niconico|dragon|B,0
2026-08-22 00:52:41,Thai Baccarat 1,sansan|telecho|P,1
2026-08-22 00:55:39,Speed Baccarat 2,telecho|telecho|B,1
2026-08-22 01:10:51,Vietnamese Speed Baccarat 2,telecho|nikoichi|P,0
2026-08-22 01:21:28,Chinese Speed Baccarat 1,telecho|nikoichi|P,1
2026-08-22 01:27:06,STAKE SPEED BACCARAT,niconico|dragon|B,1
2026-08-22 01:36:11,Super 8 Baccarat,niconico|nikoichi|P,1
2026-08-22 02:02:17,Speed Baccarat 9,niconico|nikoichi|B,1
2026-08-22 02:05:52,Korean Baccarat 1,niconico|nikoichi|B,0
2026-08-22 02:12:46,Thai Speed Baccarat 2,telecho|telecho|B,1
2026-08-22 02:16:55,Vietnamese Speed Baccarat 2,niconico|nikoichi|B,1
2026-08-22 02:19:45,Japanese Speed Baccarat 3,telecho|telecho|B,1
2026-08-22 02:21:50,Baccarat 6,telecho|nikoichi|P,0
2026-08-22 02:58:45,Speed Baccarat 18,niconico|nikoichi|B,0
2026-08-22 03:01:55,Speed Baccarat 13,niconico|nikoichi|P,1
2026-08-22 03:22:49,Baccarat 2,telecho|telecho|B,0
2026-08-22 03:35:39,Chinese Speed Baccarat 3,niconico|nikoichi|B,0
2026-08-22 03:56:59,Speed Baccarat 16,niconico|dragon|B,0
2026-08-22 04:05:06,Korean Baccarat 1,niconico|nikoichi|P,0
2026-08-22 04:06:23,Speed Baccarat 6,telecho|telecho|B,1
2026-08-22 04:11:32,Super 8 Baccarat,niconico|dragon|B,0
2026-08-22 04:16:34,Vietnamese Speed Baccarat 1,niconico|dragon|B,1
2026-08-22 04:19:44,Speed Baccarat 16,niconico|dragon|B,0
2026-08-22 04:25:12,Speed Baccarat 12,niconico|dragon|B,0
2026-08-22 04:27:13,STAKE SPEED BACCARAT,telecho|telecho|B,1
2026-08-22 04:29:50,Thai Baccarat 1,telecho|nikoichi|P,0
2026-08-22 04:43:42,Thai Speed Baccarat 2,telecho|nikoichi|P,0
2026-08-22 04:48:39,Japanese Speed Baccarat 1,niconico|nikoichi|P,1
2026-08-22 04:57:20,STAKE SPEED BACCARAT,telecho|nikoichi|P,1
2026-08-22 05:07:44,Thai Baccarat 1,telecho|nikoichi|P,0
2026-08-22 05:16:39,Baccarat 2,niconico|dragon|B,1
2026-08-22 05:16:51,Baccarat 1,telecho|nikoichi|P,1
2026-08-22 05:41:25,Speed Baccarat 5,telecho|nikoichi|P,0
2026-08-22 06:13:46,Speed Baccarat 8,telecho|telecho|B,0
2026-08-22 06:15:29,Indonesian Speed Baccarat 1,telecho|telecho|B,1
2026-08-22 06:19:49,Baccarat 6,telecho|nikoichi|P,0
2026-08-22 06:38:11,Chinese Speed Baccarat 2,telecho|telecho|B,0
2026-08-22 06:43:48,Thai Speed Baccarat 2,telecho|nikoichi|P,0
2026-08-22 06:48:22,Korean Speed Baccarat 5,telecho|telecho|B,1
2026-08-22 06:50:51,Speed Baccarat 3,telecho|telecho|B,1
2026-08-22 07:03:04,Korean Turbo Baccarat 1,niconico|nikoichi|B,1
2026-08-22 07:09:18,Super 8 Baccarat,telecho|telecho|B,1
2026-08-22 07:53:31,Baccarat 1,niconico|dragon|B,1
2026-08-22 07:55:37,Speed Baccarat 6,telecho|nikoichi|P,1
2026-08-22 08:10:41,Speed Baccarat 9,sansan|telecho|P,1
2026-08-22 08:20:23,Speed Baccarat 3,telecho|nikoichi|P,0
2026-08-22 08:22:42,Baccarat 2,niconico|dragon|B,1
2026-08-22 08:27:44,Korean Speed Baccarat 3,niconico|dragon|B,0
2026-08-22 08:29:42,Japanese Speed Baccarat 1,telecho|telecho|B,0
2026-08-22 08:31:05,Speed Baccarat 11,niconico|dragon|B,0
2026-08-22 08:33:19,Turbo Baccarat,sansan|telecho|P,1
2026-08-22 09:02:14,Speed Baccarat 1,telecho|telecho|B,0
2026-08-22 09:09:41,Super 8 Baccarat,telecho|telecho|B,0
2026-08-22 09:15:39,Speed Baccarat 12,niconico|dragon|B,0
2026-08-22 09:34:45,Chinese Speed Baccarat 3,niconico|dragon|B,1
2026-08-22 09:37:55,Chinese Speed Baccarat 2,niconico|nikoichi|P,0
2026-08-22 09:51:52,Speed Baccarat 18,telecho|telecho|B,0
2026-08-22 09:57:41,Indonesian Speed Baccarat 2,niconico|dragon|B,1
2026-08-22 10:07:28,Korean Speed Baccarat 3,telecho|telecho|B,1
2026-08-22 10:15:41,Korean Speed Baccarat 5,telecho|telecho|B,1
2026-08-22 10:18:01,Korean Speed Baccarat 5,telecho|nikoichi|P,0
2026-08-22 10:32:59,Japanese Speed Baccarat 1,niconico|dragon|B,1
2026-08-22 10:33:29,Korean Baccarat 2,niconico|dragon|B,0
2026-08-22 10:38:35,Japanese Speed Baccarat 2,niconico|nikoichi|P,0
2026-08-22 10:38:59,Baccarat 6,telecho|nikoichi|P,1
2026-08-22 10:45:14,Speed Baccarat 12,telecho|telecho|B,0
2026-08-22 10:53:23,Korean Speed Baccarat 2,sansan|telecho|P,0
2026-08-22 11:02:58,Speed Baccarat 8,telecho|telecho|B,1
2026-08-22 11:09:04,Thai Baccarat 1,niconico|nikoichi|B,1
2026-08-22 11:12:13,Baccarat 6,telecho|telecho|B,0
2026-08-22 11:13:38,Baccarat 6,telecho|nikoichi|P,1
2026-08-22 11:16:17,Chinese Speed Baccarat 3,telecho|telecho|B,0
2026-08-22 11:19:53,Speed Baccarat 11,telecho|telecho|B,0
2026-08-22 11:28:48,STAKE SPEED BACCARAT,niconico|dragon|B,1
2026-08-22 11:34:50,Korean Baccarat 1,telecho|telecho|B,0
2026-08-22 11:36:16,Korean Baccarat 1,niconico|nikoichi|P,0
2026-08-22 11:41:55,Chinese Speed Baccarat 1,niconico|dragon|B,1
2026-08-22 11:51:30,Speed Baccarat 12,telecho|telecho|B,0
